order_id,order_date,customer_id,customer_name,age,gender,region,city,product_category,product_name,quantity,unit_price,discount_pct,sales_amount,profit,shipping_cost,payment_method,customer_satisfaction,return_flag,order_status,days_to_ship
3903,2024-08-15,32603,Aarav Mehta,39,Other,Central,Raipur,Groceries,Sugar,8,346.32,0.21,4043.14,289.18,56.04,Debit Card,3,True,Returned,7
2198,2022-08-16,7881,Sanjay Verma,28,Male,West,Mumbai,Beauty,Sunscreen,8,858.66,0.08,9147.31,5355.56,64.49,Debit Card,5,False,Delivered,2
1348,2021-08-29,49296,Pooja Sharma,41,Other,West,Surat,Furniture,Sofa,4,25941.32,0.14,110156.97,36956.51,67.65,Debit Card,4,False,Delivered,5
2076,2022-07-05,5587,Priya Reddy,29,Other,West,Ahmedabad,Furniture,Bed Frame,9,22071.92,0.17,262066.11,66644.99,54.47,Emi,3,False,Delivered,4
287,2020-05-07,58035,Ritu Sharma,9,Male,Central,Nagpur,Groceries,Cooking Oil,1,320.06,0.31,323.95,31.38,48.81,Net Banking,4,False,Pending,4
3954,2024-09-02,17187,Vikram Iyer,29,Male,West,Surat,Books,Self-Help Book,2,949.5,0.22,2202.33,964.66,62.42,Cash On Delivery,2,True,Returned,8
1412,2021-09-28,2453,Arjun Shah,31,Female,Central,Bhopal,Books,Self-Help Book,3,329.03,0.02,994.87,375.07,77.34,Credit Card,5,True,Returned,10
2911,2023-06-10,23285,Aditya Sharma,43,Female,North,Amritsar,Clothing,Saree,1,1356.6,0.01,2140.41,717.27,82.68,Upi,1,False,Delivered,4
465,2020-07-24,23609,Aditya Patel,44,Female,East,Patna,Books,Self-Help Book,8,495.77,0.37,2828.82,1338.88,84.5,Debit Card,1,False,Cancelled,10
105,2020-02-09,75337,Arjun Das,17,Female,East,Patna,Clothing,Kurta,9,2128.77,0.1,14568.16,4173.45,75.33,Upi,3,False,Delivered,8
362,2020-06-04,80340,Meera Mishra,51,Other,Central,Raipur,Furniture,Wardrobe,3,24460.8,0.15,86997.39,14762.22,60.11,Upi,1,False,Delivered,8
1701,2022-01-28,47772,Shreya Bose,14,Female,West,Ahmedabad,Groceries,Dal (1Kg),2,274.81,0.15,379.5,24.26,46.69,Emi,4,False,Delivered,4
2270,2022-09-14,31062,Vikram Pillai,15,Other,North,Ludhiana,Beauty,Lipstick,7,111.14,0.37,567.33,305.65,44.94,Net Banking,4,False,Delivered,9
3417,2024-01-21,83946,Karan Bose,29,Female,West,Pune,Books,Cook Book,10,1492.28,0.38,9315.19,4336.31,66.67,Debit Card,3,True,Returned,6
2532,2023-01-04,73360,Deepa Joshi,53,Male,South,Kochi,Clothing,T-Shirt,9,590.14,0.21,4824.04,2277.4,79.19,Emi,1,False,Delivered,4
3524,2024-03-10,50623,Deepa Mehta,30,Female,South,Kochi,Furniture,Chair,10,12138.87,0.15,144295.18,50995.28,49.93,Emi,3,False,Delivered,1
1814,2022-03-14,8792,Rahul Gupta,26,Male,South,Bangalore,Clothing,Dress,10,1706.05,0.04,17995.41,6453.4,89.15,Upi,5,False,Delivered,4
3257,2023-11-06,88256,Shreya Singh,15,Male,East,Guwahati,Electronics,Tablet,8,73558.44,0.4,315130.44,53808.65,82.71,Upi,3,False,Delivered,6
4171,2024-12-17,15084,Nikhil Mishra,43,Male,South,Kochi,Clothing,Jacket,5,3006.52,0.12,10622.32,4837.79,75.97,Credit Card,1,False,Delivered,5
49,2020-01-19,43401,Sanjay Bose,21,Other,North,Delhi,Furniture,Sofa,3,34890.63,0.29,64727.53,18067.63,40.97,Net Banking,5,False,Shipped,3
1978,2022-05-24,43165,Kavya Kumar,15,Other,South,Chennai,Electronics,Headphones,7,48577.53,0.07,483408.08,36816.91,57.45,Emi,2,False,Delivered,4
968,2021-03-17,41573,Sanjay Mishra,35,Female,South,Kochi,Sports,Dumbbells,8,7643.4,0.09,61783.2,10099.62,65.76,Credit Card,3,False,Delivered,8
2727,2023-03-28,68233,Rahul Joshi,22,Female,Central,Nagpur,Books,Comic Book,6,1467.54,0.29,7477.88,3606.99,50.88,Upi,3,False,Delivered,4
2986,2023-07-17,62795,Arjun Chatterjee,30,Male,South,Bangalore,Books,Self-Help Book,5,478.05,0.02,621.35,290.9,63.7,Cash On Delivery,2,False,Delivered,7
4158,2024-12-10,75042,Pooja Verma,44,Female,Central,Nagpur,Books,Self-Help Book,7,612.7,0.22,3224.82,991.03,55.8,Credit Card,5,False,Delivered,4
3913,2024-08-17,83779,Nikhil Bhat,31,Other,West,Surat,Sports,Football,9,3000.32,0.21,29267.25,6330.95,68.5,Upi,4,False,Delivered,9
1473,2021-10-25,33809,Sanjay Reddy,31,Other,West,Surat,Groceries,Cooking Oil,2,233.12,0.28,322.86,21.37,57.3,Cash On Delivery,3,False,Delivered,7
3795,2024-07-07,28954,Nikhil Bose,35,Female,Central,Bhopal,Clothing,T-Shirt,2,735.25,0.03,2477.72,795.65,74.95,Upi,5,False,Delivered,8
1275,2021-07-28,94413,Rahul Gupta,35,Male,Central,Indore,Electronics,Laptop,9,63147.82,0.14,671607.78,86070.79,60.5,Cash On Delivery,4,True,Returned,3
412,2020-07-01,88814,Rahul Kapoor,51,Other,West,Ahmedabad,Books,Comic Book,8,635.66,0.34,3704.84,1269.07,67.01,Cash On Delivery,1,False,Delivered,3
1848,2022-03-29,43339,Arjun Pillai,28,Male,South,Kochi,Sports,Cricket Bat,7,6478.95,0.22,43346.6,8443.99,69.59,Emi,1,False,Delivered,2
2684,2023-03-10,32875,Kavya Patel,41,Male,South,Kochi,Beauty,Hair Oil,3,1290.21,0.12,3690.09,1777.76,64.97,Cash On Delivery,3,False,Delivered,5
936,2021-02-27,82575,Kavya Pillai,29,Female,Central,Nagpur,Furniture,Bookshelf,1,33537.06,0.25,24565.06,5814.79,56.47,Debit Card,4,False,Delivered,2
3422,2024-01-23,58923,Deepa Pillai,20,Male,East,Guwahati,Electronics,Headphones,3,64874.09,0.02,177754.39,20320.94,79.56,Upi,1,False,Delivered,7
1505,2021-11-06,41623,Vikram Pillai,65,Other,North,Chandigarh,Books,Comic Book,4,1350.95,0.21,3635.51,1854.28,44.83,Credit Card,3,False,Delivered,2
4045,2024-10-22,10094,Rahul Sharma,26,Other,North,Amritsar,Electronics,Camera,3,68799.42,0.07,232621.97,36091.77,48.01,Upi,1,False,Delivered,7
2565,2023-01-17,71120,Ritu Nair,35,Male,North,Amritsar,Furniture,Sofa,3,31242.32,0.01,92924.36,27403.47,52.73,Debit Card,3,True,Returned,4
2031,2022-06-14,13864,Amit Kumar,30,Other,Central,Bhopal,Books,Comic Book,5,1431.29,0.04,1929.4,819.7,70.38,Credit Card,5,True,Returned,8
3773,2024-06-30,34644,Ananya Patel,27,Male,South,Bangalore,Clothing,Jeans,3,1621.83,0.4,4851.55,1799.06,67.23,Credit Card,2,False,Delivered,4
25,2020-01-10,91373,Karan Iyer,52,Female,West,Mumbai,Books,Cook Book,10,324.41,0.32,1810.18,903.99,48.24,Upi,3,False,Delivered,4
2868,2023-05-31,17518,Sanjay Shah,42,Female,Central,Indore,Furniture,Wardrobe,6,20242.36,0.04,191398.26,59116.34,83.75,Credit Card,2,False,Delivered,9
1993,2022-05-30,20457,Vikram Kumar,40,Other,North,Ludhiana,Sports,Tennis Racket,9,14422.23,0.21,145427.41,40739.98,58.92,Emi,5,False,Delivered,1
415,2020-07-01,39948,Nikhil Kapoor,34,Female,North,Chandigarh,Furniture,Desk,2,33115.91,0.28,53911.88,13232.77,39.83,Emi,5,False,Delivered,1
2867,2023-05-31,70575,Aditya Reddy,49,Female,North,Amritsar,Sports,Cricket Bat,8,3917.74,0.27,36596.17,11271.87,60.71,Cash On Delivery,3,False,Delivered,8
757,2020-12-09,29818,Meera Gupta,34,Female,South,Kochi,Furniture,Bookshelf,4,11267.5,0.2,24230.41,7321.53,70.73,Upi,4,False,Delivered,1
3357,2023-12-23,53286,Kavya Verma,34,Male,East,Patna,Beauty,Face Cream,5,2497.1,0.37,6596.23,2649.2,61.27,Cash On Delivery,1,False,Shipped,5
2282,2022-09-18,94046,Ananya Nair,38,Other,Central,Raipur,Electronics,Camera,5,11463.02,0.34,44107.0,3355.55,36.32,Cash On Delivery,5,False,Delivered,10
4111,2024-11-22,99588,Meera Kumar,57,Female,Central,Indore,Books,Comic Book,7,785.67,0.12,4582.79,2037.5,63.64,Credit Card,3,False,Delivered,2
707,2020-11-16,43806,Nikhil Reddy,36,Female,North,Ludhiana,Clothing,Jeans,2,1557.26,0.13,1859.03,840.29,50.66,Emi,2,False,Delivered,10
1870,2022-04-05,73941,Aditya Mehta,48,Male,East,Bhubaneswar,Groceries,Cooking Oil,2,393.55,0.02,1057.65,87.14,87.03,Debit Card,1,False,Delivered,1
1047,2021-04-20,61067,Meera Chatterjee,34,Female,North,Ludhiana,Sports,Football,5,8244.31,0.12,49710.43,13744.26,51.59,Cash On Delivery,1,False,Delivered,4
1968,2022-05-20,46310,Sanjay Kapoor,28,Male,East,Guwahati,Books,Comic Book,5,1063.62,0.16,6991.06,2963.48,62.28,Upi,3,False,Delivered,5
3033,2023-08-05,52453,Vikram Shah,34,Other,North,Amritsar,Groceries,Sugar,7,315.62,0.28,2026.01,104.43,72.63,Credit Card,5,False,Delivered,7
2831,2023-05-17,55922,Aditya Pillai,51,Female,West,Ahmedabad,Beauty,Lipstick,1,697.15,0.18,867.37,335.66,48.84,Debit Card,3,False,Pending,10
489,2020-08-03,85726,Ritu Verma,34,Male,Central,Raipur,Electronics,Tablet,2,52363.15,0.25,89225.91,14474.33,45.26,Net Banking,2,False,Pending,9
364,2020-06-04,12024,Shreya Kumar,37,Male,West,Surat,Sports,Football,3,2684.91,0.15,9541.81,2543.29,67.28,Net Banking,2,False,Delivered,9
3081,2023-08-22,1739,Rohan Nair,42,Female,North,Amritsar,Books,Fiction Novel,4,889.6,0.36,3597.1,1076.91,58.16,Credit Card,3,True,Returned,3
357,2020-06-02,75375,Priya Joshi,41,Female,Central,Nagpur,Clothing,Jeans,2,1548.43,0.38,2480.54,866.5,49.01,Emi,1,False,Delivered,45
3752,2024-06-22,35687,Deepa Nair,42,Other,West,Surat,Books,Comic Book,1,787.78,0.15,1146.29,520.99,47.1,Credit Card,2,False,Delivered,9
117,2020-02-12,33188,Sanjay Joshi,48,Female,South,Kochi,Sports,Cycle,3,6047.51,0.08,13365.94,2741.49,36.15,Debit Card,4,False,Delivered,3
225,2020-04-08,97307,Ritu Gupta,37,Male,Central,Nagpur,Sports,Tennis Racket,1,5935.12,0.08,6293.66,1165.63,47.97,Credit Card,5,False,Delivered,7
1273,2021-07-28,699,Shreya Nair,51,Female,West,Pune,Books,Textbook,5,1490.57,0.13,1761.29,922.64,65.57,Emi,1,False,Delivered,7
1912,2022-04-25,2114,Ananya Verma,34,Male,South,Chennai,Clothing,T-Shirt,2,1244.43,0.23,2660.47,1061.94,75.05,Net Banking,5,False,Delivered,2
2247,2022-09-07,68290,Karan Kapoor,38,Other,North,Chandigarh,Furniture,Chair,2,22082.21,0.21,51389.35,9844.24,70.14,Debit Card,1,False,Pending,7
966,2021-03-17,15832,Aarav Pillai,22,Other,East,Kolkata,Electronics,Laptop,4,11157.11,0.38,32774.69,3797.24,55.14,Credit Card,1,True,Returned,8
879,2021-02-02,52790,Deepa Pillai,17,Other,East,Kolkata,Books,Comic Book,7,914.96,0.36,3687.74,1423.3,77.84,Upi,3,False,Delivered,5
1339,2021-08-24,94587,Aditya Gupta,32,Male,North,Chandigarh,Clothing,Jacket,5,1008.19,0.27,4205.92,1377.84,53.22,Upi,1,False,Delivered,4
3248,2023-11-04,43818,Arjun Bhat,30,Male,South,Kochi,Clothing,Saree,7,2102.17,0.13,11565.64,3358.13,62.02,Net Banking,3,False,Shipped,8
99,2020-02-08,15599,Karan Shah,33,Other,West,Pune,Furniture,Chair,9,22687.65,0.33,117568.37,33050.92,45.04,Net Banking,3,False,Delivered,2
849,2021-01-21,59483,Nisha Shah,26,Other,North,Ludhiana,Electronics,Smartwatch,10,57148.46,0.06,443615.41,48368.13,33.07,Emi,1,True,Returned,6
2850,2023-05-26,30753,Deepa Chatterjee,28,Male,North,Chandigarh,Furniture,Bookshelf,5,5493.74,0.2,6967.21,1809.32,49.0,Credit Card,1,False,Delivered,5
3177,2023-10-05,99258,Ananya Joshi,45,Other,Central,Raipur,Furniture,Sofa,2,7616.64,0.34,11304.13,3661.21,29.23,Net Banking,4,False,Delivered,1
2058,2022-06-27,44617,Nikhil Reddy,21,Other,South,Bangalore,Furniture,Desk,8,3549.62,0.22,30702.91,10062.41,77.82,Emi,5,True,Returned,5
3092,2023-08-29,21970,Rahul Verma,34,Other,East,Bhubaneswar,Electronics,Headphones,3,15632.25,0.34,44298.79,4132.26,65.5,Upi,5,False,Delivered,1
2241,2022-09-04,64655,Kavya Patel,21,Female,East,Guwahati,Electronics,Headphones,4,41499.34,0.0,175476.12,19809.16,73.44,Debit Card,4,False,Shipped,1
1278,2021-07-31,65126,Arjun Mishra,48,Other,East,Bhubaneswar,Clothing,Kurta,5,3288.5,0.01,4673.02,1513.25,103.27,Cash On Delivery,3,False,Delivered,4
3281,2023-11-17,21469,Shreya Nair,43,Other,North,Amritsar,Sports,Football,4,3010.43,0.27,8396.79,1584.03,51.24,Cash On Delivery,3,False,Delivered,6
11,2020-01-03,64950,Nisha Mehta,23,Female,South,Hyderabad,Furniture,Sofa,8,22523.15,0.34,95036.79,29818.97,65.72,Emi,2,False,Delivered,5
58,2020-01-22,60127,Ritu Kapoor,16,Other,South,Bangalore,Books,Textbook,4,363.32,0.07,1026.5,410.28,89.93,Emi,5,False,Shipped,5
2876,2023-06-02,23195,Aditya Sharma,34,Female,West,Surat,Furniture,Wardrobe,3,31229.73,0.32,100210.97,34252.99,53.79,Emi,5,False,Pending,3
2210,2022-08-21,53700,Ananya Shah,49,Female,South,Chennai,Furniture,Chair,3,25395.64,0.3,82667.82,28762.52,86.28,Upi,4,False,Delivered,5
1057,2021-04-22,83911,Aditya Das,27,Male,North,Chandigarh,Groceries,Dal (1Kg),3,457.68,0.26,1159.07,84.35,72.86,Cash On Delivery,3,False,Delivered,2
2900,2023-06-07,23268,Deepa Das,31,Female,South,Chennai,Books,Self-Help Book,1,715.84,0.24,937.54,470.99,59.5,Credit Card,2,False,Delivered,4
4048,2024-10-23,20477,Sanjay Verma,34,Female,East,Guwahati,Sports,Football,4,9803.0,0.33,32120.84,6215.4,88.57,Upi,4,False,Cancelled,6
402,2020-06-21,55018,Vikram Nair,37,Other,South,Chennai,Electronics,Headphones,5,28892.57,0.07,205453.46,25286.68,84.72,Debit Card,5,False,Delivered,6
1747,2022-02-14,14531,Meera Gupta,27,Male,North,Ludhiana,Furniture,Wardrobe,9,14001.85,0.05,118164.26,40660.47,55.44,Upi,1,True,Returned,1
593,2020-09-22,21963,Priya Bhat,38,Other,Central,Bhopal,Furniture,Wardrobe,8,30292.85,0.29,173004.24,45465.04,51.64,Emi,3,False,Delivered,5
4017,2024-10-03,2198,Meera Singh,34,Male,East,Kolkata,Sports,Tennis Racket,2,2854.89,0.06,6360.16,1203.75,86.84,Upi,3,False,Delivered,9
2956,2023-07-04,64061,Rohan Pillai,10,Other,South,Chennai,Clothing,T-Shirt,9,1340.2,0.38,12757.93,3852.39,105.03,Cash On Delivery,3,False,Cancelled,4
634,2020-10-11,1277,Sanjay Iyer,22,Female,West,Surat,Furniture,Bookshelf,7,34455.92,0.28,149044.86,39164.43,54.2,Debit Card,3,False,Delivered,7
3084,2023-08-25,97761,Rahul Verma,25,Female,East,Bhubaneswar,Books,Self-Help Book,10,755.47,0.04,10570.33,4011.83,94.06,Credit Card,3,False,Cancelled,5
1699,2022-01-28,22943,Nisha Shah,42,Male,North,Amritsar,Sports,Tennis Racket,10,6054.48,0.06,48184.42,9832.73,59.24,Credit Card,1,True,Returned,6
1353,2021-09-01,45393,Shreya Reddy,42,Male,South,Hyderabad,Furniture,Desk,10,8753.12,0.28,73335.01,17930.25,87.75,Emi,5,False,Delivered,8
2391,2022-11-01,63245,Ananya Verma,29,Male,Central,Indore,Books,Textbook,4,1320.32,0.01,4535.42,950.65,39.09,Debit Card,3,False,Delivered,5
729,2020-11-30,88249,Karan Das,33,Female,West,Surat,Books,Cook Book,8,707.31,0.15,3730.16,1635.73,65.92,Net Banking,4,False,Delivered,9
3692,2024-05-22,93738,Rohan Gupta,34,Male,North,Delhi,Groceries,Dal (1Kg),5,309.97,0.04,2672.61,214.05,37.34,Cash On Delivery,5,False,Shipped,4
1385,2021-09-18,85642,Priya Singh,42,Other,East,Kolkata,Sports,Cricket Bat,8,12223.45,0.4,62483.59,10563.05,68.51,Net Banking,4,False,Delivered,7
2434,2022-11-20,85190,Nikhil Patel,45,Other,West,Surat,Electronics,Tablet,4,73017.83,0.22,192150.99,23288.67,32.14,Credit Card,3,False,Delivered,8
158,2020-03-07,56042,Deepa Rao,35,Female,East,Bhubaneswar,Furniture,Desk,8,25624.31,0.12,188109.47,45753.79,65.63,Credit Card,1,False,Delivered,3
857,2021-01-25,59535,Vikram Gupta,49,Male,Central,Nagpur,Beauty,Hair Oil,4,521.44,0.14,1538.13,492.45,50.42,Upi,1,False,Pending,10
3406,2024-01-15,62905,Vikram Iyer,41,Other,Central,Raipur,Clothing,Saree,6,3871.22,0.33,16031.48,5072.13,43.12,Debit Card,4,False,Delivered,3
2843,2023-05-24,4791,Rahul Verma,24,Other,West,Mumbai,Books,Self-Help Book,8,579.77,0.36,3954.73,2230.94,42.6,Debit Card,3,False,Delivered,7
1014,2021-04-04,62653,Nikhil Mishra,26,Male,North,Amritsar,Groceries,Cooking Oil,1,116.68,0.06,118.23,9.75,47.55,Credit Card,1,False,Delivered,8
2991,2023-07-19,1027,Nikhil Reddy,34,Other,North,Delhi,Groceries,Rice (5Kg),4,161.52,0.17,815.36,66.15,45.84,Net Banking,4,False,Cancelled,8
1087,2021-05-06,29357,Meera Nair,33,Other,West,Pune,Books,Textbook,7,1042.98,0.3,7120.16,2589.16,61.15,Debit Card,2,True,Returned,4
943,2021-03-02,48937,Nisha Iyer,14,Female,Central,Indore,Clothing,Jeans,3,3314.25,0.1,9673.58,3783.0,52.17,Upi,3,False,Shipped,8
3731,2024-06-15,46976,Nikhil Sharma,11,Male,East,Patna,Electronics,Tablet,3,48747.69,0.29,172382.02,22319.7,42.24,Net Banking,5,False,Delivered,6
2485,2022-12-14,69585,Sunita Joshi,12,Male,West,Ahmedabad,Books,Cook Book,9,1471.74,0.05,10167.9,5411.76,50.89,Cash On Delivery,4,False,Delivered,7
2773,2023-04-16,69945,Rahul Das,36,Male,West,Surat,Electronics,Laptop,8,27632.84,0.08,295286.41,33436.12,20.29,Net Banking,3,False,Delivered,7
1093,2021-05-08,80149,Pooja Mishra,37,Other,West,Mumbai,Sports,Cycle,7,11542.97,0.16,97177.38,24424.83,53.27,Emi,1,True,Returned,7
101,2020-02-08,45487,Sunita Joshi,34,Other,West,Pune,Books,Cook Book,8,1325.02,0.09,8717.89,3265.49,41.67,Debit Card,2,False,Cancelled,5
3804,2024-07-12,42902,Rahul Kumar,50,Other,South,Hyderabad,Groceries,Sugar,5,84.21,0.13,125.78,8.9,47.91,Cash On Delivery,4,False,Delivered,2
2873,2023-06-01,7917,Nikhil Nair,34,Male,East,Guwahati,Sports,Football,6,5611.57,0.2,37888.42,6107.6,97.42,Credit Card,5,False,Delivered,2
3342,2023-12-16,26677,Rahul Chatterjee,45,Female,Central,Raipur,Groceries,Tea,9,312.53,0.35,1437.0,155.73,48.28,Cash On Delivery,4,False,Shipped,5
4177,2024-12-21,44560,Amit Verma,49,Female,South,Bangalore,Sports,Dumbbells,2,13057.02,0.35,14206.67,3578.76,69.31,Credit Card,5,False,Delivered,10
2805,2023-05-01,85937,Deepa Verma,31,Male,South,Hyderabad,Clothing,Saree,7,3482.32,0.35,26908.32,8716.81,68.92,Upi,4,False,Delivered,7
918,2021-02-17,67405,Meera Pillai,48,Male,Central,Indore,Sports,Cycle,3,11359.59,0.01,30752.81,7374.96,41.65,Debit Card,1,False,Delivered,8
759,2020-12-10,23197,Amit Patel,28,Other,Central,Nagpur,Sports,Tennis Racket,5,5242.77,0.31,13993.35,2992.91,74.58,Emi,1,True,Returned,5
86,2020-02-03,63884,Amit Das,29,Female,West,Ahmedabad,Furniture,Chair,10,9468.07,0.32,57174.24,15202.22,40.98,Emi,3,False,Delivered,2
793,2020-12-28,49838,Sunita Gupta,37,Other,South,Bangalore,Groceries,Flour,8,491.76,0.08,2780.1,223.65,61.84,Upi,2,False,Delivered,4
1894,2022-04-16,28783,Rohan Shah,42,Male,East,Bhubaneswar,Beauty,Perfume,7,2235.02,0.37,11756.21,7295.66,68.83,Upi,1,True,Returned,8
4109,2024-11-20,36614,Shreya Pillai,27,Other,East,Guwahati,Books,Comic Book,9,1324.57,0.38,7683.45,2086.59,82.14,Upi,4,False,Delivered,4
2963,2023-07-07,21979,Sanjay Singh,54,Male,North,Chandigarh,Sports,Cricket Bat,1,9949.47,0.06,13501.36,3908.34,42.57,Upi,3,False,Delivered,5
2212,2022-08-23,44717,Meera Chatterjee,34,Male,East,Kolkata,Electronics,Headphones,6,45624.04,0.24,274607.48,23542.83,97.97,Upi,4,False,Delivered,7
2836,2023-05-19,76017,Arjun Chatterjee,37,Female,Central,Bhopal,Furniture,Bookshelf,10,7630.7,0.21,99978.26,21558.18,46.42,Cash On Delivery,5,False,Cancelled,8
409,2020-06-27,97162,Sanjay Mehta,46,Female,East,Bhubaneswar,Sports,Cricket Bat,1,4889.3,0.16,5849.95,1406.77,63.96,Net Banking,1,False,Delivered,6
528,2020-08-21,94563,Amit Das,56,Male,East,Bhubaneswar,Clothing,Dress,5,2614.79,0.12,12884.93,2796.07,55.45,Credit Card,4,True,Returned,9
268,2020-04-27,64785,Sunita Reddy,32,Female,West,Mumbai,Books,Cook Book,7,257.18,0.29,1452.88,604.81,60.36,Credit Card,1,False,Cancelled,5
2778,2023-04-17,21931,Kavya Mehta,34,Female,West,Surat,Books,Textbook,8,337.73,0.38,2495.05,1142.99,48.99,Cash On Delivery,5,True,Returned,6
948,2021-03-05,85939,Nikhil Patel,47,Female,North,Amritsar,Furniture,Chair,6,29194.28,0.36,144911.63,54404.2,64.14,Credit Card,3,False,Delivered,9
3678,2024-05-16,45890,Ritu Patel,16,Male,West,Mumbai,Electronics,Camera,4,20489.54,0.01,161033.98,22669.85,73.53,Cash On Delivery,1,False,Pending,4
1310,2021-08-11,84751,Vikram Kumar,14,Male,South,Kochi,Sports,Yoga Mat,2,11904.59,0.18,25494.32,6649.59,66.45,Emi,5,False,Delivered,2
672,2020-10-31,71562,Rahul Bhat,35,Female,West,Ahmedabad,Electronics,Camera,5,49817.06,0.28,167889.68,16722.18,42.95,Upi,3,False,Pending,3
4060,2024-10-26,99521,Kavya Pillai,42,Other,West,Ahmedabad,Furniture,Sofa,4,10887.68,0.14,46926.73,14349.22,57.18,Emi,3,False,Delivered,6
1996,2022-06-01,48253,Meera Kumar,36,Male,North,Chandigarh,Clothing,Saree,5,451.03,0.19,2632.07,1165.89,23.32,Net Banking,5,False,Delivered,10
1584,2021-12-09,51398,Karan Bose,36,Female,North,Delhi,Books,Self-Help Book,3,586.88,0.33,916.67,373.51,36.45,Emi,4,False,Delivered,1
1026,2021-04-09,78889,Nikhil Joshi,24,Other,South,Chennai,Sports,Football,10,6806.6,0.36,39614.95,7458.02,66.29,Credit Card,5,False,Delivered,7
3309,2023-12-01,44030,Aditya Iyer,34,Male,West,Mumbai,Clothing,Jeans,3,3608.42,0.29,6927.13,1997.74,54.98,Cash On Delivery,5,False,Delivered,9
1973,2022-05-22,45923,Ananya Rao,22,Male,West,Ahmedabad,Electronics,Headphones,2,72469.02,0.38,127833.79,12280.09,49.21,Net Banking,4,False,Cancelled,1
3390,2024-01-06,51656,Kavya Singh,20,Other,West,Pune,Electronics,Laptop,3,42514.99,0.06,111205.03,13533.76,59.07,Emi,5,False,Cancelled,5
540,2020-08-26,59198,Priya Das,29,Other,East,Patna,Beauty,Face Cream,5,1644.33,0.31,1186.66,470.96,68.12,Cash On Delivery,5,True,Returned,2
1905,2022-04-21,28422,Ananya Nair,35,Female,West,Pune,Books,Cook Book,5,540.77,0.28,2814.83,1625.95,54.23,Emi,5,False,Delivered,7
422,2020-07-06,44523,Priya Sharma,35,Other,South,Bangalore,Clothing,Jacket,2,539.35,0.23,1124.22,289.25,64.96,Cash On Delivery,5,False,Delivered,8
3365,2023-12-29,3410,Sunita Das,34,Female,East,Patna,Electronics,Smartphone,9,30674.09,0.39,159421.61,15597.31,76.43,Cash On Delivery,3,False,Delivered,2
2069,2022-07-02,3769,Sunita Mishra,32,Female,South,Kochi,Clothing,Saree,8,3278.48,0.21,39736.74,15719.62,80.96,Credit Card,3,False,Delivered,1
2723,2023-03-27,8867,Nisha Kapoor,12,Other,Central,Raipur,Electronics,Tablet,2,69342.57,0.08,154630.39,18946.95,47.74,Net Banking,2,False,Delivered,6
73,2020-01-28,44662,Ananya Nair,34,Male,North,Delhi,Sports,Dumbbells,4,12945.28,0.13,31129.56,7042.29,65.38,Credit Card,5,False,Delivered,4
2497,2022-12-19,57740,Sunita Verma,19,Male,East,Kolkata,Furniture,Bookshelf,5,29767.34,0.16,92126.76,24089.4,72.23,Cash On Delivery,3,False,Cancelled,6
3163,2023-10-01,87976,Amit Singh,29,Male,North,Chandigarh,Sports,Cricket Bat,3,14810.59,0.08,44578.62,10260.62,65.69,Cash On Delivery,3,False,Delivered,5
3997,2024-09-22,57164,Karan Reddy,36,Male,East,Bhubaneswar,Beauty,Sunscreen,4,2333.1,0.22,11296.75,4828.37,72.08,Upi,3,True,Returned,10
2268,2022-09-14,89600,Aarav Joshi,51,Male,South,Chennai,Sports,Football,2,13833.36,0.06,30150.8,8534.61,40.57,Net Banking,3,False,Delivered,8
1535,2021-11-19,92130,Sunita Shah,34,Other,Central,Nagpur,Furniture,Chair,5,9804.75,0.09,36117.01,8077.49,70.12,Upi,1,False,Delivered,5
2522,2022-12-31,79852,Nisha Kapoor,26,Male,West,Pune,Books,Textbook,3,1379.58,0.06,3040.53,976.28,64.67,Net Banking,4,False,Shipped,4
2356,2022-10-16,40158,Kavya Pillai,36,Male,South,Chennai,Furniture,Chair,8,33543.43,0.22,218733.7,59861.82,56.8,Emi,2,False,Delivered,8
3607,2024-04-19,69333,Pooja Iyer,31,Female,South,Bangalore,Beauty,Perfume,6,1423.12,0.11,10606.52,4315.91,75.2,Cash On Delivery,4,True,Returned,4
1868,2022-04-04,5359,Aditya Mehta,26,Female,East,Kolkata,Electronics,Camera,8,64439.74,0.23,542100.67,80671.01,103.41,Debit Card,1,False,Delivered,3
888,2021-02-04,27547,Shreya Gupta,49,Male,South,Chennai,Electronics,Smartwatch,10,72812.39,0.29,520084.41,94437.03,76.77,Net Banking,2,True,Returned,10
1208,2021-06-29,72453,Arjun Joshi,31,Male,South,Hyderabad,Furniture,Chair,6,3208.32,0.25,24685.74,5146.1,81.25,Upi,4,False,Pending,0
2771,2023-04-14,213,Ritu Reddy,47,Male,East,Kolkata,Beauty,Sunscreen,8,415.72,0.01,4769.26,1796.21,54.55,Emi,3,False,Delivered,5
591,2020-09-21,49777,Pooja Shah,33,Female,South,Hyderabad,Groceries,Tea,1,389.24,0.23,313.86,22.71,66.8,Net Banking,5,False,Delivered,10
3777,2024-07-01,77207,Sanjay Joshi,25,Female,North,Ludhiana,Books,Self-Help Book,5,1486.09,0.11,1967.1,719.18,43.92,Cash On Delivery,1,False,Delivered,1
3456,2024-02-08,58295,Sunita Iyer,38,Male,East,Kolkata,Electronics,Smartwatch,4,15346.11,0.06,67060.7,9998.89,93.55,Cash On Delivery,2,False,Delivered,6
3788,2024-07-04,59409,Sanjay Rao,49,Male,Central,Raipur,Books,Biography,8,1499.77,0.37,11632.7,4863.95,68.32,Upi,5,False,Delivered,6
1031,2021-04-11,25835,Pooja Shah,26,Male,South,Bangalore,Books,Fiction Novel,9,816.35,0.12,7711.33,3255.0,81.14,Upi,5,True,Returned,3
3205,2023-10-18,12676,Meera Iyer,40,Male,East,Bhubaneswar,Sports,Dumbbells,7,12597.24,0.11,77124.12,20197.94,79.69,Net Banking,4,False,Delivered,8
3330,2023-12-11,18271,Pooja Chatterjee,34,Male,West,Pune,Clothing,Jeans,3,1850.1,0.03,4811.57,1286.23,78.13,Emi,2,False,Delivered,10
3149,2023-09-27,52921,Vikram Nair,18,Female,East,Patna,Clothing,Dress,10,2309.23,0.02,28827.02,8270.8,94.75,Cash On Delivery,3,False,Delivered,5
490,2020-08-04,642,Kavya Das,40,Male,South,Chennai,Furniture,Wardrobe,5,12250.19,0.32,45443.23,11573.16,71.75,Emi,3,False,Delivered,6
653,2020-10-20,35559,Ritu Nair,22,Female,Central,Nagpur,Books,Textbook,3,835.42,0.33,1423.3,458.44,55.32,Cash On Delivery,5,False,Delivered,1
1457,2021-10-22,96946,Sunita Sharma,53,Other,South,Chennai,Electronics,Headphones,9,62284.37,0.36,295233.56,40519.72,81.15,Credit Card,3,False,Delivered,8
3779,2024-07-02,68889,Vikram Chatterjee,56,Other,North,Ludhiana,Books,Fiction Novel,2,493.07,0.4,1034.25,466.16,79.96,Net Banking,5,False,Delivered,5
1596,2021-12-14,72370,Priya Verma,34,Other,North,Delhi,Sports,Dumbbells,2,4486.05,0.21,5037.77,1061.82,70.4,Upi,4,False,Delivered,6
928,2021-02-23,88225,Pooja Mishra,37,Female,South,Hyderabad,Clothing,Dress,2,2323.11,0.1,3708.79,1138.78,85.32,Net Banking,2,False,Delivered,7
710,2020-11-19,57843,Meera Nair,51,Female,East,Bhubaneswar,Books,Fiction Novel,10,331.1,0.39,1477.96,435.14,84.94,Cash On Delivery,5,False,Delivered,7
3999,2024-09-23,81465,Rohan Pillai,38,Male,Central,Indore,Groceries,Flour,5,195.29,0.16,1055.1,81.38,32.28,Credit Card,3,False,Cancelled,5
1536,2021-11-20,55972,Rohan Kumar,47,Male,West,Surat,Clothing,Kurta,10,1224.47,0.4,5546.22,2019.44,52.99,Debit Card,1,False,Delivered,6
3376,2023-12-31,86469,Aarav Mehta,43,Other,South,Hyderabad,Beauty,Lipstick,7,1828.2,0.21,9118.63,3919.89,72.63,Credit Card,4,False,Delivered,1
542,2020-08-29,19508,Arjun Rao,28,Male,West,Pune,Electronics,Smartwatch,0,9189.44,0.19,8306.29,916.95,59.91,Debit Card,4,False,Delivered,5
273,2020-05-01,92554,Nisha Joshi,34,Other,West,Pune,Electronics,Laptop,8,74156.48,0.02,789939.57,58250.48,75.8,Credit Card,5,False,Delivered,2
3823,2024-07-21,65889,Priya Verma,52,Female,Central,Indore,Groceries,Sugar,6,462.8,0.2,3702.45,265.28,81.01,Cash On Delivery,4,False,Delivered,7
2004,2022-06-03,71669,Nikhil Singh,17,Other,West,Mumbai,Books,Self-Help Book,4,664.43,0.18,2827.28,858.56,89.26,Net Banking,3,False,Delivered,8
4015,2024-10-01,50530,Nikhil Patel,36,Male,North,Amritsar,Furniture,Bed Frame,5,16493.24,0.1,95102.09,29222.3,63.55,Cash On Delivery,5,False,Delivered,6
1540,2021-11-20,28110,Kavya Rao,28,Male,North,Delhi,Clothing,Jeans,9,577.16,0.35,2706.28,896.42,45.41,Upi,3,True,Returned,2
3094,2023-08-30,98803,Vikram Joshi,42,Male,South,Kochi,Furniture,Bed Frame,6,21712.77,0.14,157859.91,48496.37,62.68,Emi,2,False,Cancelled,9
3859,2024-08-03,22956,Deepa Chatterjee,32,Other,West,Surat,Beauty,Hair Oil,5,2341.12,0.07,14424.73,7388.44,70.78,Credit Card,3,True,Returned,3
1861,2022-04-01,8538,Shreya Kapoor,33,Male,West,Surat,Beauty,Lipstick,3,992.1,0.25,3344.42,1765.61,59.26,Credit Card,3,False,Cancelled,4
2147,2022-07-31,10089,Vikram Bhat,47,Other,East,Patna,Clothing,Saree,2,3551.33,0.03,9440.78,3804.23,97.74,Net Banking,3,False,Delivered,8
3452,2024-02-05,47815,Aditya Shah,34,Female,North,Delhi,Sports,Tennis Racket,2,9159.84,0.21,17159.15,4525.93,58.04,Emi,4,False,Delivered,4
1640,2021-12-31,78194,Shreya Mishra,58,Male,West,Mumbai,Sports,Yoga Mat,3,726.67,0.34,1042.72,281.95,34.18,Cash On Delivery,1,False,Shipped,9
2680,2023-03-06,75386,Rohan Mishra,14,Male,East,Guwahati,Electronics,Headphones,3,65257.11,0.2,196362.97,27495.56,51.41,Upi,1,True,Returned,4
3902,2024-08-14,28307,Nisha Bhat,48,Other,Central,Indore,Books,Self-Help Book,6,797.16,0.34,4735.21,1174.59,15.7,Cash On Delivery,4,False,Shipped,2
3310,2023-12-02,44114,Aditya Mehta,36,Female,North,Ludhiana,Sports,Cricket Bat,5,11000.34,0.04,9272.71,1339.4,62.5,Net Banking,1,False,Cancelled,2
280,2020-05-03,544,Sanjay Joshi,26,Male,North,Ludhiana,Books,Textbook,10,1346.41,0.24,12502.33,5924.88,55.15,Upi,1,False,Pending,2
3732,2024-06-15,93241,Nikhil Patel,31,Female,North,Chandigarh,Clothing,Jeans,10,1828.09,0.4,18651.13,4543.72,54.66,Upi,5,False,Delivered,10
1188,2021-06-18,64503,Vikram Gupta,27,Other,Central,Raipur,Furniture,Wardrobe,5,27399.66,0.38,132575.91,31097.38,50.34,Net Banking,3,False,Delivered,4
2746,2023-04-03,71887,Nisha Kapoor,30,Other,East,Bhubaneswar,Books,Textbook,10,1221.02,0.17,15191.82,5083.3,86.46,Emi,5,False,Pending,4
2871,2023-05-31,88518,Aditya Bose,58,Female,South,Hyderabad,Electronics,Headphones,5,26851.1,0.03,218111.79,24902.1,72.55,Upi,2,False,Delivered,2
3298,2023-11-26,82100,Pooja Kapoor,34,Female,West,Surat,Sports,Football,3,11118.32,0.3,22974.82,4866.53,53.21,Net Banking,4,True,Returned,9
693,2020-11-09,90563,Rahul Kumar,31,Male,North,Delhi,Beauty,Hair Oil,10,1973.78,0.07,14584.96,5325.39,34.79,Credit Card,4,False,Delivered,8
2945,2023-06-30,19434,Aarav Das,28,Other,East,Guwahati,Furniture,Bed Frame,9,12800.64,0.3,120310.49,28867.05,77.17,Cash On Delivery,5,False,Delivered,7
291,2020-05-08,36091,Meera Mehta,43,Other,North,Delhi,Electronics,Laptop,5,16919.29,0.06,117489.88,14930.93,59.99,Upi,5,True,Returned,10
2931,2023-06-23,81737,Ananya Joshi,36,Other,West,Surat,Beauty,Shampoo,8,1976.85,0.3,17609.1,8544.51,81.44,Debit Card,4,False,Delivered,6
530,2020-08-22,91144,Sanjay Iyer,29,Male,East,Patna,Beauty,Lipstick,1,357.7,0.24,286.61,137.45,95.23,Credit Card,3,False,Delivered,1
1920,2022-04-29,28329,Vikram Sharma,28,Male,West,Mumbai,Groceries,Sugar,10,321.34,0.16,4232.71,408.89,47.89,Credit Card,1,False,Delivered,9
4004,2024-09-25,45019,Nikhil Mishra,27,Other,North,Amritsar,Clothing,Dress,1,2472.06,0.23,2559.11,756.36,57.21,Net Banking,5,False,Delivered,10
2861,2023-05-29,53780,Meera Joshi,28,Female,North,Chandigarh,Furniture,Bed Frame,4,25915.33,0.11,132743.41,29427.55,58.32,Debit Card,5,False,Delivered,10
403,2020-06-22,52549,Pooja Rao,32,Other,North,Delhi,Clothing,T-Shirt,7,2701.8,0.09,22364.16,8609.23,56.32,Cash On Delivery,5,True,Returned,2
3741,2024-06-19,11870,Arjun Iyer,28,Other,East,Kolkata,Clothing,Jacket,4,2577.39,0.11,15407.9,5412.09,58.52,Upi,2,False,Delivered,1
3172,2023-10-04,73615,Sanjay Gupta,45,Male,West,Surat,Groceries,Dal (1Kg),4,309.85,0.04,1375.7,128.93,73.63,Upi,4,True,Returned,5
749,2020-12-06,43010,Priya Gupta,33,Other,Central,Nagpur,Clothing,Dress,8,2574.11,0.12,12273.11,5629.65,67.94,Credit Card,5,True,Returned,10
53,2020-01-21,7190,Deepa Kapoor,33,Other,East,Guwahati,Beauty,Lipstick,9,1931.61,0.35,10532.18,5257.88,98.73,Net Banking,5,False,Delivered,3
1418,2021-10-01,26109,Aditya Gupta,52,Male,Central,Raipur,Sports,Cycle,3,13585.06,0.33,26055.86,5488.23,62.01,Emi,5,False,Cancelled,2
3527,2024-03-11,89020,Meera Patel,11,Male,East,Guwahati,Clothing,T-Shirt,2,1543.23,0.26,3196.43,1291.1,71.02,Upi,5,False,Delivered,6
2382,2022-10-28,54015,Shreya Rao,48,Female,West,Pune,Sports,Dumbbells,1,14172.12,0.14,12312.75,2055.13,79.52,Emi,5,False,Delivered,6
601,2020-09-25,39660,Priya Pillai,53,Male,South,Kochi,Books,Textbook,7,298.01,0.2,1735.77,683.51,71.67,Emi,2,True,Returned,2
339,2020-05-27,65020,Pooja Bhat,28,Other,West,Pune,Furniture,Wardrobe,10,2690.93,0.35,23373.24,7410.64,43.86,Upi,4,True,Returned,4
2825,2023-05-12,40911,Ritu Gupta,51,Other,Central,Raipur,Groceries,Rice (5Kg),1,380.33,0.2,506.19,44.82,61.88,Upi,3,False,Delivered,6
1292,2021-08-06,14859,Vikram Mehta,21,Female,West,Surat,Beauty,Lipstick,3,1302.9,0.23,4258.29,1724.59,82.26,Upi,2,False,Cancelled,5
3394,2024-01-09,94721,Nisha Reddy,26,Male,North,Ludhiana,Electronics,Smartwatch,4,13215.16,0.15,41177.25,3874.92,36.17,Net Banking,2,False,Delivered,3
3486,2024-02-24,56798,Meera Pillai,28,Female,East,Guwahati,Clothing,Saree,5,3018.53,0.26,13152.75,5208.94,73.33,Credit Card,1,False,Shipped,4
3191,2023-10-13,15190,Aditya Shah,37,Male,South,Hyderabad,Beauty,Shampoo,4,817.47,0.24,2848.99,1431.62,61.6,Debit Card,5,False,Cancelled,2
183,2020-03-22,16395,Sunita Pillai,19,Other,Central,Raipur,Beauty,Sunscreen,9,646.01,0.38,3807.56,1281.84,51.72,Credit Card,2,False,Pending,3
2779,2023-04-18,66673,Pooja Mehta,32,Female,East,Bhubaneswar,Beauty,Face Cream,1,588.9,0.03,804.15,359.5,76.29,Net Banking,5,False,Delivered,5
1224,2021-07-06,34079,Nisha Das,40,Male,Central,Bhopal,Clothing,T-Shirt,6,3032.93,0.08,25322.69,10654.04,27.7,Emi,1,False,Delivered,4
3282,2023-11-18,30266,Deepa Bose,34,Female,West,Surat,Sports,Yoga Mat,3,14108.02,0.12,36649.85,6203.2,56.58,Emi,2,False,Delivered,10
3259,2023-11-08,28855,Kavya Kumar,26,Female,South,Chennai,Groceries,Cooking Oil,9,165.39,0.22,1080.19,98.81,71.09,Cash On Delivery,3,False,Delivered,6
458,2020-07-20,53954,Amit Kapoor,40,Other,Central,Nagpur,Books,Cook Book,4,313.79,0.37,885.78,369.77,43.26,Net Banking,2,False,Delivered,6
2316,2022-10-04,62789,Ananya Gupta,40,Other,South,Kochi,Groceries,Dal (1Kg),4,314.73,0.15,998.21,61.22,79.0,Cash On Delivery,3,False,Delivered,8
2007,2022-06-04,96054,Ritu Nair,40,Other,East,Bhubaneswar,Electronics,Smartphone,7,21000.78,0.3,174189.34,24923.4,115.73,Upi,5,False,Delivered,6
2400,2022-11-04,21465,Pooja Kumar,33,Female,West,Ahmedabad,Clothing,Saree,7,525.25,0.03,3229.98,1218.39,48.82,Upi,4,False,Delivered,8
2972,2023-07-10,95419,Deepa Joshi,37,Male,West,Pune,Beauty,Face Cream,9,108.24,0.18,1201.96,569.48,55.36,Upi,4,False,Delivered,5
3622,2024-04-24,32129,Sunita Iyer,39,Other,South,Hyderabad,Electronics,Smartwatch,7,45364.52,0.08,465179.21,56612.46,59.16,Emi,1,True,Returned,8
200,2020-03-30,79644,Aarav Verma,23,Female,West,Mumbai,Sports,Cycle,5,9009.65,0.08,44971.39,10004.34,58.16,Emi,3,False,Delivered,4
4057,2024-10-25,95307,Nisha Mehta,28,Female,Central,Raipur,Electronics,Headphones,3,9261.39,0.24,25255.17,3570.94,42.63,Emi,3,False,Cancelled,4
2618,2023-02-10,54344,Nisha Reddy,41,Female,North,Delhi,Clothing,Saree,5,2531.54,0.21,13540.41,5111.11,49.22,Net Banking,3,False,Shipped,4
2742,2023-04-01,34359,Shreya Kumar,27,Male,West,Pune,Furniture,Bookshelf,7,23696.15,0.33,157416.69,50425.99,51.3,Cash On Delivery,3,False,Pending,1
1568,2021-12-02,42665,Shreya Chatterjee,24,Male,South,Kochi,Groceries,Rice (5Kg),1,359.04,0.01,276.46,18.11,72.66,Cash On Delivery,3,False,Delivered,10
2757,2023-04-08,97559,Sunita Kumar,49,Male,West,Ahmedabad,Sports,Dumbbells,4,2360.4,0.36,9045.13,1640.8,46.73,Credit Card,2,False,Delivered,2
881,2021-02-02,31073,Kavya Shah,48,Male,East,Bhubaneswar,Groceries,Flour,7,474.48,0.26,2258.19,189.8,40.18,Debit Card,1,True,Returned,2
1700,2022-01-28,75005,Meera Bhat,16,Female,South,Bangalore,Sports,Tennis Racket,3,14928.96,0.4,21823.19,4574.82,60.83,Upi,1,False,Delivered,8
751,2020-12-07,41385,Rohan Patel,32,Male,North,Amritsar,Books,Cook Book,999,403.63,0.15,203951.5,80603.27,48.7,Emi,5,False,Delivered,1
1788,2022-03-04,10753,Kavya Kumar,51,Male,Central,Indore,Beauty,Face Cream,6,153.84,0.09,1006.96,616.53,54.61,Debit Card,3,False,Delivered,9
262,2020-04-25,33827,Rahul Bose,24,Male,West,Surat,Furniture,Wardrobe,2,3582.55,0.08,8506.99,2610.08,54.88,Debit Card,3,False,Delivered,7
4086,2024-11-07,69304,Kavya Shah,57,Other,West,Ahmedabad,Electronics,Tablet,9,70570.87,0.27,436166.56,54481.93,66.68,Debit Card,2,False,Delivered,3
3415,2024-01-19,23737,Karan Kumar,42,Male,West,Surat,Electronics,Laptop,2,46140.78,0.21,86042.12,11876.13,85.6,Debit Card,1,False,Delivered,6
1693,2022-01-24,37446,Shreya Das,66,Other,North,Delhi,Beauty,Lipstick,9,265.25,0.18,1737.45,685.06,28.69,Credit Card,2,False,Delivered,5
2495,2022-12-18,29148,Amit Kumar,22,Female,South,Bangalore,Groceries,Sugar,7,56.3,0.16,219.23,17.73,83.47,Net Banking,4,True,Returned,6
2508,2022-12-24,55151,Ananya Reddy,27,Male,East,Kolkata,Furniture,Wardrobe,1,21949.11,0.11,16420.47,5291.08,87.46,Emi,1,False,Delivered,2
2734,2023-03-30,69340,Sanjay Kapoor,31,Male,South,Chennai,Books,Fiction Novel,10,432.2,0.22,4097.63,1857.23,69.1,Net Banking,3,False,Delivered,5
1872,2022-04-06,60962,Shreya Rao,30,Male,North,Amritsar,Sports,Cricket Bat,10,8393.4,0.27,79799.46,13093.99,54.18,Net Banking,2,False,Delivered,8
1233,2021-07-10,64805,Priya Mishra,33,Female,South,Hyderabad,Clothing,Jacket,6,2619.38,0.24,15863.82,5048.54,23.2,Emi,2,False,Delivered,4
752,2020-12-07,76726,Meera Rao,26,Male,West,Surat,Sports,Tennis Racket,8,4670.6,0.27,19375.1,2879.15,51.67,Credit Card,4,False,Delivered,4
38,2020-01-14,79223,Sunita Reddy,20,Male,East,Kolkata,Books,Fiction Novel,1,1172.06,0.18,613.66,243.99,62.05,Cash On Delivery,4,False,Delivered,1
994,2021-03-29,13598,Sanjay Chatterjee,31,Male,South,Chennai,Electronics,Smartwatch,4,70635.62,0.32,207766.8,19874.73,73.83,Upi,2,False,Pending,1
436,2020-07-10,18887,Pooja Kapoor,43,Female,West,Pune,Books,Biography,2,449.62,0.4,661.09,247.72,68.85,Debit Card,1,False,Delivered,6
923,2021-02-22,41859,Deepa Kumar,38,Other,Central,Nagpur,Beauty,Shampoo,7,322.75,0.15,1684.8,760.63,28.86,Cash On Delivery,1,True,Returned,5
3838,2024-07-26,12042,Vikram Reddy,39,Male,North,Amritsar,Groceries,Cooking Oil,2,92.87,0.33,179.13,19.37,36.78,Emi,3,False,Cancelled,6
4035,2024-10-16,10272,Sunita Das,20,Male,South,Kochi,Electronics,Smartwatch,1,78299.49,0.18,76494.58,10883.34,80.12,Credit Card,3,False,Delivered,9
4090,2024-11-09,31562,Rohan Shah,33,Male,East,Patna,Clothing,Jeans,4,1153.04,0.23,3508.11,1237.09,67.93,Credit Card,2,False,Delivered,1
2193,2022-08-15,54369,Priya Rao,65,Other,East,Kolkata,Books,Fiction Novel,6,966.11,0.29,5647.04,1896.58,107.74,Net Banking,1,False,Cancelled,6
3275,2023-11-16,6690,Sunita Iyer,28,Other,West,Ahmedabad,Clothing,Saree,8,1471.86,0.27,8376.83,3013.79,87.43,Credit Card,3,False,Delivered,7
1237,2021-07-12,86703,Sanjay Verma,20,Female,North,Amritsar,Electronics,Smartphone,3,33090.17,0.22,110240.96,11080.86,57.35,Emi,5,True,Returned,6
3401,2024-01-13,97545,Ritu Bose,25,Other,Central,Raipur,Books,Cook Book,2,365.34,0.09,599.16,276.46,52.27,Upi,2,False,Delivered,4
4160,2024-12-11,91116,Rohan Patel,36,Male,South,Hyderabad,Books,Biography,7,609.79,0.25,2905.61,1079.08,68.86,Upi,3,False,Delivered,7
1192,2021-06-20,39249,Pooja Kapoor,34,Other,South,Kochi,Groceries,Cooking Oil,7,363.21,0.38,2475.37,175.94,73.22,Upi,4,False,Shipped,1
1195,2021-06-23,26595,Ananya Gupta,40,Other,Central,Nagpur,Sports,Tennis Racket,1,8678.32,0.17,9630.16,2953.14,33.35,Upi,5,False,Delivered,4
1212,2021-07-01,22983,Deepa Kapoor,40,Other,South,Bangalore,Clothing,Saree,2,738.48,0.09,1795.94,565.89,67.67,Net Banking,3,False,Delivered,7
170,2020-03-15,53622,Aditya Chatterjee,31,Male,South,Bangalore,Groceries,Sugar,9,236.54,0.19,1658.66,140.16,101.07,Credit Card,3,True,Returned,1
1213,2021-07-01,54226,Nisha Mehta,33,Male,East,Bhubaneswar,Beauty,Lipstick,5,1998.43,0.26,9047.98,4337.88,79.62,Upi,4,False,Shipped,3
4115,2024-11-25,88970,Ritu Pillai,38,Other,East,Patna,Electronics,Smartwatch,9,76064.53,0.25,473255.79,56343.87,79.71,Cash On Delivery,3,False,Delivered,1
3200,2023-10-16,43688,Amit Iyer,49,Other,North,Delhi,Groceries,Tea,1,97.17,0.14,86.02,8.27,46.49,Emi,1,False,Delivered,5
713,2020-11-22,97013,Rahul Verma,48,Other,Central,Raipur,Groceries,Cooking Oil,9,407.45,0.36,1769.53,149.16,50.13,Net Banking,1,True,Returned,8
975,2021-03-20,76263,Arjun Reddy,20,Male,West,Surat,Furniture,Sofa,6,5299.05,0.13,28279.75,5506.48,36.55,Cash On Delivery,4,False,Delivered,7
1391,2021-09-20,53724,Kavya Iyer,45,Other,East,Bhubaneswar,Groceries,Dal (1Kg),8,126.77,0.15,930.33,66.45,64.29,Net Banking,4,False,Shipped,2
2467,2022-12-06,34028,Vikram Rao,14,Female,East,Guwahati,Electronics,Smartphone,1,7708.68,0.26,4938.48,534.97,101.65,Emi,2,False,Shipped,6
2390,2022-11-01,38274,Ananya Shah,27,Female,West,Pune,Beauty,Lipstick,6,835.52,0.01,4761.71,1237.08,54.35,Cash On Delivery,3,False,Delivered,2
1111,2021-05-16,7335,Vikram Kapoor,21,Male,East,Guwahati,Sports,Cricket Bat,6,3857.03,0.3,21548.37,6137.14,60.48,Cash On Delivery,2,False,Delivered,4
2171,2022-08-09,77492,Karan Sharma,33,Male,South,Chennai,Clothing,Saree,1,1170.22,0.37,1011.25,422.66,82.03,Debit Card,4,False,Delivered,2
1824,2022-03-16,58449,Priya Chatterjee,34,Female,North,Delhi,Clothing,Jeans,5,2505.4,0.11,12039.52,4140.53,57.65,Cash On Delivery,3,False,Delivered,1
2834,2023-05-18,80957,Pooja Gupta,31,Other,North,Delhi,Electronics,Smartphone,2,73267.64,0.32,142488.63,20643.55,69.99,Credit Card,2,False,Delivered,6
3900,2024-08-14,14119,Vikram Verma,39,Female,West,Mumbai,Books,Fiction Novel,3,705.21,0.14,2873.31,1040.42,76.63,Emi,1,False,Delivered,8
2550,2023-01-12,69130,Sunita Pillai,48,Other,North,Amritsar,Sports,Yoga Mat,6,13916.75,0.25,54342.29,12305.07,38.89,Upi,4,False,Pending,6
2192,2022-08-15,61790,Amit Kumar,32,Other,East,Kolkata,Furniture,Sofa,3,23445.9,0.31,60026.42,15012.25,54.92,Credit Card,1,True,Returned,7
2000,2022-06-02,60137,Sanjay Sharma,35,Female,East,Patna,Sports,Cricket Bat,6,6661.26,0.13,55550.3,11352.36,99.9,Cash On Delivery,2,False,Delivered,8
3042,2023-08-09,48817,Karan Singh,25,Male,North,Amritsar,Clothing,Saree,2,3266.34,0.0,9066.91,3755.8,51.58,Cash On Delivery,5,False,Delivered,1
3399,2024-01-12,76705,Meera Das,42,Male,South,Chennai,Beauty,Sunscreen,1,2339.83,0.03,2319.17,1351.82,88.12,Net Banking,3,False,Delivered,10
1991,2022-05-30,25027,Nisha Mishra,24,Female,East,Bhubaneswar,Beauty,Hair Oil,8,1075.32,0.25,9458.95,4920.35,101.65,Credit Card,1,True,Returned,8
322,2020-05-21,34894,Ritu Mehta,32,Other,East,Guwahati,Electronics,Smartwatch,5,59036.18,0.38,48186.78,5073.5,67.0,Net Banking,4,False,Delivered,3
4049,2024-10-23,98496,Nisha Singh,27,Other,Central,Indore,Groceries,Flour,8,174.02,0.14,1362.0,107.89,40.35,Cash On Delivery,5,False,Delivered,10
2187,2022-08-14,47298,Shreya Gupta,36,Other,North,Amritsar,Books,Comic Book,1,1129.04,0.28,1081.22,412.61,40.43,Net Banking,1,True,Returned,10
3703,2024-05-27,91203,Arjun Verma,32,Other,West,Mumbai,Beauty,Sunscreen,4,722.47,0.19,4358.73,1526.73,71.99,Emi,1,False,Cancelled,7
1312,2021-08-12,22985,Amit Pillai,22,Male,North,Delhi,Beauty,Sunscreen,2,542.62,0.14,971.77,443.38,61.76,Upi,4,False,Delivered,3
797,2020-12-29,4732,Nisha Joshi,38,Male,South,Chennai,Beauty,Face Cream,4,197.52,0.35,379.18,169.93,61.28,Emi,3,False,Delivered,2
34,2020-01-12,21613,Arjun Das,49,Other,West,Mumbai,Groceries,Flour,0,315.85,0.13,203.41,13.82,60.46,Cash On Delivery,5,False,Delivered,10
2663,2023-02-27,82371,Kavya Nair,49,Male,East,Patna,Groceries,Dal (1Kg),4,230.58,0.17,768.3,50.26,81.52,Upi,1,False,Delivered,1
1907,2022-04-23,58083,Sanjay Kapoor,31,Male,Central,Raipur,Sports,Cricket Bat,6,12397.94,0.35,69539.73,14673.82,51.27,Upi,2,False,Delivered,1
766,2020-12-13,94306,Shreya Kapoor,19,Female,North,Amritsar,Books,Fiction Novel,6,526.32,0.14,1927.61,588.73,49.68,Credit Card,3,True,Returned,3
3824,2024-07-21,13500,Amit Patel,26,Other,North,Chandigarh,Groceries,Flour,6,112.85,0.13,1196.11,116.49,40.89,Cash On Delivery,5,True,Returned,8
3029,2023-08-04,15879,Kavya Pillai,24,Other,North,Delhi,Groceries,Flour,6,184.04,0.32,1193.08,80.93,70.55,Credit Card,5,False,Delivered,1
2801,2023-04-29,13741,Meera Verma,30,Female,East,Guwahati,Beauty,Hair Oil,7,1050.38,0.06,8746.39,3436.69,85.61,Debit Card,3,False,Delivered,5
3014,2023-07-29,35539,Karan Reddy,31,Female,South,Kochi,Sports,Dumbbells,5,8903.55,0.12,11991.16,1852.66,64.95,Debit Card,3,True,Returned,7
1318,2021-08-15,59067,Nikhil Gupta,49,Male,Central,Raipur,Beauty,Hair Oil,4,525.05,0.02,2333.99,964.12,71.8,Emi,5,False,Delivered,1
3603,2024-04-17,16934,Nisha Das,26,Other,Central,Indore,Clothing,Jeans,5,3541.45,0.23,19925.91,8625.62,58.0,Cash On Delivery,3,False,Pending,9
1221,2021-07-05,24791,Arjun Pillai,8,Male,East,Kolkata,Clothing,Saree,9,1326.38,0.16,11602.32,4308.95,58.85,Credit Card,4,False,Delivered,1
2947,2023-07-01,85761,Aditya Chatterjee,44,Other,South,Kochi,Furniture,Bookshelf,2,26714.83,0.23,63871.89,16676.94,67.21,Upi,5,False,Delivered,7
2635,2023-02-15,74282,Ritu Das,47,Male,South,Hyderabad,Beauty,Perfume,9,1698.6,0.25,12379.8,4098.15,63.7,Emi,3,False,Delivered,1
2030,2022-06-14,98295,Ritu Rao,17,Male,West,Pune,Sports,Football,1,13827.19,0.4,13665.74,2472.59,24.48,Net Banking,3,False,Cancelled,3
2150,2022-08-01,80481,Sanjay Mishra,53,Female,West,Surat,Beauty,Sunscreen,4,356.27,0.25,1442.88,531.3,38.09,Net Banking,5,False,Delivered,5
1826,2022-03-17,42492,Nikhil Bose,26,Male,South,Bangalore,Beauty,Sunscreen,2,563.96,0.21,1382.93,529.71,100.92,Cash On Delivery,4,False,Delivered,1
3667,2024-05-13,95748,Arjun Kapoor,61,Female,East,Kolkata,Electronics,Tablet,1,42744.12,0.29,49034.56,5764.27,81.41,Debit Card,4,False,Delivered,8
3993,2024-09-20,65197,Rohan Chatterjee,38,Female,South,Chennai,Books,Fiction Novel,9,816.41,0.35,5054.28,2136.9,42.16,Upi,2,False,Delivered,5
2332,2022-10-09,15721,Sunita Kumar,32,Female,West,Ahmedabad,Groceries,Flour,10,364.93,0.07,3274.29,294.88,52.13,Upi,3,False,Pending,3
2774,2023-04-16,92472,Deepa Gupta,33,Male,East,Patna,Sports,Dumbbells,7,12799.72,0.11,114501.45,25731.03,74.55,Net Banking,2,False,Delivered,2
3017,2023-07-30,11433,Aditya Shah,49,Other,North,Chandigarh,Groceries,Dal (1Kg),5,380.49,0.36,368.28,36.06,27.57,Emi,5,False,Delivered,1
1712,2022-02-01,49015,Pooja Iyer,31,Male,Central,Indore,Beauty,Face Cream,5,1868.65,0.06,1684.76,667.36,71.24,Upi,4,False,Delivered,2
337,2020-05-26,25152,Shreya Mishra,61,Female,West,Ahmedabad,Books,Cook Book,2,425.83,0.04,846.36,364.43,42.68,Upi,4,False,Delivered,10
3207,2023-10-19,72297,Nisha Bhat,53,Female,South,Bangalore,Furniture,Bed Frame,5,2374.77,0.28,9688.23,2614.25,83.81,Upi,1,False,Delivered,6
354,2020-06-01,12677,Aditya Shah,41,Other,North,Chandigarh,Groceries,Rice (5Kg),8,294.27,0.35,1927.79,96.62,53.97,Cash On Delivery,1,False,Delivered,5
837,2021-01-18,71096,Kavya Shah,29,Other,East,Patna,Electronics,Headphones,5,58480.23,0.09,200569.38,24313.05,84.38,Credit Card,4,False,Delivered,2
2607,2023-02-06,31900,Amit Rao,39,Other,South,Bangalore,Sports,Yoga Mat,8,5590.43,0.19,37398.22,4824.74,69.42,Credit Card,4,False,Delivered,2
727,2020-11-29,39869,Ritu Mishra,29,Female,West,Mumbai,Electronics,Smartwatch,4,7981.68,0.38,12800.24,1753.15,40.05,Debit Card,4,False,Delivered,5
2529,2023-01-03,61216,Nikhil Joshi,34,Male,West,Pune,Furniture,Bed Frame,2,9783.06,0.12,15984.43,3578.22,43.71,Cash On Delivery,2,True,Returned,5
3018,2023-07-30,13941,Ritu Sharma,34,Other,South,Hyderabad,Electronics,Camera,4,66643.15,0.14,325899.4,40690.87,51.43,Cash On Delivery,1,False,Delivered,3
1841,2022-03-26,2321,Sunita Patel,26,Female,West,Surat,Beauty,Shampoo,10,160.57,0.38,1214.1,697.82,51.31,Credit Card,3,False,Delivered,2
2858,2023-05-28,34534,Sanjay Rao,55,Male,Central,Bhopal,Sports,Cricket Bat,7,12138.63,0.13,95488.18,21101.52,32.89,Upi,5,False,Shipped,4
4176,2024-12-21,37046,Rohan Bhat,30,Other,West,Surat,Electronics,Headphones,6,61234.43,0.24,268632.52,31422.9,48.82,Credit Card,3,False,Delivered,4
3609,2024-04-20,45693,Aditya Singh,45,Male,North,Amritsar,Books,Comic Book,5,224.92,0.24,1230.66,529.42,65.16,Upi,5,False,Delivered,2
559,2020-09-05,34558,Amit Bhat,46,Other,West,Mumbai,Clothing,Jeans,8,2151.16,0.12,15432.22,4651.88,67.35,Cash On Delivery,4,True,Returned,4
1775,2022-02-25,42783,Ritu Das,25,Other,Central,Indore,Sports,Tennis Racket,1,7835.77,0.08,6868.24,1599.65,44.2,Credit Card,3,True,Returned,6
2870,2023-05-31,15861,Priya Mishra,27,Other,West,Surat,Books,Fiction Novel,2,790.19,0.12,2524.52,1241.47,75.5,Upi,2,False,Delivered,1
130,2020-02-20,73625,Nisha Bose,28,Other,East,Guwahati,Books,Textbook,10,327.54,0.15,2755.17,1528.85,80.58,Debit Card,5,True,Returned,2
2188,2022-08-14,93685,Vikram Singh,19,Other,South,Chennai,Electronics,Laptop,10,46080.58,0.33,392607.23,38045.24,42.13,Credit Card,1,False,Delivered,7
2807,2023-05-03,59711,Rohan Mishra,29,Female,East,Bhubaneswar,Clothing,Kurta,10,630.78,0.21,10612.0,3459.74,83.61,Credit Card,4,False,Delivered,8
1201,2021-06-25,543,Karan Singh,34,Male,South,Kochi,Sports,Cricket Bat,5,10501.07,0.1,15147.36,3020.39,56.4,Cash On Delivery,5,False,Delivered,7
3976,2024-09-10,72202,Aarav Joshi,28,Male,West,Ahmedabad,Electronics,Headphones,1,40304.61,0.04,54475.55,5497.55,73.05,Upi,2,False,Cancelled,5
3674,2024-05-15,71549,Ritu Das,37,Female,East,Kolkata,Furniture,Chair,3,16806.93,0.37,52202.49,17999.97,90.53,Credit Card,4,False,Delivered,2
982,2021-03-23,31894,Amit Joshi,44,Other,North,Ludhiana,Furniture,Desk,2,4143.1,0.21,9554.34,2463.95,56.97,Net Banking,5,False,Delivered,5
485,2020-08-02,67381,Amit Mehta,46,Other,East,Kolkata,Electronics,Laptop,6,76471.27,0.21,542833.32,79755.17,71.89,Cash On Delivery,5,False,Delivered,5
3297,2023-11-26,29713,Rahul Gupta,37,Male,West,Mumbai,Books,Cook Book,10,666.25,0.07,5098.4,1728.64,55.61,Upi,3,False,Delivered,8
4137,2024-12-04,62051,Ananya Pillai,5,Other,Central,Bhopal,Electronics,Tablet,4,51581.35,0.38,131067.26,15238.43,72.66,Net Banking,4,True,Returned,8
2163,2022-08-05,72247,Arjun Mishra,57,Male,East,Kolkata,Electronics,Tablet,1,67980.93,0.21,96948.0,11975.81,63.26,Cash On Delivery,4,False,Delivered,9
2445,2022-11-28,71240,Pooja Sharma,30,Other,North,Chandigarh,Books,Fiction Novel,5,1175.29,0.36,3025.64,1294.96,66.21,Net Banking,2,False,Delivered,4
767,2020-12-13,99682,Aditya Mishra,17,Other,North,Ludhiana,Furniture,Sofa,5,30866.8,0.07,87823.05,26550.31,38.03,Debit Card,5,False,Delivered,10
629,2020-10-09,51786,Kavya Joshi,48,Male,Central,Bhopal,Beauty,Perfume,9,1406.56,0.1,8925.05,3776.97,39.94,Cash On Delivery,3,False,Delivered,5
701,2020-11-13,90688,Priya Nair,42,Female,East,Patna,Electronics,Tablet,6,50084.03,0.17,186628.87,20981.15,94.58,Debit Card,4,False,Cancelled,6
439,2020-07-12,45071,Aditya Nair,22,Male,West,Ahmedabad,Groceries,Cooking Oil,2,379.2,0.2,658.39,27.25,67.65,Upi,1,False,Delivered,7
132,2020-02-20,20387,Ritu Mishra,26,Female,South,Kochi,Beauty,Lipstick,2,959.97,0.05,1563.91,630.51,71.85,Emi,4,False,Delivered,2
343,2020-05-28,91659,Shreya Verma,20,Male,Central,Nagpur,Clothing,Kurta,1,1604.88,0.22,1620.42,414.75,71.08,Debit Card,3,True,Returned,4
2362,2022-10-18,9796,Shreya Mehta,2,Other,North,Ludhiana,Clothing,Kurta,5,3077.69,0.12,12279.25,4018.97,55.38,Upi,3,False,Delivered,8
1138,2021-05-28,65692,Aarav Kumar,12,Other,Central,Raipur,Groceries,Tea,10,179.45,0.1,2253.34,170.8,35.54,Emi,3,False,Delivered,7
3480,2024-02-22,61945,Vikram Joshi,25,Other,West,Ahmedabad,Clothing,T-Shirt,6,1277.66,0.21,7425.11,2123.71,43.17,Net Banking,1,False,Delivered,10
2011,2022-06-05,67385,Kavya Shah,52,Female,West,Pune,Sports,Cricket Bat,10,6308.82,0.36,65319.25,13727.44,63.87,Net Banking,1,True,Returned,7
3217,2023-10-22,14537,Pooja Joshi,41,Other,North,Amritsar,Beauty,Hair Oil,10,850.71,0.4,5762.75,2735.24,38.04,Cash On Delivery,4,False,Delivered,6
2921,2023-06-17,51781,Karan Singh,26,Male,North,Delhi,Groceries,Rice (5Kg),5,200.85,0.36,1116.38,71.67,58.1,Emi,2,False,Delivered,1
1303,2021-08-10,71873,Aditya Singh,35,Female,East,Bhubaneswar,Furniture,Sofa,3,23823.69,0.11,88956.71,26211.15,95.16,Emi,5,False,Delivered,6
1463,2021-10-23,80946,Nikhil Verma,35,Other,West,Ahmedabad,Sports,Football,6,10030.26,0.17,51174.21,14093.89,33.86,Net Banking,4,False,Delivered,8
2411,2022-11-08,4556,Amit Shah,43,Male,East,Kolkata,Electronics,Laptop,9,33801.96,0.4,175761.72,23971.25,95.97,Cash On Delivery,3,True,Returned,7
2048,2022-06-20,98440,Nikhil Nair,34,Other,South,Kochi,Clothing,Saree,4,2288.92,0.09,11495.42,3680.34,53.41,Cash On Delivery,4,False,Shipped,8
2047,2022-06-20,63577,Sunita Iyer,49,Male,Central,Indore,Groceries,Flour,8,377.69,0.27,3219.24,244.77,42.69,Credit Card,1,False,Delivered,4
197,2020-03-28,4223,Pooja Joshi,12,Other,North,Amritsar,Sports,Cycle,8,10282.68,0.11,66340.96,13106.07,65.44,Net Banking,1,False,Delivered,3
1595,2021-12-13,89482,Nisha Chatterjee,38,Male,South,Kochi,Books,Self-Help Book,7,233.11,0.36,762.89,271.36,71.2,Upi,3,False,Delivered,2
799,2020-12-29,20881,Rohan Singh,48,Male,West,Mumbai,Sports,Yoga Mat,4,2347.62,0.22,5426.75,1694.29,36.23,Debit Card,1,False,Delivered,10
3920,2024-08-20,20311,Shreya Gupta,54,Other,West,Surat,Sports,Dumbbells,8,8802.69,0.36,54768.47,12390.55,76.21,Credit Card,5,False,Delivered,6
1013,2021-04-03,39675,Priya Kapoor,24,Other,East,Bhubaneswar,Clothing,Jacket,8,1837.46,0.26,13934.11,4142.94,81.4,Emi,1,False,Cancelled,8
2295,2022-09-23,16205,Arjun Kapoor,32,Male,East,Guwahati,Sports,Tennis Racket,5,7290.72,0.0,8729.66,2532.61,59.36,Emi,5,False,Delivered,2
267,2020-04-27,76356,Aditya Pillai,21,Female,East,Kolkata,Sports,Football,6,7876.81,0.02,58868.95,12406.43,62.09,Debit Card,4,False,Shipped,3
1704,2022-01-30,33909,Amit Reddy,28,Female,North,Chandigarh,Books,Comic Book,4,1134.89,0.05,3201.22,939.71,68.97,Net Banking,4,False,Delivered,2
1925,2022-05-01,73689,Meera Chatterjee,41,Male,South,Kochi,Clothing,Jeans,9,3373.39,0.02,45729.43,18565.86,73.18,Cash On Delivery,2,False,Delivered,4
2748,2023-04-05,72583,Sunita Bose,41,Female,West,Surat,Groceries,Tea,9,467.6,0.02,5992.24,654.29,37.13,Emi,4,False,Delivered,7
575,2020-09-14,39101,Sunita Mehta,32,Other,East,Guwahati,Furniture,Bookshelf,7,5932.53,0.39,23093.12,8164.97,84.41,Upi,3,False,Delivered,1
3873,2024-08-07,7406,Sunita Pillai,54,Other,West,Pune,Clothing,Jeans,5,545.99,0.34,578.97,183.45,68.2,Credit Card,1,False,Delivered,9
2409,2022-11-06,13324,Sanjay Iyer,31,Other,North,Delhi,Groceries,Tea,8,163.97,0.16,1055.34,91.59,24.74,Debit Card,4,False,Shipped,8
2610,2023-02-06,96115,Sanjay Rao,39,Male,South,Kochi,Books,Self-Help Book,10,947.87,0.24,7234.13,3527.5,84.4,Credit Card,4,False,Delivered,4
915,2021-02-16,76268,Arjun Patel,36,Other,North,Amritsar,Electronics,Smartwatch,3,48921.59,0.19,107608.01,16935.06,46.65,Credit Card,1,False,Delivered,3
2705,2023-03-17,85785,Meera Rao,41,Female,West,Surat,Beauty,Perfume,2,888.49,0.08,2115.74,795.3,42.25,Debit Card,1,False,Pending,8
1524,2021-11-16,61294,Shreya Mishra,34,Other,North,Amritsar,Groceries,Rice (5Kg),1,148.49,0.12,100.14,7.46,70.77,Credit Card,1,False,Delivered,9
597,2020-09-24,3651,Arjun Patel,55,Female,West,Surat,Electronics,Tablet,1,38379.55,0.18,33725.89,4708.06,49.85,Emi,2,False,Delivered,6
4126,2024-11-30,88649,Pooja Iyer,30,Female,South,Chennai,Books,Self-Help Book,10,1308.63,0.39,8038.79,3691.88,59.74,Emi,5,False,Delivered,9
1289,2021-08-03,60491,Shreya Bhat,24,Other,East,Bhubaneswar,Sports,Cycle,2,8857.58,0.05,21239.19,3446.13,90.64,Net Banking,3,True,Returned,8
1992,2022-05-30,42274,Nisha Reddy,38,Other,South,Chennai,Sports,Tennis Racket,10,2313.34,0.07,26178.67,6071.72,54.61,Debit Card,1,True,Returned,3
2690,2023-03-13,42802,Sanjay Rao,25,Male,South,Hyderabad,Sports,Cycle,4,7081.6,0.31,25039.19,6611.41,89.06,Debit Card,3,True,Returned,10
2181,2022-08-13,50045,Arjun Verma,21,Male,North,Chandigarh,Clothing,Jeans,8,3588.17,0.24,31618.79,13674.74,86.78,Emi,1,False,Delivered,7
3851,2024-07-30,24550,Amit Nair,19,Other,West,Pune,Clothing,Kurta,4,2461.65,0.33,9963.87,2386.31,85.19,Net Banking,4,False,Delivered,1
644,2020-10-14,94203,Sanjay Nair,34,Other,Central,Bhopal,Furniture,Bed Frame,4,22879.02,0.1,63905.82,18612.63,53.94,Cash On Delivery,1,False,Cancelled,6
2923,2023-06-18,62956,Pooja Mishra,15,Male,North,Ludhiana,Books,Cook Book,9,916.14,0.36,8220.04,2666.27,63.91,Cash On Delivery,4,False,Cancelled,7
1414,2021-09-29,909,Ananya Verma,32,Other,South,Bangalore,Furniture,Sofa,6,3717.72,0.22,17177.15,4949.58,62.81,Net Banking,2,False,Delivered,3
3126,2023-09-11,84742,Sunita Patel,42,Other,South,Bangalore,Sports,Cricket Bat,7,7005.09,0.21,55004.13,13825.48,39.04,Net Banking,3,False,Delivered,3
251,2020-04-20,66007,Sunita Bose,26,Male,North,Ludhiana,Furniture,Sofa,1,6470.7,0.34,4394.74,1235.03,66.87,Net Banking,4,False,Delivered,7
3006,2023-07-24,96839,Amit Sharma,38,Female,Central,Raipur,Books,Cook Book,10,680.67,0.28,7920.13,4381.82,60.91,Credit Card,3,False,Delivered,4
1407,2021-09-25,62870,Shreya Mehta,38,Female,Central,Raipur,Beauty,Face Cream,2,1348.14,0.25,2363.7,904.82,48.59,Upi,2,False,Delivered,5
2313,2022-10-02,66337,Kavya Singh,34,Female,South,Bangalore,Clothing,Dress,10,2259.78,0.04,20953.37,7949.05,52.93,Upi,5,False,Delivered,7
1620,2021-12-25,54344,Nisha Bhat,27,Female,North,Amritsar,Beauty,Sunscreen,1,805.29,0.36,359.88,172.3,52.35,Net Banking,3,False,Delivered,6
563,2020-09-07,44323,Ritu Bose,33,Female,South,Bangalore,Books,Cook Book,6,1105.96,0.29,5241.79,1716.01,67.65,Debit Card,3,True,Returned,6
1940,2022-05-06,29935,Sanjay Mishra,30,Female,West,Surat,Beauty,Sunscreen,8,2364.86,0.15,20195.66,11817.43,58.27,Debit Card,5,False,Delivered,5
142,2020-02-27,82516,Ritu Joshi,40,Female,East,Bhubaneswar,Sports,Tennis Racket,1,11227.96,0.31,6220.68,1706.13,87.6,Net Banking,2,False,Shipped,3
3035,2023-08-05,76199,Meera Pillai,60,Other,West,Ahmedabad,Sports,Tennis Racket,3,6247.18,0.23,19652.06,5128.89,52.48,Credit Card,4,False,Delivered,7
4095,2024-11-11,78442,Arjun Gupta,43,Female,South,Kochi,Furniture,Bed Frame,2,28947.69,0.39,35266.77,8167.38,63.11,Upi,3,False,Delivered,1
3088,2023-08-26,49151,Sunita Patel,35,Other,West,Mumbai,Electronics,Headphones,1,41296.1,0.07,53611.5,4184.23,65.67,Credit Card,5,False,Delivered,5
283,2020-05-05,17741,Arjun Verma,32,Female,East,Patna,Books,Cook Book,10,1387.77,0.03,15244.18,5378.75,88.89,Net Banking,4,False,Delivered,9
1821,2022-03-16,7773,Karan Gupta,41,Female,South,Hyderabad,Books,Comic Book,2,1012.58,0.21,2058.59,942.39,79.24,Upi,5,False,Delivered,6
1627,2021-12-27,42701,Aarav Joshi,48,Male,South,Kochi,Clothing,Jacket,10,593.55,0.18,3624.78,896.12,78.0,Debit Card,5,False,Delivered,9
2274,2022-09-15,66737,Ananya Patel,43,Female,South,Chennai,Clothing,T-Shirt,0,803.12,0.07,911.76,328.33,73.01,Credit Card,3,False,Delivered,7
3211,2023-10-20,59240,Ananya Mehta,47,Male,North,Ludhiana,Beauty,Shampoo,3,2099.98,0.35,4400.47,2125.89,50.77,Cash On Delivery,3,True,Returned,7
2973,2023-07-11,55824,Ritu Kumar,27,Male,West,Pune,Books,Fiction Novel,1,623.96,0.21,778.16,263.81,68.14,Cash On Delivery,3,False,Delivered,6
3131,2023-09-15,60904,Aditya Shah,29,Female,North,Chandigarh,Groceries,Dal (1Kg),1,394.11,0.22,414.31,32.52,55.15,Upi,3,False,Delivered,2
1170,2021-06-08,4051,Ananya Sharma,40,Male,South,Hyderabad,Furniture,Sofa,5,23260.25,0.33,119013.87,32585.16,74.55,Emi,5,False,Delivered,9
2153,2022-08-03,5495,Vikram Singh,45,Female,North,Delhi,Clothing,Kurta,1,2503.3,0.15,2937.26,723.88,47.55,Emi,2,True,Returned,10
2260,2022-09-10,10492,Rahul Patel,61,Other,West,Surat,Beauty,Lipstick,9,1292.16,0.22,10154.82,3046.85,70.59,Credit Card,2,True,Returned,6
1363,2021-09-05,15260,Meera Patel,40,Female,East,Bhubaneswar,Electronics,Camera,10,55908.72,0.11,627898.81,86690.85,75.65,Cash On Delivery,5,False,Shipped,4
1781,2022-03-02,31446,Priya Singh,57,Female,North,Chandigarh,Beauty,Face Cream,6,583.99,0.26,2822.23,1322.69,22.05,Credit Card,4,False,Shipped,6
2812,2023-05-04,82471,Pooja Shah,36,Female,South,Kochi,Clothing,Saree,2,3236.58,0.04,9893.97,3171.49,71.87,Cash On Delivery,1,False,Delivered,9
4169,2024-12-16,68700,Aditya Mehta,33,Female,South,Bangalore,Sports,Football,9,7976.73,0.21,57905.39,13844.42,69.85,Emi,1,False,Delivered,8
384,2020-06-12,60562,Kavya Rao,25,Male,North,Ludhiana,Clothing,Dress,10,658.16,0.25,6367.6,1841.64,63.58,Cash On Delivery,1,False,Delivered,7
3940,2024-08-26,96355,Shreya Bose,35,Female,East,Bhubaneswar,Books,Comic Book,2,1157.89,0.35,2443.04,649.16,56.27,Debit Card,1,False,Delivered,9
1059,2021-04-25,64001,Ananya Das,63,Other,South,Hyderabad,Electronics,Tablet,8,28211.93,0.33,175402.71,20772.79,61.29,Debit Card,5,False,Delivered,4
3995,2024-09-21,60857,Aarav Kapoor,30,Male,Central,Raipur,Beauty,Sunscreen,7,2114.17,0.39,13036.59,6081.67,26.71,Debit Card,3,False,Delivered,6
3729,2024-06-14,27952,Pooja Rao,33,Other,West,Ahmedabad,Clothing,Dress,1,3581.25,0.01,6175.08,1771.61,56.33,Credit Card,1,False,Delivered,6
3122,2023-09-09,56458,Kavya Das,30,Other,East,Kolkata,Furniture,Desk,9,24481.84,0.18,236017.16,68746.18,92.95,Net Banking,3,False,Pending,10
2176,2022-08-12,51575,Karan Mishra,30,Other,North,Ludhiana,Sports,Football,7,14759.38,0.0,128001.22,25740.07,70.7,Net Banking,3,False,Delivered,7
1078,2021-05-03,72966,Vikram Verma,52,Female,East,Kolkata,Beauty,Perfume,2,608.88,0.23,1272.71,511.96,106.95,Upi,4,True,Returned,4
3959,2024-09-04,64416,Pooja Reddy,35,Other,West,Surat,Clothing,Jacket,10,1823.02,0.19,21680.07,11667.37,63.11,Upi,5,False,Delivered,6
2697,2023-03-14,37138,Ritu Nair,42,Other,West,Pune,Electronics,Headphones,2,76935.79,0.01,171768.97,27234.01,63.96,Cash On Delivery,1,False,Delivered,3
270,2020-04-28,73911,Ritu Patel,34,Other,East,Kolkata,Clothing,Jeans,6,2934.92,0.1,18790.52,7715.18,74.02,Debit Card,5,False,Cancelled,8
2515,2022-12-28,66205,Ritu Verma,30,Male,West,Pune,Books,Biography,5,1103.75,0.25,3579.91,1891.54,60.86,Cash On Delivery,3,False,Cancelled,1
2735,2023-03-30,60872,Kavya Shah,38,Male,South,Chennai,Furniture,Chair,1,7329.9,0.35,6777.56,2396.72,101.29,Credit Card,5,False,Shipped,10
1766,2022-02-21,87890,Karan Mishra,46,Other,Central,Nagpur,Books,Textbook,4,378.9,0.39,957.41,235.48,29.15,Credit Card,5,False,Delivered,3
2707,2023-03-18,97042,Ananya Mishra,28,Other,Central,Bhopal,Books,Cook Book,4,1221.11,0.25,5162.57,1875.62,43.22,Emi,5,False,Delivered,5
671,2020-10-31,93387,Ritu Bose,43,Other,West,Surat,Groceries,Cooking Oil,8,347.71,0.08,2265.28,178.59,64.88,Credit Card,5,False,Delivered,9
3931,2024-08-23,94914,Sunita Verma,31,Other,South,Chennai,Sports,Yoga Mat,6,9574.41,0.02,81951.13,15952.26,75.33,Emi,4,False,Delivered,6
4022,2024-10-09,76630,Aarav Patel,34,Male,South,Kochi,Books,Cook Book,8,1268.46,0.05,12103.46,3618.98,30.55,Emi,2,False,Delivered,10
1721,2022-02-05,5033,Pooja Mishra,22,Male,West,Ahmedabad,Sports,Football,8,11620.56,0.18,89828.71,25898.31,50.64,Debit Card,4,False,Delivered,2
3054,2023-08-14,26906,Nisha Iyer,39,Female,East,Patna,Electronics,Smartphone,1,34885.37,0.1,44683.38,3420.51,85.38,Credit Card,4,False,Shipped,3
3543,2024-03-20,14777,Aarav Shah,60,Other,Central,Nagpur,Furniture,Bed Frame,7,28445.23,0.28,189614.18,42435.49,18.04,Upi,2,False,Cancelled,10
2803,2023-04-30,7347,Priya Mehta,28,Female,West,Mumbai,Electronics,Smartwatch,6,64360.23,0.32,385580.53,28776.57,55.31,Debit Card,1,False,Delivered,1
3231,2023-10-29,88608,Nikhil Nair,50,Male,South,Hyderabad,Beauty,Sunscreen,2,1820.95,0.15,2961.7,1317.61,69.89,Net Banking,4,False,Delivered,5
2672,2023-03-01,97216,Deepa Pillai,29,Female,East,Bhubaneswar,Electronics,Headphones,6,78301.55,0.24,446345.61,61437.6,87.28,Emi,4,False,Delivered,7
232,2020-04-11,30800,Rohan Chatterjee,36,Other,Central,Nagpur,Beauty,Perfume,4,171.85,0.03,902.31,591.14,34.27,Debit Card,3,False,Shipped,8
566,2020-09-09,67628,Meera Chatterjee,25,Other,North,Amritsar,Sports,Dumbbells,5,603.71,0.39,373.9,76.01,68.01,Net Banking,3,False,Shipped,9
1174,2021-06-09,88311,Karan Gupta,31,Female,East,Patna,Groceries,Dal (1Kg),6,57.72,0.21,553.5,48.28,80.69,Emi,3,False,Shipped,5
522,2020-08-19,28496,Ritu Gupta,49,Female,South,Hyderabad,Furniture,Desk,3,28093.41,0.11,80865.4,14166.32,69.8,Net Banking,3,True,Returned,3
3797,2024-07-09,19882,Sanjay Gupta,30,Male,North,Chandigarh,Electronics,Headphones,3,39483.93,0.01,188221.16,17116.65,68.56,Upi,3,True,Returned,2
4170,2024-12-16,70820,Nikhil Iyer,14,Male,East,Kolkata,Clothing,Jeans,4,1999.6,0.4,4690.45,1146.6,66.84,Net Banking,3,False,Delivered,6
3327,2023-12-10,5689,Ananya Bhat,30,Male,North,Ludhiana,Groceries,Cooking Oil,9,407.05,0.3,1997.66,139.6,72.88,Net Banking,4,False,Cancelled,6
3907,2024-08-16,7299,Karan Reddy,46,Female,Central,Nagpur,Sports,Yoga Mat,9,3110.88,0.28,29090.53,4498.07,43.42,Emi,2,False,Delivered,8
2613,2023-02-09,69520,Vikram Pillai,18,Male,North,Delhi,Sports,Yoga Mat,1,12495.08,0.27,9249.06,1686.4,55.06,Credit Card,5,False,Delivered,9
4164,2024-12-14,96903,Deepa Kapoor,46,Other,North,Amritsar,Furniture,Chair,1,9449.94,0.15,7223.61,2224.51,32.57,Upi,1,True,Returned,2
1065,2021-04-27,39633,Aarav Mishra,35,Male,Central,Bhopal,Electronics,Headphones,8,30314.74,0.06,283224.55,33093.14,68.75,Credit Card,1,True,Returned,9
656,2020-10-22,42875,Sanjay Verma,26,Other,South,Hyderabad,Sports,Cycle,1,12380.73,0.24,8294.3,2144.64,80.23,Credit Card,4,False,Cancelled,5
2588,2023-01-30,71632,Karan Sharma,13,Male,West,Surat,Sports,Dumbbells,4,6304.42,0.31,15164.38,3544.74,95.26,Credit Card,5,False,Delivered,6
172,2020-03-15,40704,Aarav Rao,16,Other,East,Guwahati,Clothing,Saree,2,2448.31,0.35,3584.88,1270.16,79.97,Credit Card,4,False,Delivered,7
3479,2024-02-21,39897,Sunita Singh,30,Other,South,Chennai,Electronics,Headphones,3,50121.13,0.25,130268.18,18524.0,68.49,Debit Card,5,False,Cancelled,4
3008,2023-07-26,3875,Arjun Patel,35,Other,North,Chandigarh,Sports,Tennis Racket,5,1956.54,0.2,10411.35,2723.2,60.98,Upi,3,False,Delivered,3
3519,2024-03-09,89317,Vikram Singh,28,Other,North,Ludhiana,Electronics,Laptop,5,35958.57,0.23,180888.8,18318.66,45.69,Upi,1,False,Delivered,6
1711,2022-02-01,71903,Rahul Sharma,30,Female,East,Bhubaneswar,Beauty,Shampoo,10,1797.87,0.31,12188.57,2948.45,85.14,Cash On Delivery,3,False,Shipped,4
1731,2022-02-08,81381,Aarav Bose,65,Male,North,Chandigarh,Groceries,Flour,10,299.21,0.19,2491.46,268.35,16.74,Net Banking,3,False,Delivered,9
2322,2022-10-05,93809,Kavya Sharma,44,Other,Central,Indore,Furniture,Bookshelf,8,32195.15,0.25,191258.73,53878.3,67.87,Cash On Delivery,2,False,Delivered,4
1659,2022-01-09,72759,Pooja Patel,26,Other,South,Hyderabad,Furniture,Chair,7,2529.87,0.12,14719.17,4154.01,90.47,Emi,5,False,Delivered,6
2365,2022-10-18,12074,Ritu Joshi,51,Female,North,Amritsar,Sports,Football,10,14562.6,0.31,86000.34,18267.52,33.55,Cash On Delivery,5,False,Delivered,4
115,2020-02-12,5374,Aditya Chatterjee,39,Female,South,Chennai,Beauty,Hair Oil,6,1270.36,0.06,5747.77,2669.0,62.46,Emi,3,False,Delivered,8
1557,2021-11-29,23869,Amit Reddy,54,Other,South,Bangalore,Books,Fiction Novel,3,789.1,0.18,1449.86,562.04,72.43,Upi,3,False,Cancelled,2
800,2020-12-30,77423,Priya Shah,33,Other,East,Patna,Electronics,Camera,7,56504.32,0.3,197546.47,21532.46,53.78,Cash On Delivery,5,False,Delivered,1
20,2020-01-08,5879,Nisha Nair,12,Other,Central,Nagpur,Sports,Dumbbells,2,2448.88,0.08,3192.22,355.63,47.54,Cash On Delivery,3,False,Delivered,9
3912,2024-08-17,72269,Ritu Gupta,41,Female,South,Bangalore,Electronics,Headphones,3,51479.19,0.25,182018.37,19016.37,55.15,Upi,3,False,Pending,3
4036,2024-10-17,12279,Meera Patel,34,Other,North,Ludhiana,Groceries,Flour,8,184.25,0.21,1215.29,77.92,46.09,Credit Card,3,False,Shipped,6
2381,2022-10-28,35452,Rahul Singh,36,Female,North,Ludhiana,Electronics,Camera,6,6441.62,0.27,31528.73,5997.64,53.2,Emi,3,False,Cancelled,8
1862,2022-04-02,38887,Aditya Nair,39,Other,West,Ahmedabad,Groceries,Dal (1Kg),3,475.6,0.18,1586.7,154.07,65.63,Credit Card,1,False,Shipped,10
4033,2024-10-16,1456,Ananya Singh,40,Other,Central,Bhopal,Furniture,Chair,2,8590.53,0.23,12705.04,3529.2,40.59,Credit Card,5,False,Delivered,6
4061,2024-10-27,83988,Arjun Bose,18,Female,North,Ludhiana,Furniture,Bed Frame,1,14589.01,0.2,13208.25,3174.45,52.97,Credit Card,3,False,Delivered,1
2662,2023-02-27,2913,Nisha Kumar,32,Female,East,Kolkata,Books,Fiction Novel,2,484.9,0.1,1040.24,423.7,69.41,Net Banking,1,False,Delivered,10
1421,2021-10-02,32538,Amit Rao,24,Other,South,Bangalore,Electronics,Laptop,10,23157.51,0.12,176221.6,21453.69,53.6,Net Banking,3,False,Delivered,4
3373,2023-12-30,23969,Rahul Mehta,27,Male,Central,Raipur,Books,Textbook,9,609.86,0.14,3554.23,1923.48,54.96,Emi,3,False,Shipped,1
2686,2023-03-11,63976,Vikram Verma,42,Male,South,Hyderabad,Clothing,Jacket,8,570.18,0.04,5294.75,1738.46,56.28,Credit Card,2,False,Delivered,4
2630,2023-02-14,21078,Meera Kapoor,33,Female,North,Ludhiana,Electronics,Laptop,9,41854.41,0.33,247342.73,30449.06,42.16,Debit Card,2,False,Delivered,8
1893,2022-04-16,98008,Amit Singh,39,Female,Central,Bhopal,Clothing,Dress,3,3710.29,0.05,14616.34,5360.81,62.88,Cash On Delivery,4,False,Delivered,4
1702,2022-01-30,81394,Nikhil Kumar,27,Male,North,Amritsar,Beauty,Hair Oil,10,2477.1,0.19,19204.0,9210.86,24.71,Credit Card,5,False,Cancelled,8
781,2020-12-21,92097,Nisha Gupta,44,Male,South,Hyderabad,Sports,Cycle,8,12540.64,0.16,54877.82,12900.73,44.66,Upi,1,False,Delivered,8
2838,2023-05-20,32623,Ananya Verma,17,Female,East,Patna,Beauty,Shampoo,8,211.05,0.17,2271.48,1315.77,75.69,Net Banking,3,True,Returned,3
983,2021-03-24,1477,Karan Mishra,49,Female,North,Delhi,Sports,Yoga Mat,7,2782.21,0.21,13694.75,1856.34,60.88,Net Banking,3,False,Delivered,4
1403,2021-09-25,2694,Priya Chatterjee,19,Male,Central,Raipur,Beauty,Hair Oil,7,210.31,0.23,1209.0,600.88,67.46,Upi,5,True,Returned,6
3034,2023-08-05,76477,Sunita Bose,33,Female,East,Guwahati,Furniture,Chair,2,27227.5,0.27,53652.43,18467.9,69.07,Net Banking,5,False,Delivered,9
3420,2024-01-22,83939,Priya Bose,49,Male,Central,Indore,Sports,Tennis Racket,2,11637.71,0.03,20228.5,3894.99,49.76,Emi,4,True,Returned,6
2386,2022-10-29,85891,Aditya Mishra,30,Male,South,Hyderabad,Books,Self-Help Book,10,1494.95,0.38,9412.99,4806.77,81.37,Credit Card,3,True,Returned,6
379,2020-06-10,57932,Rohan Bhat,24,Male,Central,Bhopal,Clothing,Jeans,2,1835.19,0.03,4360.69,1812.7,37.12,Emi,5,False,Delivered,2
734,2020-12-01,76439,Aarav Mishra,25,Other,Central,Indore,Clothing,Dress,2,3263.53,0.28,3766.06,1284.73,57.51,Net Banking,2,False,Delivered,10
1911,2022-04-24,11183,Aditya Patel,19,Female,East,Kolkata,Books,Fiction Novel,5,610.98,0.16,3679.38,1422.56,53.99,Cash On Delivery,4,False,Delivered,4
2647,2023-02-18,98321,Ananya Shah,30,Male,North,Delhi,Books,Cook Book,4,1488.05,0.16,5878.72,1895.88,33.95,Debit Card,3,True,Returned,9
664,2020-10-28,76842,Shreya Gupta,47,Female,South,Hyderabad,Books,Textbook,8,513.63,0.17,2804.09,1009.57,48.54,Cash On Delivery,4,False,Delivered,1
346,2020-05-28,21580,Pooja Bhat,35,Other,East,Kolkata,Groceries,Sugar,9,213.6,0.32,1665.43,193.99,101.52,Net Banking,4,False,Cancelled,4
3434,2024-01-29,36372,Vikram Gupta,26,Other,North,Amritsar,Beauty,Sunscreen,4,1120.04,0.0,4784.7,1051.2,70.2,Credit Card,5,False,Delivered,6
2070,2022-07-02,88932,Aditya Pillai,42,Female,North,Ludhiana,Electronics,Headphones,5,14814.19,0.21,105694.63,11127.91,56.42,Debit Card,3,False,Pending,1
495,2020-08-05,95892,Vikram Gupta,40,Other,East,Guwahati,Groceries,Rice (5Kg),4,57.97,0.1,258.54,16.67,74.15,Net Banking,3,False,Delivered,9
1008,2021-04-01,58835,Meera Iyer,45,Male,Central,Bhopal,Groceries,Flour,2,438.16,0.25,855.21,70.3,76.82,Debit Card,5,False,Delivered,2
1435,2021-10-08,41321,Ritu Bhat,23,Male,North,Chandigarh,Groceries,Cooking Oil,5,312.3,0.12,1270.29,110.96,25.67,Cash On Delivery,3,False,Delivered,8
3713,2024-06-07,56250,Shreya Shah,26,Female,South,Bangalore,Clothing,T-Shirt,8,3182.92,0.17,35409.06,17485.08,81.77,Upi,5,False,Delivered,9
2022,2022-06-10,15844,Rohan Verma,39,Female,East,Guwahati,Clothing,Kurta,3,1256.16,0.05,5186.09,2331.26,90.36,Emi,5,False,Delivered,9
219,2020-04-05,81881,Sanjay Mishra,34,Male,Central,Indore,Beauty,Face Cream,9,1356.81,0.01,13938.43,5273.14,76.63,Credit Card,3,False,Delivered,4
138,2020-02-24,54691,Priya Shah,27,Female,East,Patna,Beauty,Sunscreen,3,1655.54,0.25,2825.92,1777.23,81.69,Upi,3,False,Delivered,5
2813,2023-05-04,45426,Arjun Patel,20,Other,South,Kochi,Beauty,Lipstick,6,2373.35,0.3,15281.74,8565.14,54.97,Cash On Delivery,3,False,Delivered,3
2397,2022-11-02,53890,Kavya Kapoor,46,Other,North,Chandigarh,Clothing,Dress,3,1457.48,0.04,3326.03,1139.23,47.06,Credit Card,5,False,Delivered,10
617,2020-10-03,56731,Rohan Bhat,52,Female,South,Bangalore,Electronics,Smartwatch,4,72305.61,0.03,221219.87,28168.08,54.29,Debit Card,4,True,Returned,10
973,2021-03-20,18672,Rahul Rao,12,Other,West,Mumbai,Beauty,Hair Oil,3,956.76,0.28,2408.87,1153.68,89.77,Credit Card,3,False,Delivered,9
3961,2024-09-04,41469,Ananya Singh,28,Male,West,Mumbai,Electronics,Smartphone,3,57941.59,0.17,202708.19,27362.05,70.62,Credit Card,2,True,Returned,5
4195,2024-12-28,13220,Ritu Gupta,36,Other,East,Bhubaneswar,Furniture,Desk,9,21875.15,0.01,161990.01,51700.42,87.08,Credit Card,4,False,Delivered,10
3605,2024-04-19,13355,Aarav Rao,31,Other,West,Surat,Electronics,Headphones,5,48881.01,0.29,271257.62,14499.23,74.54,Upi,4,False,Shipped,2
1381,2021-09-15,67856,Ananya Shah,46,Other,East,Bhubaneswar,Books,Comic Book,1,1391.59,0.04,1424.19,496.68,84.05,Net Banking,4,False,Shipped,5
2719,2023-03-25,7357,Meera Nair,24,Female,West,Surat,Furniture,Bed Frame,6,16778.26,0.34,79749.85,20899.58,68.68,Upi,3,False,Delivered,9
779,2020-12-19,99814,Sunita Reddy,51,Female,North,Amritsar,Electronics,Camera,9,59205.69,0.29,281237.44,26659.17,68.68,Debit Card,4,False,Delivered,8
2925,2023-06-19,97817,Ritu Mishra,20,Other,East,Patna,Electronics,Smartphone,10,54102.6,0.36,523395.38,62065.82,73.13,Debit Card,3,False,Delivered,7
4101,2024-11-16,53114,Kavya Bose,35,Female,West,Pune,Electronics,Headphones,3,36271.47,0.08,106383.22,8562.92,64.31,Credit Card,2,True,Returned,10
3749,2024-06-21,71536,Amit Bose,49,Male,North,Ludhiana,Books,Fiction Novel,6,587.3,0.23,4643.97,1923.83,52.24,Net Banking,5,False,Delivered,5
1544,2021-11-23,3481,Rahul Mishra,23,Male,South,Chennai,Furniture,Bed Frame,7,32709.32,0.15,154037.83,40170.16,86.06,Cash On Delivery,2,False,Delivered,1
1040,2021-04-17,99976,Meera Kumar,20,Other,Central,Indore,Groceries,Dal (1Kg),7,228.64,0.17,1426.02,99.2,68.16,Net Banking,1,False,Delivered,8
1527,2021-11-17,25719,Nikhil Chatterjee,42,Other,North,Ludhiana,Groceries,Tea,3,308.05,0.19,531.13,41.25,45.78,Cash On Delivery,3,False,Delivered,2
164,2020-03-12,97663,Aarav Singh,34,Male,North,Ludhiana,Clothing,Kurta,9,3971.91,0.18,32366.71,14702.14,47.38,Cash On Delivery,3,False,Pending,4
2287,2022-09-19,48005,Deepa Nair,48,Other,South,Chennai,Electronics,Headphones,7,10316.01,0.33,50301.08,6888.17,90.01,Net Banking,3,False,Delivered,4
3296,2023-11-25,49836,Amit Bose,32,Other,Central,Raipur,Clothing,Saree,4,2037.61,0.09,7459.65,2991.98,28.18,Cash On Delivery,1,True,Returned,7
2542,2023-01-09,20603,Aditya Patel,47,Other,North,Delhi,Furniture,Desk,4,16407.34,0.13,51661.63,18819.99,55.63,Cash On Delivery,3,False,Delivered,7
1038,2021-04-15,91204,Ananya Mishra,43,Other,East,Patna,Furniture,Chair,9,19514.51,0.21,215673.94,71953.35,87.81,Debit Card,1,True,Returned,9
886,2021-02-04,50029,Rohan Mehta,27,Other,West,Mumbai,Clothing,T-Shirt,10,1064.5,0.2,8259.53,3321.3,64.42,Cash On Delivery,4,False,Delivered,9
2510,2022-12-25,29676,Arjun Rao,43,Other,South,Hyderabad,Beauty,Shampoo,4,1024.2,0.28,2046.31,485.53,57.96,Net Banking,2,False,Delivered,9
3352,2023-12-20,97209,Karan Iyer,36,Female,South,Bangalore,Sports,Cricket Bat,5,11277.04,0.03,47607.55,14946.09,96.43,Emi,2,False,Shipped,8
3714,2024-06-07,48600,Kavya Reddy,23,Female,East,Kolkata,Clothing,Saree,6,3566.25,0.19,31426.55,12874.37,94.51,Emi,5,False,Delivered,2
941,2021-03-01,76016,Sanjay Gupta,27,Other,South,Hyderabad,Sports,Tennis Racket,1,10397.72,0.21,10108.14,2948.56,88.19,Net Banking,1,False,Shipped,2
669,2020-10-29,66974,Aarav Sharma,34,Other,East,Guwahati,Clothing,Kurta,3,562.94,0.27,1022.04,309.8,88.97,Upi,2,True,Returned,1
2173,2022-08-11,84895,Vikram Mishra,37,Other,North,Amritsar,Electronics,Camera,9,54464.82,0.0,647259.03,89846.44,53.63,Credit Card,3,False,Delivered,4
737,2020-12-02,84086,Priya Singh,21,Male,North,Amritsar,Groceries,Tea,9,335.03,0.34,1431.69,93.14,59.48,Net Banking,4,True,Returned,1
2712,2023-03-22,21655,Amit Reddy,29,Other,North,Chandigarh,Groceries,Sugar,8,172.53,0.22,1491.46,177.24,47.93,Credit Card,3,False,Delivered,4
3079,2023-08-22,74717,Ananya Bhat,24,Female,East,Patna,Sports,Cricket Bat,1,7788.48,0.16,9678.82,2560.56,67.88,Emi,4,False,Shipped,3
93,2020-02-06,28742,Kavya Bhat,38,Female,East,Kolkata,Beauty,Hair Oil,3,1535.87,0.04,3186.03,1346.8,86.51,Cash On Delivery,5,True,Returned,7
2847,2023-05-25,62909,Aditya Bose,31,Female,West,Ahmedabad,Groceries,Flour,8,399.28,0.11,5100.96,406.96,62.93,Cash On Delivery,4,False,Shipped,2
2511,2022-12-25,68061,Sunita Chatterjee,34,Male,South,Hyderabad,Groceries,Rice (5Kg),7,89.81,0.34,325.22,31.2,64.12,Emi,3,False,Delivered,5
1066,2021-04-27,14264,Ananya Singh,35,Male,North,Delhi,Sports,Tennis Racket,6,7246.81,0.21,51448.04,9498.99,40.22,Cash On Delivery,4,False,Delivered,10
3740,2024-06-18,25398,Nikhil Nair,27,Other,Central,Bhopal,Groceries,Cooking Oil,5,167.05,0.13,268.86,21.3,51.15,Net Banking,5,False,Delivered,10
3053,2023-08-13,70734,Meera Kumar,30,Female,Central,Nagpur,Furniture,Desk,10,5902.83,0.26,61642.35,21436.01,63.39,Credit Card,3,False,Delivered,7
3174,2023-10-04,106,Ananya Bhat,21,Female,Central,Indore,Books,Cook Book,9,641.84,0.21,5619.07,2471.08,20.79,Cash On Delivery,1,False,Delivered,5
3942,2024-08-27,76909,Arjun Bose,29,Male,South,Hyderabad,Sports,Yoga Mat,9,4499.21,0.06,57299.76,12249.26,66.59,Net Banking,2,False,Delivered,4
201,2020-03-30,39806,Sanjay Bhat,27,Other,West,Mumbai,Beauty,Face Cream,4,2430.1,0.03,8709.27,5472.38,60.42,Debit Card,5,False,Delivered,1
582,2020-09-17,42583,Nisha Rao,31,Other,South,Bangalore,Books,Cook Book,1,587.49,0.09,560.43,178.2,82.7,Debit Card,3,False,Delivered,6
571,2020-09-10,29775,Deepa Sharma,16,Other,Central,Raipur,Books,Biography,1,565.12,0.08,539.57,249.41,49.52,Upi,4,False,Delivered,4
2281,2022-09-18,68153,Aditya Das,45,Female,North,Amritsar,Beauty,Perfume,9,2226.07,0.16,18524.57,7612.81,50.45,Emi,4,False,Delivered,2
2777,2023-04-17,15930,Rahul Bhat,33,Female,North,Chandigarh,Beauty,Face Cream,6,438.59,0.26,2826.56,1014.02,64.81,Net Banking,3,True,Returned,9
1949,2022-05-11,55786,Deepa Mehta,20,Female,South,Chennai,Beauty,Face Cream,6,2429.19,0.34,14916.43,8055.68,40.45,Upi,2,False,Delivered,10
1516,2021-11-14,58345,Nikhil Mishra,24,Other,South,Kochi,Electronics,Smartphone,7,19882.94,0.29,79433.81,8287.36,61.0,Emi,1,False,Shipped,3
1425,2021-10-04,22978,Nikhil Bhat,34,Male,North,Ludhiana,Sports,Cycle,4,13459.01,0.32,39215.89,10601.74,48.42,Credit Card,2,False,Delivered,6
2846,2023-05-25,56492,Ananya Gupta,35,Male,South,Kochi,Furniture,Wardrobe,10,31142.23,0.12,475250.99,133297.06,90.65,Upi,4,False,Cancelled,1
619,2020-10-04,73824,Rohan Kapoor,36,Male,Central,Raipur,Furniture,Wardrobe,5,11291.76,0.4,21297.23,5332.78,40.67,Credit Card,4,False,Shipped,6
2258,2022-09-10,95281,Shreya Bose,34,Male,East,Kolkata,Sports,Football,5,541.85,0.04,618.29,107.23,87.16,Upi,2,False,Delivered,1
3441,2024-02-01,2308,Rahul Sharma,21,Female,South,Hyderabad,Electronics,Smartwatch,6,71178.54,0.11,482509.98,50570.5,74.9,Upi,3,False,Delivered,2
1690,2022-01-23,13726,Sanjay Joshi,42,Other,East,Guwahati,Books,Self-Help Book,1,293.65,0.21,216.04,87.2,77.91,Credit Card,3,False,Shipped,3
1139,2021-05-29,11240,Deepa Iyer,37,Other,West,Pune,Clothing,Saree,5,3466.72,0.15,22647.02,8403.3,47.97,Net Banking,3,False,Pending,8
2223,2022-08-28,98444,Ritu Mehta,15,Male,East,Guwahati,Sports,Dumbbells,1,8591.44,0.03,11764.77,2988.26,69.66,Upi,3,False,Delivered,8
1042,2021-04-18,52708,Shreya Bhat,31,Female,North,Delhi,Beauty,Lipstick,7,1384.15,0.23,10118.86,4454.79,62.32,Debit Card,4,False,Delivered,9
452,2020-07-18,52335,Nisha Patel,52,Male,West,Ahmedabad,Books,Textbook,4,565.17,0.05,2606.02,1227.07,78.29,Credit Card,4,False,Delivered,6
28,2020-01-11,3400,Karan Mishra,23,Male,Central,Indore,Sports,Football,7,12178.99,0.01,66009.55,17076.44,51.51,Upi,5,False,Cancelled,10
3478,2024-02-20,86909,Amit Reddy,44,Female,Central,Nagpur,Groceries,Rice (5Kg),7,447.52,0.3,2656.34,182.91,47.41,Cash On Delivery,3,False,Delivered,5
350,2020-05-30,72810,Arjun Reddy,26,Male,East,Guwahati,Clothing,Kurta,10,2738.51,0.12,31229.97,10815.02,81.19,Credit Card,5,False,Delivered,4
2384,2022-10-28,51225,Ananya Kumar,23,Other,West,Mumbai,Sports,Dumbbells,5,10898.37,0.05,11714.4,2224.47,82.53,Debit Card,5,False,Cancelled,10
2052,2022-06-23,10079,Pooja Singh,29,Male,South,Bangalore,Electronics,Smartwatch,8,48445.16,0.26,371584.08,63270.83,70.06,Cash On Delivery,5,False,Delivered,8
1961,2022-05-16,60023,Rohan Rao,32,Female,West,Mumbai,Sports,Dumbbells,6,1826.8,0.07,14790.65,3473.29,74.41,Credit Card,2,True,Returned,6
404,2020-06-22,2130,Vikram Shah,16,Female,West,Ahmedabad,Books,Textbook,3,541.31,0.06,2139.34,731.39,56.62,Cash On Delivery,5,False,Delivered,8
742,2020-12-03,42571,Meera Kumar,39,Male,West,Pune,Books,Comic Book,2,1291.54,0.29,1186.63,359.86,74.76,Emi,3,False,Delivered,4
317,2020-05-19,52213,Kavya Iyer,53,Other,South,Bangalore,Groceries,Rice (5Kg),4,429.54,0.06,2163.54,148.28,61.97,Credit Card,2,True,Returned,7
2982,2023-07-15,81628,Rahul Shah,33,Other,West,Surat,Beauty,Perfume,10,2340.48,0.21,30857.19,16769.4,65.62,Emi,2,False,Delivered,9
3440,2024-02-01,60633,Priya Mehta,28,Male,East,Kolkata,Clothing,Dress,6,604.18,0.2,2790.47,661.77,84.73,Debit Card,5,False,Delivered,2
318,2020-05-20,80292,Ritu Shah,20,Other,Central,Raipur,Sports,Tennis Racket,7,4673.19,0.33,25140.26,7454.48,59.8,Cash On Delivery,1,False,Delivered,4
2292,2022-09-21,8013,Ritu Gupta,41,Other,East,Bhubaneswar,Sports,Yoga Mat,2,8645.73,0.24,14376.69,3461.36,94.07,Emi,4,True,Returned,3
4161,2024-12-11,28262,Aarav Patel,22,Male,South,Chennai,Groceries,Rice (5Kg),3,55.73,0.25,132.26,9.16,67.07,Credit Card,4,True,Returned,9
2099,2022-07-12,13620,Amit Das,39,Male,South,Hyderabad,Beauty,Shampoo,4,1632.26,0.4,5867.49,2226.87,61.99,Upi,4,False,Delivered,7
129,2020-02-19,20302,Aditya Gupta,48,Other,South,Bangalore,Clothing,Saree,8,967.73,0.36,4117.6,1596.92,73.93,Credit Card,3,True,Returned,6
3339,2023-12-16,29727,Amit Kumar,29,Male,South,Chennai,Furniture,Desk,9,14900.48,0.2,103163.26,31355.08,45.89,Debit Card,4,False,Delivered,9
2780,2023-04-18,961,Nisha Kumar,37,Female,Central,Nagpur,Beauty,Perfume,8,899.3,0.17,8975.56,3421.59,71.55,Credit Card,2,False,Delivered,3
1597,2021-12-14,58607,Kavya Kumar,25,Male,Central,Indore,Beauty,Face Cream,1,2412.42,0.02,1867.03,770.96,51.08,Cash On Delivery,1,False,Delivered,10
2643,2023-02-17,2524,Amit Patel,50,Male,West,Pune,Sports,Cricket Bat,6,9703.74,0.16,52648.79,8966.19,50.19,Emi,1,False,Delivered,7
3637,2024-04-30,91185,Karan Rao,19,Other,Central,Nagpur,Beauty,Face Cream,3,2213.0,0.1,9293.85,4453.78,86.73,Emi,4,False,Delivered,10
3586,2024-04-09,91393,Meera Pillai,42,Other,North,Ludhiana,Sports,Cycle,1,7923.79,0.02,12021.65,3631.41,54.15,Cash On Delivery,3,False,Shipped,6
2974,2023-07-11,6333,Amit Verma,44,Other,North,Amritsar,Clothing,Jacket,6,1202.81,0.08,9663.61,2700.5,84.89,Net Banking,1,True,Returned,6
3801,2024-07-11,68786,Rahul Sharma,38,Other,West,Mumbai,Sports,Football,2,13574.46,0.31,32632.91,9812.3,49.47,Net Banking,3,False,Delivered,7
1247,2021-07-16,10958,Rahul Nair,52,Male,North,Chandigarh,Sports,Tennis Racket,9,10077.49,0.34,84123.31,16599.27,71.95,Cash On Delivery,3,False,Delivered,2
428,2020-07-08,48382,Priya Kumar,47,Female,Central,Nagpur,Groceries,Flour,4,443.03,0.32,1593.89,115.6,71.82,Debit Card,4,False,Shipped,2
3405,2024-01-14,34808,Ritu Shah,36,Male,North,Chandigarh,Electronics,Smartwatch,1,16829.03,0.04,16558.81,2537.33,43.96,Credit Card,1,True,Returned,9
3621,2024-04-23,65858,Karan Nair,24,Female,East,Kolkata,Clothing,Kurta,10,3066.81,0.02,47758.51,19208.34,77.64,Net Banking,2,False,Delivered,9
2736,2023-03-30,35540,Kavya Reddy,26,Male,West,Ahmedabad,Clothing,Dress,8,1829.04,0.24,14780.74,6166.69,80.06,Net Banking,3,False,Cancelled,4
2856,2023-05-28,18697,Karan Verma,54,Female,North,Chandigarh,Furniture,Bed Frame,8,30782.92,0.11,356477.73,116445.94,61.27,Emi,3,False,Delivered,2
1999,2022-06-01,83431,Aditya Patel,53,Other,West,Mumbai,Beauty,Sunscreen,7,1167.86,0.15,10729.59,5022.26,56.89,Debit Card,2,False,Delivered,8
2823,2023-05-11,96063,Shreya Iyer,25,Other,North,Chandigarh,Electronics,Smartphone,9,6647.49,0.34,68948.2,8595.88,51.47,Cash On Delivery,4,False,Delivered,8
51,2020-01-20,27973,Shreya Pillai,13,Male,South,Hyderabad,Beauty,Perfume,6,1952.59,0.14,6658.21,3867.94,38.17,Credit Card,1,False,Shipped,8
1937,2022-05-05,1091,Sunita Das,32,Male,West,Pune,Beauty,Shampoo,3,1685.48,0.05,6564.17,3034.89,79.19,Debit Card,1,False,Cancelled,1
1851,2022-03-30,81634,Ananya Kumar,36,Male,West,Surat,Electronics,Tablet,1,28957.64,0.33,18619.85,1514.95,63.73,Debit Card,5,False,Delivered,10
3966,2024-09-07,46541,Deepa Das,32,Other,East,Kolkata,Beauty,Perfume,3,1229.88,0.16,4385.27,2310.74,75.88,Credit Card,5,False,Pending,4
2914,2023-06-13,62247,Aditya Rao,47,Male,South,Hyderabad,Clothing,Saree,2,1474.66,0.16,3493.62,1237.15,83.0,Cash On Delivery,2,False,Delivered,9
3096,2023-08-30,81977,Sunita Verma,35,Female,East,Patna,Groceries,Dal (1Kg),9,132.91,0.37,1379.32,95.16,84.31,Cash On Delivery,1,False,Delivered,4
2175,2022-08-12,77531,Deepa Gupta,37,Male,South,Kochi,Beauty,Shampoo,2,2364.83,0.07,5331.18,2254.41,60.96,Emi,1,False,Delivered,4
3027,2023-08-04,20866,Kavya Rao,26,Female,West,Pune,Sports,Yoga Mat,10,10231.86,0.33,98825.46,17642.86,40.2,Credit Card,2,False,Delivered,9
3598,2024-04-14,37246,Aarav Mehta,22,Female,East,Patna,Books,Biography,1,675.6,0.09,960.99,301.26,94.17,Net Banking,5,False,Shipped,5
2959,2023-07-06,1768,Sunita Patel,34,Female,Central,Nagpur,Electronics,Headphones,3,69702.56,0.36,204235.41,30667.19,72.01,Emi,5,False,Delivered,2
3349,2023-12-20,44606,Nisha Mehta,59,Other,East,Kolkata,Beauty,Face Cream,4,1670.09,0.39,3402.85,1861.74,94.95,Upi,1,True,Returned,6
3923,2024-08-20,86711,Ritu Chatterjee,20,Female,West,Ahmedabad,Furniture,Bed Frame,7,14200.86,0.14,123743.08,37065.68,54.52,Debit Card,2,False,Delivered,10
1417,2021-09-30,32469,Aditya Das,31,Male,East,Patna,Books,Comic Book,3,751.24,0.34,1754.21,458.13,103.5,Debit Card,3,False,Delivered,10
3066,2023-08-18,82969,Ritu Joshi,50,Female,South,Hyderabad,Furniture,Wardrobe,7,34829.83,0.27,251225.51,87253.16,74.92,Emi,1,False,Delivered,9
432,2020-07-09,5737,Karan Bose,36,Other,South,Chennai,Clothing,T-Shirt,2,2956.54,0.38,4033.47,1730.04,80.22,Debit Card,4,False,Delivered,3
3073,2023-08-20,40607,Amit Kapoor,29,Male,Central,Bhopal,Sports,Tennis Racket,4,5660.42,0.24,22682.85,4781.05,52.61,Upi,5,False,Shipped,6
64,2020-01-23,37898,Shreya Patel,53,Female,North,Ludhiana,Clothing,Kurta,1,3054.0,0.03,2217.29,558.25,82.49,Emi,4,False,Delivered,9
3968,2024-09-08,99406,Ritu Gupta,28,Other,West,Ahmedabad,Clothing,Jeans,1,3018.11,0.0,3776.1,922.32,65.86,Debit Card,3,False,Cancelled,3
447,2020-07-16,75670,Kavya Mehta,20,Other,East,Patna,Books,Biography,4,585.03,0.39,1538.2,656.23,105.88,Net Banking,5,False,Delivered,1
174,2020-03-16,91348,Meera Reddy,35,Other,North,Chandigarh,Groceries,Flour,9,167.67,0.25,1072.27,93.59,68.23,Cash On Delivery,1,False,Delivered,7
3612,2024-04-21,81078,Shreya Mishra,46,Female,North,Delhi,Books,Fiction Novel,9,518.93,0.18,6095.48,2092.32,33.55,Net Banking,3,False,Delivered,3
3829,2024-07-23,62705,Sunita Rao,12,Other,South,Kochi,Books,Textbook,9,1016.4,0.28,11448.61,5111.04,85.13,Emi,2,False,Delivered,5
685,2020-11-06,18067,Amit Mishra,34,Female,South,Hyderabad,Sports,Cricket Bat,1,1702.99,0.09,1106.02,224.4,73.43,Credit Card,5,False,Delivered,4
4098,2024-11-15,64023,Karan Nair,23,Male,South,Hyderabad,Furniture,Desk,9,21959.46,0.26,157002.59,28723.82,58.03,Debit Card,1,False,Delivered,3
959,2021-03-11,32919,Ritu Patel,34,Female,North,Chandigarh,Electronics,Tablet,7,75319.55,0.06,571655.9,51762.81,44.32,Debit Card,3,False,Delivered,3
3243,2023-11-02,21449,Rahul Bose,36,Other,Central,Nagpur,Furniture,Bed Frame,6,12617.99,0.05,66859.47,19527.7,32.57,Debit Card,4,False,Delivered,9
153,2020-03-03,65087,Sunita Reddy,35,Female,East,Kolkata,Books,Cook Book,1,928.19,0.29,699.17,249.77,65.35,Net Banking,5,False,Cancelled,9
1408,2021-09-26,69520,Sanjay Singh,31,Other,West,Mumbai,Clothing,Jacket,6,1744.18,0.2,8503.76,2737.92,72.31,Cash On Delivery,5,False,Shipped,5
3874,2024-08-07,96272,Meera Shah,34,Female,North,Ludhiana,Beauty,Lipstick,8,1652.49,0.27,14214.4,5014.0,26.94,Net Banking,1,False,Delivered,2
2425,2022-11-15,81941,Aditya Iyer,36,Male,North,Chandigarh,Sports,Football,4,1627.2,0.35,3842.87,894.8,32.06,Emi,4,False,Delivered,1
1605,2021-12-16,74310,Rohan Bhat,29,Female,West,Surat,Clothing,Dress,1,3977.51,0.3,1958.29,447.76,61.65,Upi,1,False,Delivered,9
3886,2024-08-09,37843,Rahul Iyer,22,Other,West,Mumbai,Books,Cook Book,10,742.8,0.27,7769.9,2273.34,49.53,Cash On Delivery,5,False,Delivered,2
508,2020-08-13,12889,Priya Verma,21,Other,West,Surat,Groceries,Sugar,10,321.17,0.36,2171.58,181.47,51.28,Net Banking,5,False,Delivered,1
161,2020-03-09,18225,Deepa Chatterjee,33,Male,South,Hyderabad,Books,Textbook,6,997.06,0.35,3628.96,1433.29,49.84,Cash On Delivery,3,False,Delivered,4
2799,2023-04-28,4344,Rahul Bose,35,Female,South,Hyderabad,Groceries,Flour,10,310.75,0.28,2966.57,220.38,68.83,Emi,3,False,Delivered,7
3209,2023-10-19,57413,Karan Patel,23,Female,Central,Indore,Sports,Cycle,3,13795.34,0.33,30187.27,7482.85,39.48,Credit Card,5,False,Delivered,9
2760,2023-04-10,27593,Nikhil Shah,49,Male,West,Pune,Sports,Cycle,3,11672.79,0.26,39508.65,10514.43,77.35,Emi,2,False,Shipped,2
1910,2022-04-24,866,Nisha Joshi,18,Female,Central,Raipur,Electronics,Tablet,1,23696.79,0.36,19360.65,2981.96,18.02,Emi,4,False,Delivered,9
3867,2024-08-05,39793,Shreya Mishra,48,Male,South,Kochi,Electronics,Laptop,8,50411.34,0.17,538833.63,74291.94,56.86,Upi,2,False,Delivered,7
740,2020-12-03,43436,Aarav Verma,36,Female,East,Bhubaneswar,Beauty,Face Cream,5,1245.93,0.14,3724.57,1585.85,84.66,Cash On Delivery,4,False,Delivered,4
3403,2024-01-13,49423,Ananya Rao,43,Male,North,Ludhiana,Furniture,Bed Frame,4,10877.51,0.4,25389.56,5507.59,72.07,Net Banking,5,False,Delivered,9
3091,2023-08-29,39206,Amit Mehta,32,Other,South,Kochi,Furniture,Desk,6,11929.15,0.13,90019.76,15285.49,66.85,Net Banking,5,False,Cancelled,4
2040,2022-06-17,10264,Ritu Bose,21,Other,North,Ludhiana,Beauty,Hair Oil,9,217.37,0.23,2271.02,949.07,51.63,Emi,2,True,Returned,8
3367,2023-12-29,44669,Sunita Mishra,33,Other,Central,Bhopal,Electronics,Smartphone,4,76576.24,0.36,154095.36,19680.31,60.02,Net Banking,5,False,Delivered,2
724,2020-11-27,48812,Arjun Reddy,25,Other,North,Delhi,Sports,Yoga Mat,1,8581.84,0.17,4599.35,941.93,62.41,Upi,3,False,Delivered,6
841,2021-01-20,59671,Vikram Bhat,28,Female,East,Bhubaneswar,Groceries,Rice (5Kg),4,246.81,0.32,564.98,41.55,95.51,Cash On Delivery,2,False,Cancelled,6
2154,2022-08-03,23836,Karan Rao,30,Female,West,Surat,Clothing,Saree,8,1988.03,0.22,14005.89,4000.64,66.85,Cash On Delivery,3,False,Delivered,5
2230,2022-08-30,49677,Vikram Rao,36,Other,East,Kolkata,Sports,Dumbbells,5,13503.49,0.07,73166.71,10338.38,81.11,Debit Card,3,False,Delivered,9
31,2020-01-12,59076,Nisha Shah,34,Male,West,Mumbai,Furniture,Bed Frame,9,5472.53,0.02,34892.59,10855.26,69.37,Net Banking,2,False,Delivered,3
2694,2023-03-14,76215,Ananya Reddy,49,Female,North,Chandigarh,Clothing,T-Shirt,9,3251.19,0.13,25267.42,8081.15,70.98,Debit Card,2,True,Returned,9
3260,2023-11-09,4203,Ananya Patel,41,Female,Central,Bhopal,Beauty,Hair Oil,4,1738.78,0.07,5920.27,1693.39,61.38,Net Banking,1,True,Returned,2
624,2020-10-06,7175,Kavya Joshi,44,Male,East,Kolkata,Electronics,Smartwatch,8,67654.44,0.02,436216.85,54905.07,62.12,Emi,2,False,Pending,6
2814,2023-05-04,78368,Nisha Iyer,31,Male,East,Bhubaneswar,Clothing,Jeans,3,3314.75,0.06,15452.12,3519.97,85.4,Debit Card,2,False,Delivered,8
2201,2022-08-17,38678,Karan Reddy,25,Male,West,Surat,Electronics,Headphones,4,67647.58,0.07,353527.87,36275.65,52.43,Emi,2,False,Delivered,8
209,2020-04-01,38184,Amit Bhat,43,Other,North,Chandigarh,Books,Fiction Novel,2,630.66,0.15,1278.54,414.77,75.82,Cash On Delivery,3,False,Delivered,6
2795,2023-04-26,45978,Nikhil Iyer,26,Male,West,Mumbai,Beauty,Shampoo,8,566.96,0.36,4268.95,2029.92,60.59,Debit Card,3,False,Delivered,5
552,2020-09-02,21371,Pooja Rao,34,Male,West,Mumbai,Beauty,Face Cream,2,2054.29,0.27,2751.04,1143.86,51.63,Credit Card,2,False,Cancelled,10
2373,2022-10-23,88880,Nisha Shah,8,Male,West,Surat,Electronics,Smartphone,6,79286.42,0.37,281133.54,33087.68,61.66,Debit Card,3,False,Delivered,8
1147,2021-05-30,78239,Pooja Chatterjee,36,Other,South,Hyderabad,Clothing,Jeans,6,3055.06,0.21,23548.92,8925.17,69.22,Emi,3,False,Delivered,4
3780,2024-07-03,38828,Shreya Bose,45,Male,Central,Raipur,Groceries,Tea,9,276.93,0.27,3183.79,275.46,47.94,Upi,3,False,Delivered,6
97,2020-02-07,92061,Aditya Kumar,27,Other,South,Kochi,Beauty,Hair Oil,1,918.65,0.09,643.64,333.85,73.92,Credit Card,3,False,Shipped,10
3102,2023-09-03,37184,Karan Verma,25,Male,Central,Raipur,Furniture,Bed Frame,1,11522.93,0.02,10840.71,3173.42,65.43,Upi,5,False,Delivered,5
3648,2024-05-04,67942,Rohan Bhat,28,Male,West,Ahmedabad,Electronics,Tablet,2,32171.04,0.1,95994.28,9495.02,70.88,Debit Card,3,True,Returned,7
2349,2022-10-13,17978,Meera Verma,55,Other,Central,Nagpur,Electronics,Laptop,7,16843.15,0.36,63975.84,8190.65,81.28,Cash On Delivery,3,False,Delivered,3
2944,2023-06-30,91370,Rahul Bhat,41,Other,North,Amritsar,Sports,Dumbbells,7,4046.0,0.11,44053.34,9372.63,42.33,Debit Card,2,False,Delivered,6
3085,2023-08-25,66243,Karan Shah,31,Other,North,Ludhiana,Books,Fiction Novel,10,260.93,0.13,3566.39,1435.04,28.36,Cash On Delivery,3,False,Delivered,1
3781,2024-07-03,2825,Nikhil Joshi,31,Male,South,Kochi,Sports,Tennis Racket,5,4630.14,0.29,28327.7,3969.38,82.73,Debit Card,3,False,Delivered,5
116,2020-02-12,51634,Sunita Bose,52,Male,East,Patna,Sports,Tennis Racket,4,5949.42,0.34,11315.53,2670.63,82.54,Emi,5,False,Delivered,4
2593,2023-02-01,54751,Vikram Sharma,40,Male,Central,Raipur,Beauty,Shampoo,3,2052.63,0.2,5621.99,2360.34,38.92,Cash On Delivery,5,False,Delivered,8
1196,2021-06-23,9212,Ritu Mishra,40,Other,East,Guwahati,Electronics,Headphones,1,40389.09,0.21,51680.51,5290.6,91.67,Cash On Delivery,5,False,Pending,10
3379,2023-12-31,97050,Nisha Iyer,47,Female,South,Kochi,Sports,Yoga Mat,3,2123.23,0.11,4790.25,1126.66,78.63,Net Banking,1,False,Delivered,10
1829,2022-03-22,59422,Vikram Das,44,Other,Central,Raipur,Beauty,Face Cream,1,2044.93,0.23,1828.13,565.0,44.76,Upi,2,True,Returned,2
3844,2024-07-29,42003,Kavya Shah,29,Female,East,Kolkata,Beauty,Lipstick,3,1864.31,0.21,9882.2,4184.16,66.81,Debit Card,2,False,Cancelled,5
374,2020-06-08,62120,Pooja Pillai,21,Male,East,Guwahati,Clothing,Jacket,9,3409.51,0.33,26237.94,12568.82,97.18,Upi,3,False,Cancelled,3
3261,2023-11-09,80345,Pooja Verma,32,Male,South,Kochi,Electronics,Laptop,4,71997.6,0.08,238162.29,25389.57,76.9,Cash On Delivery,2,False,Delivered,3
3347,2023-12-18,96482,Pooja Chatterjee,36,Other,East,Kolkata,Electronics,Headphones,5,21214.09,0.05,18096.43,1927.45,99.77,Debit Card,2,False,Cancelled,2
2239,2022-09-03,33232,Ritu Kumar,57,Other,West,Pune,Clothing,T-Shirt,3,3199.67,0.02,9330.68,3697.29,67.55,Upi,5,False,Delivered,9
922,2021-02-22,58356,Ananya Sharma,38,Other,West,Ahmedabad,Books,Textbook,4,386.28,0.3,1032.77,513.15,50.89,Emi,5,False,Delivered,5
807,2021-01-04,38805,Nikhil Joshi,26,Female,West,Pune,Furniture,Desk,2,7006.2,0.24,8461.81,2133.62,67.35,Upi,2,False,Delivered,7
434,2020-07-09,66878,Shreya Rao,28,Other,East,Kolkata,Books,Self-Help Book,2,472.49,0.2,1015.04,475.52,89.97,Credit Card,2,False,Delivered,1
3887,2024-08-10,50038,Kavya Reddy,32,Male,East,Patna,Beauty,Face Cream,6,1237.08,0.08,10495.02,5178.08,78.37,Emi,3,False,Delivered,10
3107,2023-09-04,95163,Priya Pillai,28,Male,West,Mumbai,Furniture,Chair,5,18140.26,0.03,21348.67,6686.71,61.79,Upi,4,False,Shipped,10
3010,2023-07-27,41279,Amit Sharma,43,Other,South,Bangalore,Electronics,Smartwatch,4,14557.67,0.17,78608.45,9451.45,67.92,Debit Card,2,False,Shipped,5
1239,2021-07-13,27651,Amit Chatterjee,36,Female,West,Pune,Groceries,Rice (5Kg),4,88.17,0.18,435.55,36.13,74.3,Cash On Delivery,1,True,Returned,7
1115,2021-05-17,88128,Nikhil Patel,40,Other,North,Ludhiana,Sports,Cycle,4,8417.94,0.17,35739.9,7946.19,44.41,Cash On Delivery,3,True,Returned,3
15,2020-01-05,32301,Arjun Bhat,41,Male,South,Kochi,Groceries,Tea,6,375.14,0.19,1288.33,89.5,54.85,Debit Card,1,False,Delivered,9
3772,2024-06-30,20093,Arjun Pillai,38,Female,East,Kolkata,Clothing,Jeans,1,940.26,0.15,1246.04,538.04,74.32,Debit Card,5,False,Delivered,4
3934,2024-08-25,52420,Pooja Patel,37,Male,Central,Nagpur,Books,Textbook,4,504.03,0.09,2819.84,1074.69,58.2,Emi,5,False,Delivered,1
3468,2024-02-13,47776,Arjun Das,38,Female,South,Kochi,Groceries,Cooking Oil,9,121.9,0.27,818.88,88.91,66.37,Debit Card,5,False,Delivered,9
677,2020-11-02,61386,Karan Verma,40,Male,North,Amritsar,Electronics,Headphones,10,28972.39,0.33,130564.4,13703.51,50.2,Emi,3,False,Delivered,8
503,2020-08-11,41086,Ananya Kumar,38,Male,South,Hyderabad,Sports,Football,10,12293.17,0.28,106448.38,22757.35,56.34,Emi,4,False,Delivered,6
2456,2022-11-30,2238,Shreya Kapoor,21,Male,Central,Nagpur,Electronics,Smartphone,10,46339.99,0.36,266029.05,36961.78,81.54,Cash On Delivery,3,False,Delivered,9
263,2020-04-25,31785,Karan Rao,18,Female,Central,Bhopal,Electronics,Laptop,5,77507.61,0.11,80565.98,9703.67,60.01,Debit Card,1,False,Delivered,5
1657,2022-01-08,72051,Sunita Bhat,32,Male,West,Mumbai,Beauty,Sunscreen,2,332.8,0.24,429.47,235.77,47.12,Net Banking,1,False,Delivered,2
3364,2023-12-28,81812,Pooja Chatterjee,20,Female,North,Chandigarh,Clothing,T-Shirt,3,2696.4,0.19,5511.95,1848.17,57.33,Credit Card,5,False,Delivered,10
3526,2024-03-11,1333,Meera Kumar,14,Female,South,Hyderabad,Sports,Football,8,14238.38,0.39,99575.7,21335.83,73.75,Upi,3,True,Returned,3
3758,2024-06-24,81275,Pooja Pillai,20,Female,West,Surat,Electronics,Headphones,4,59208.95,0.03,400648.58,57546.61,86.75,Net Banking,3,False,Delivered,8
1705,2022-01-30,77601,Rohan Mishra,54,Other,West,Mumbai,Furniture,Wardrobe,5,15638.22,0.12,53952.69,13304.82,71.64,Credit Card,1,False,Delivered,4
50,2020-01-19,20234,Rahul Patel,30,Other,South,Hyderabad,Clothing,Jacket,9,1560.64,0.03,9605.16,2702.45,71.03,Cash On Delivery,5,False,Delivered,4
3151,2023-09-27,28094,Meera Shah,39,Male,East,Patna,Sports,Dumbbells,5,3167.34,0.17,17024.05,2543.83,66.83,Upi,4,False,Delivered,10
3880,2024-08-09,49372,Rahul Rao,34,Male,East,Bhubaneswar,Beauty,Perfume,10,323.84,0.18,3695.81,1548.57,79.93,Credit Card,5,False,Delivered,7
1784,2022-03-02,21830,Shreya Joshi,17,Other,South,Bangalore,Sports,Tennis Racket,5,5150.64,0.37,19963.26,3851.26,75.38,Upi,4,False,Pending,3
1483,2021-10-27,97519,Amit Singh,15,Other,Central,Bhopal,Furniture,Wardrobe,8,31666.8,0.27,186136.9,48229.69,70.27,Net Banking,3,False,Delivered,5
1746,2022-02-14,9453,Arjun Gupta,30,Male,North,Delhi,Clothing,Jeans,4,3616.81,0.01,14243.78,3640.83,40.58,Debit Card,4,False,Shipped,2
2669,2023-02-28,70473,Nisha Gupta,34,Male,Central,Nagpur,Electronics,Tablet,8,28881.53,0.38,145274.42,14990.91,36.68,Credit Card,3,False,Shipped,6
1671,2022-01-17,45922,Sunita Chatterjee,44,Other,Central,Bhopal,Beauty,Lipstick,9,1064.67,0.33,5679.24,3280.89,74.79,Cash On Delivery,4,True,Returned,10
944,2021-03-02,74789,Ritu Bose,32,Male,North,Delhi,Groceries,Sugar,9,172.48,0.16,1373.62,111.05,48.27,Debit Card,2,False,Delivered,6
2251,2022-09-08,41014,Deepa Bhat,26,Other,West,Surat,Furniture,Bed Frame,2,21391.95,0.09,42758.89,8615.36,88.4,Debit Card,2,True,Returned,3
466,2020-07-24,73065,Priya Das,35,Female,Central,Nagpur,Clothing,T-Shirt,1,2855.2,0.19,3015.82,1580.35,65.12,Cash On Delivery,1,False,Delivered,1
1518,2021-11-15,66356,Rahul Sharma,45,Male,West,Surat,Clothing,Jacket,2,1623.15,0.33,1938.25,726.9,45.5,Credit Card,3,False,Pending,2
1384,2021-09-17,19005,Sanjay Bose,38,Other,East,Bhubaneswar,Clothing,T-Shirt,1,581.13,0.01,664.52,237.69,85.55,Cash On Delivery,2,False,Delivered,4
383,2020-06-12,78014,Vikram Joshi,39,Male,Central,Raipur,Clothing,T-Shirt,8,2755.32,0.2,24539.81,6803.51,48.26,Upi,1,False,Delivered,4
1525,2021-11-17,73027,Sanjay Kapoor,28,Other,East,Guwahati,Groceries,Dal (1Kg),4,421.33,0.14,1026.65,97.18,82.0,Credit Card,1,False,Delivered,10
2930,2023-06-21,27302,Karan Verma,29,Male,West,Ahmedabad,Beauty,Shampoo,10,325.56,0.29,3569.04,1816.65,46.14,Credit Card,1,False,Cancelled,3
1440,2021-10-11,84528,Vikram Kapoor,36,Other,North,Amritsar,Books,Textbook,10,1279.2,0.17,10694.49,4612.59,38.62,Emi,1,False,Shipped,6
3307,2023-12-01,74033,Vikram Mehta,46,Male,North,Amritsar,Beauty,Shampoo,1,2427.7,0.11,1734.31,605.52,48.85,Credit Card,2,False,Delivered,1
1634,2021-12-29,19177,Sanjay Mehta,55,Other,North,Chandigarh,Clothing,Jacket,6,2259.04,0.36,6753.1,2777.61,41.85,Net Banking,2,False,Delivered,6
772,2020-12-15,40808,Shreya Singh,50,Female,North,Chandigarh,Furniture,Sofa,1,21726.1,0.28,9976.28,2817.21,57.05,Credit Card,4,False,Cancelled,7
3958,2024-09-04,5507,Kavya Das,41,Other,Central,Bhopal,Sports,Dumbbells,9,796.29,0.21,7659.05,1887.36,52.86,Upi,2,False,Delivered,2
1896,2022-04-17,56422,Kavya Shah,23,Female,East,Kolkata,Sports,Cricket Bat,1,8106.93,0.27,7375.32,1061.19,82.98,Credit Card,3,False,Delivered,4
2041,2022-06-18,4308,Sanjay Singh,29,Male,East,Kolkata,Electronics,Smartwatch,8,15107.58,0.15,173570.72,21830.12,77.28,Cash On Delivery,4,False,Delivered,10
78,2020-01-29,3970,Arjun Kumar,21,Other,South,Bangalore,Furniture,Chair,7,4470.73,0.09,22350.68,8417.62,45.52,Cash On Delivery,4,False,Delivered,6
758,2020-12-10,74570,Vikram Patel,37,Other,Central,Nagpur,Books,Textbook,6,593.85,0.02,2492.55,1018.25,30.08,Net Banking,3,False,Delivered,1
305,2020-05-12,10300,Vikram Joshi,35,Other,East,Bhubaneswar,Sports,Yoga Mat,5,6852.57,0.19,30208.26,8215.56,100.86,Emi,5,False,Delivered,10
3198,2023-10-15,60856,Shreya Bhat,50,Female,South,Bangalore,Clothing,Dress,5,2135.46,0.21,1723.9,368.18,84.0,Upi,4,False,Delivered,5
1684,2022-01-21,67104,Aarav Sharma,36,Other,North,Delhi,Sports,Cricket Bat,1,14530.7,0.16,10169.91,2350.09,60.97,Upi,3,True,Returned,8
2637,2023-02-16,1385,Nikhil Sharma,35,Male,South,Bangalore,Books,Textbook,6,893.91,0.15,5253.1,1937.64,87.48,Debit Card,4,False,Shipped,4
13,2020-01-04,86980,Rahul Sharma,31,Male,East,Bhubaneswar,Groceries,Rice (5Kg),5,380.73,0.38,891.35,63.05,69.35,Upi,5,False,Shipped,4
4159,2024-12-11,56892,Karan Gupta,19,Male,South,Bangalore,Electronics,Camera,10,19562.84,0.24,159763.82,22214.02,80.65,Emi,5,False,Shipped,10
3080,2023-08-22,34629,Aarav Singh,37,Other,Central,Nagpur,Groceries,Flour,9,460.52,0.37,3659.71,327.34,48.79,Emi,5,False,Pending,7
2720,2023-03-26,36373,Aarav Kapoor,52,Other,South,Kochi,Groceries,Cooking Oil,7,448.17,0.11,3507.4,212.91,34.25,Emi,5,False,Delivered,2
3318,2023-12-06,94948,Rohan Kapoor,40,Other,Central,Indore,Books,Fiction Novel,9,276.41,0.11,1896.15,853.77,46.35,Upi,2,False,Delivered,6
2315,2022-10-03,44222,Nikhil Pillai,37,Other,North,Ludhiana,Groceries,Rice (5Kg),4,385.4,0.06,1455.0,86.48,49.02,Cash On Delivery,5,False,Delivered,9
568,2020-09-10,35377,Amit Reddy,49,Female,West,Ahmedabad,Furniture,Bed Frame,9,31653.11,0.37,185665.67,62381.83,74.88,Debit Card,3,False,Delivered,2
896,2021-02-07,89978,Ananya Gupta,45,Female,East,Kolkata,Electronics,Smartphone,3,72774.78,0.13,179559.91,15904.32,90.91,Upi,5,False,Delivered,6
3,2020-01-01,37770,Aditya Singh,11,Female,West,Mumbai,Beauty,Face Cream,9,245.9,0.24,1205.28,560.95,45.22,Net Banking,1,True,Returned,6
2261,2022-09-11,28968,Ananya Mehta,25,Male,West,Ahmedabad,Electronics,Camera,5,48089.2,0.19,248755.47,16926.0,96.45,Debit Card,4,False,Delivered,9
4151,2024-12-07,43686,Nikhil Singh,23,Other,North,Delhi,Groceries,Rice (5Kg),4,471.4,0.3,1216.57,70.68,52.55,Emi,4,False,Delivered,9
1430,2021-10-07,37845,Nisha Sharma,25,Other,East,Patna,Books,Fiction Novel,2,986.99,0.37,1052.33,405.51,79.62,Debit Card,2,True,Returned,4
2884,2023-06-03,30359,Nisha Patel,33,Female,West,Pune,Books,Textbook,1,1090.31,0.26,1249.54,613.99,61.28,Net Banking,3,False,Delivered,9
529,2020-08-22,6871,Arjun Sharma,27,Female,South,Chennai,Sports,Football,7,9110.75,0.25,47812.7,10019.9,90.53,Credit Card,2,False,Delivered,7
1422,2021-10-02,97273,Aarav Gupta,37,Other,North,Amritsar,Sports,Cricket Bat,10,12010.26,0.36,68019.81,13038.75,77.19,Upi,1,False,Delivered,10
894,2021-02-05,78346,Aarav Gupta,47,Male,East,Patna,Books,Self-Help Book,10,1043.44,0.34,5862.96,2186.2,79.99,Debit Card,2,False,Delivered,6
1172,2021-06-09,46531,Karan Das,33,Female,South,Kochi,Furniture,Bookshelf,3,33795.77,0.35,90617.58,32809.37,71.57,Upi,5,False,Delivered,9
3633,2024-04-28,94304,Amit Reddy,35,Other,Central,Raipur,Books,Self-Help Book,9,499.65,0.02,7343.37,2521.34,39.04,Credit Card,2,False,Delivered,2
144,2020-02-27,57714,Shreya Kumar,37,Female,South,Chennai,Furniture,Chair,5,32167.65,0.21,138458.15,39811.27,58.32,Cash On Delivery,5,False,Delivered,6
2970,2023-07-09,3472,Meera Patel,35,Female,South,Bangalore,Books,Self-Help Book,7,900.55,0.37,6552.28,1538.11,67.3,Net Banking,5,False,Delivered,3
1114,2021-05-17,93051,Meera Bhat,34,Female,North,Delhi,Electronics,Camera,7,46170.24,0.37,258421.55,33391.1,40.35,Net Banking,5,False,Delivered,2
1499,2021-11-03,56836,Meera Singh,14,Male,Central,Bhopal,Beauty,Sunscreen,4,2378.57,0.06,9023.4,4079.28,68.11,Emi,4,False,Delivered,7
3800,2024-07-10,91283,Ananya Verma,27,Female,South,Hyderabad,Sports,Yoga Mat,10,9793.3,0.26,101289.99,21064.94,62.81,Cash On Delivery,2,False,Delivered,9
2646,2023-02-17,26372,Pooja Pillai,25,Male,East,Kolkata,Books,Cook Book,8,935.46,0.12,6567.18,3099.56,73.18,Cash On Delivery,3,False,Cancelled,8
2453,2022-11-29,60217,Vikram Gupta,50,Male,East,Patna,Furniture,Chair,9,23692.77,0.01,189801.32,55495.95,85.76,Cash On Delivery,3,False,Delivered,3
3331,2023-12-12,97882,Aarav Singh,12,Other,West,Mumbai,Electronics,Smartwatch,5,67132.79,0.13,259751.74,31688.42,67.6,Cash On Delivery,5,False,Delivered,3
3250,2023-11-04,90626,Aarav Joshi,42,Female,North,Ludhiana,Electronics,Laptop,10,33487.31,0.11,270538.05,34449.13,64.65,Emi,3,False,Delivered,9
1808,2022-03-11,91944,Priya Kumar,34,Other,North,Delhi,Electronics,Laptop,7,51313.1,0.04,374026.43,48251.12,70.93,Credit Card,5,False,Delivered,1
3557,2024-03-26,80826,Pooja Chatterjee,48,Female,Central,Nagpur,Sports,Dumbbells,4,1266.64,0.09,6923.51,754.21,67.58,Net Banking,3,False,Delivered,3
1952,2022-05-13,78875,Nikhil Mishra,44,Male,East,Patna,Groceries,Cooking Oil,3,284.88,0.26,817.39,50.93,105.48,Upi,3,True,Returned,10
3988,2024-09-15,6985,Kavya Joshi,39,Male,South,Bangalore,Sports,Dumbbells,2,10400.51,0.39,16571.32,3945.31,79.88,Emi,2,False,Delivered,5
777,2020-12-18,52222,Arjun Sharma,38,Female,North,Chandigarh,Sports,Yoga Mat,3,3464.74,0.22,5170.48,757.08,50.42,Net Banking,3,False,Delivered,7
2091,2022-07-09,74431,Nikhil Chatterjee,44,Female,South,Kochi,Electronics,Smartwatch,4,6126.05,0.17,32461.48,3172.94,65.78,Emi,4,False,Delivered,10
1534,2021-11-19,28621,Amit Kumar,44,Male,North,Amritsar,Electronics,Laptop,7,37336.98,0.14,165469.13,22951.1,40.45,Emi,2,False,Delivered,2
1857,2022-04-01,8818,Rahul Shah,35,Other,Central,Indore,Groceries,Sugar,3,303.99,0.4,728.29,43.2,35.74,Debit Card,3,False,Delivered,6
1342,2021-08-26,97259,Aarav Chatterjee,18,Other,North,Ludhiana,Groceries,Cooking Oil,7,438.39,0.11,3296.41,234.24,28.61,Credit Card,4,False,Shipped,3
718,2020-11-24,87168,Pooja Bhat,32,Female,West,Ahmedabad,Groceries,Rice (5Kg),6,79.33,0.21,270.5,23.07,33.12,Net Banking,1,False,Delivered,2
732,2020-12-01,50773,Pooja Nair,38,Other,North,Ludhiana,Furniture,Bed Frame,10,19507.14,0.23,102410.73,29631.5,47.48,Debit Card,2,True,Returned,2
1041,2021-04-17,54549,Shreya Bose,26,Other,South,Hyderabad,Groceries,Rice (5Kg),7,481.39,0.2,3271.29,361.25,82.25,Net Banking,1,False,Delivered,7
3263,2023-11-10,94911,Rohan Gupta,23,Other,North,Chandigarh,Furniture,Wardrobe,7,31424.24,0.31,128843.9,46085.23,53.66,Debit Card,5,False,Delivered,8
1119,2021-05-19,96816,Nisha Mehta,30,Male,Central,Bhopal,Furniture,Wardrobe,4,3717.76,0.18,16660.91,4463.9,8.31,Emi,2,False,Cancelled,9
1552,2021-11-28,17708,Sunita Iyer,26,Female,East,Patna,Books,Textbook,6,730.36,0.27,2369.15,1034.91,94.11,Cash On Delivery,3,False,Delivered,8
87,2020-02-04,92405,Aditya Nair,19,Female,South,Hyderabad,Furniture,Desk,9,31457.07,0.1,190620.36,52175.19,103.27,Cash On Delivery,3,False,Delivered,6
1058,2021-04-24,42637,Priya Kumar,21,Female,Central,Nagpur,Clothing,Kurta,9,905.46,0.26,6527.94,2985.32,40.75,Net Banking,3,True,Returned,2
820,2021-01-10,304,Vikram Gupta,36,Male,West,Mumbai,Clothing,T-Shirt,1,3433.94,0.3,1813.71,609.25,67.74,Emi,3,False,Delivered,1
3578,2024-04-04,61770,Aditya Iyer,17,Other,East,Guwahati,Furniture,Bed Frame,5,7466.4,0.13,9242.24,2505.04,73.71,Cash On Delivery,2,True,Returned,10
1248,2021-07-16,2073,Karan Nair,28,Other,West,Surat,Clothing,Dress,3,1871.08,0.03,7720.71,2716.63,65.48,Cash On Delivery,1,False,Delivered,7
659,2020-10-22,20907,Nikhil Nair,21,Male,East,Kolkata,Electronics,Smartphone,7,53035.2,0.26,212011.56,26192.61,82.3,Upi,1,True,Returned,6
866,2021-01-30,71222,Pooja Das,59,Male,Central,Bhopal,Electronics,Tablet,3,69155.55,0.25,102960.53,11911.08,54.42,Emi,3,False,Delivered,9
2674,2023-03-02,43411,Ritu Shah,27,Male,North,Delhi,Beauty,Hair Oil,2,920.67,0.24,1821.82,918.21,61.3,Credit Card,4,False,Delivered,3
1520,2021-11-15,85696,Kavya Mishra,39,Female,Central,Indore,Groceries,Rice (5Kg),2,260.24,0.22,245.84,24.47,73.44,Upi,5,False,Delivered,2
479,2020-07-31,8721,Priya Joshi,28,Female,West,Ahmedabad,Clothing,Jacket,8,3369.18,0.05,29990.07,10760.08,65.1,Upi,3,False,Delivered,10
3969,2024-09-08,60604,Shreya Mehta,25,Female,South,Bangalore,Groceries,Sugar,3,449.53,0.2,1417.4,70.52,77.45,Upi,4,False,Pending,10
1869,2022-04-04,89646,Rohan Shah,45,Other,East,Kolkata,Sports,Football,3,1955.47,0.16,6238.78,1430.0,93.12,Cash On Delivery,3,False,Shipped,3
3181,2023-10-07,5659,Priya Kumar,22,Male,North,Ludhiana,Groceries,Tea,2,216.82,0.28,255.27,22.97,53.52,Net Banking,5,True,Returned,4
572,2020-09-12,64941,Amit Nair,46,Other,North,Ludhiana,Sports,Yoga Mat,2,7907.75,0.23,11417.09,2439.26,30.79,Upi,4,False,Pending,10
95,2020-02-06,17595,Ritu Iyer,30,Male,Central,Nagpur,Beauty,Face Cream,5,1398.56,0.11,5755.36,2371.83,41.33,Cash On Delivery,1,False,Delivered,2
386,2020-06-13,61530,Rohan Nair,18,Female,South,Hyderabad,Groceries,Sugar,9,264.6,0.39,1805.25,107.92,70.83,Debit Card,5,False,Delivered,1
1321,2021-08-16,60359,Kavya Gupta,42,Female,Central,Bhopal,Books,Self-Help Book,3,886.35,0.25,2878.52,1205.89,51.22,Emi,1,False,Delivered,6
3432,2024-01-26,93500,Kavya Gupta,35,Male,West,Ahmedabad,Books,Textbook,6,589.56,0.33,2123.41,728.31,73.88,Cash On Delivery,2,True,Returned,3
1995,2022-05-30,56565,Sunita Joshi,25,Male,East,Bhubaneswar,Groceries,Tea,9,363.51,0.23,3460.81,307.15,84.69,Cash On Delivery,4,True,Returned,7
2537,2023-01-06,57903,Aditya Shah,22,Female,North,Delhi,Groceries,Flour,6,303.67,0.05,1631.61,129.1,66.2,Net Banking,1,False,Pending,7
1383,2021-09-16,61824,Priya Sharma,52,Female,West,Surat,Furniture,Bed Frame,9,28138.72,0.0,267856.83,58224.65,61.16,Debit Card,4,False,Delivered,1
969,2021-03-17,73466,Shreya Shah,17,Other,East,Guwahati,Electronics,Camera,3,53597.73,0.22,113953.25,17435.0,77.63,Upi,2,False,Delivered,8
1382,2021-09-16,87197,Rohan Kumar,41,Male,North,Amritsar,Sports,Cycle,6,3598.68,0.09,22421.86,6008.67,56.7,Net Banking,2,False,Delivered,8
927,2021-02-23,72964,Sunita Shah,33,Female,East,Kolkata,Clothing,Dress,4,3257.05,0.24,8461.34,3580.22,80.55,Cash On Delivery,3,False,Delivered,6
1607,2021-12-18,44100,Deepa Mehta,66,Other,North,Ludhiana,Books,Biography,5,199.85,0.07,616.48,277.4,37.23,Credit Card,3,False,Delivered,2
1983,2022-05-26,55032,Meera Nair,26,Other,Central,Nagpur,Sports,Dumbbells,3,6064.09,0.03,24706.43,6641.4,55.09,Credit Card,2,False,Delivered,6
1533,2021-11-19,14357,Deepa Chatterjee,33,Other,East,Patna,Clothing,Dress,8,1386.86,0.03,8547.02,2698.05,71.34,Emi,4,False,Delivered,9
790,2020-12-26,3149,Vikram Mehta,36,Male,South,Chennai,Groceries,Tea,8,312.61,0.29,1360.85,78.9,88.49,Net Banking,4,False,Delivered,9
3428,2024-01-25,34376,Ritu Reddy,13,Male,East,Patna,Books,Biography,2,1074.9,0.35,1255.85,228.05,68.34,Debit Card,2,False,Delivered,9
2988,2023-07-18,14176,Kavya Reddy,27,Male,Central,Indore,Electronics,Smartwatch,2,30216.69,0.16,77559.67,9624.53,80.07,Emi,2,False,Shipped,5
1713,2022-02-01,87459,Sanjay Das,22,Male,South,Chennai,Clothing,T-Shirt,9,766.29,0.28,4890.43,1599.31,46.79,Upi,1,False,Delivered,7
2220,2022-08-26,94861,Nikhil Patel,63,Female,West,Ahmedabad,Sports,Tennis Racket,1,9516.54,0.07,11604.33,2275.4,75.61,Debit Card,4,False,Shipped,4
4056,2024-10-25,85837,Rohan Bhat,37,Female,North,Amritsar,Clothing,T-Shirt,3,1187.4,0.35,2772.19,1166.88,39.79,Cash On Delivery,5,False,Delivered,7
3871,2024-08-06,30080,Nisha Rao,40,Male,South,Hyderabad,Furniture,Sofa,8,29325.03,0.33,238669.42,54334.41,57.12,Cash On Delivery,5,False,Delivered,2
2903,2023-06-08,35531,Meera Iyer,39,Female,Central,Nagpur,Clothing,Jacket,7,983.45,0.03,11834.57,3889.86,67.48,Debit Card,4,True,Returned,10
2065,2022-06-30,70033,Nisha Sharma,31,Male,East,Guwahati,Beauty,Lipstick,3,1275.56,0.37,3369.84,1461.23,99.3,Cash On Delivery,5,False,Delivered,2
3223,2023-10-26,8748,Amit Sharma,44,Male,Central,Nagpur,Books,Fiction Novel,2,357.54,0.39,449.09,210.08,68.6,Net Banking,4,False,Delivered,2
2837,2023-05-19,35159,Deepa Rao,55,Female,North,Chandigarh,Electronics,Smartphone,5,25313.99,0.27,29639.22,4402.14,51.93,Debit Card,4,False,Delivered,6
2611,2023-02-07,82751,Vikram Verma,24,Female,North,Ludhiana,Books,Comic Book,9,1219.11,0.09,11967.15,4663.69,73.88,Debit Card,1,False,Delivered,9
288,2020-05-07,56916,Shreya Mishra,38,Male,West,Mumbai,Books,Cook Book,2,713.5,0.03,1825.08,867.87,54.38,Debit Card,3,False,Delivered,3
962,2021-03-13,30724,Amit Sharma,51,Female,North,Delhi,Groceries,Sugar,5,432.25,0.01,2079.81,177.78,37.05,Emi,2,False,Delivered,10
911,2021-02-11,78268,Shreya Sharma,21,Female,East,Guwahati,Sports,Football,6,9644.78,0.12,53077.76,12558.1,95.75,Debit Card,3,False,Shipped,9
2833,2023-05-18,95416,Rahul Singh,51,Male,North,Chandigarh,Books,Textbook,6,473.0,0.16,4064.17,1153.73,55.81,Credit Card,1,True,Returned,4
691,2020-11-09,3760,Shreya Bose,36,Male,South,Hyderabad,Clothing,Saree,9,1818.25,0.15,10464.16,4513.75,74.96,Emi,4,False,Delivered,4
2089,2022-07-09,77763,Shreya Nair,25,Male,North,Ludhiana,Furniture,Bed Frame,6,28297.1,0.3,183102.21,41267.82,77.25,Credit Card,1,False,Delivered,3
3147,2023-09-26,30274,Shreya Bhat,29,Other,South,Bangalore,Sports,Football,1,12275.23,0.09,12167.28,2949.77,58.94,Debit Card,3,True,Returned,6
2100,2022-07-13,74233,Nisha Chatterjee,28,Other,Central,Raipur,Groceries,Rice (5Kg),2,116.27,0.28,240.6,20.5,46.11,Cash On Delivery,2,False,Pending,9
2626,2023-02-14,69406,Sunita Iyer,47,Other,North,Chandigarh,Electronics,Smartwatch,10,19057.82,0.26,148714.97,19803.29,66.52,Net Banking,1,True,Returned,10
2131,2022-07-24,50804,Nisha Bose,22,Female,Central,Bhopal,Groceries,Dal (1Kg),9,422.02,0.37,3424.01,264.5,83.86,Net Banking,3,True,Returned,4
2079,2022-07-06,4011,Ananya Mehta,42,Male,South,Kochi,Clothing,T-Shirt,8,946.16,0.31,7291.61,3065.47,76.81,Upi,2,False,Delivered,8
3669,2024-05-14,16468,Arjun Sharma,48,Male,Central,Bhopal,Clothing,Dress,6,483.3,0.35,3056.64,1071.72,37.23,Credit Card,3,False,Delivered,2
2750,2023-04-05,50334,Priya Singh,19,Male,West,Ahmedabad,Clothing,Kurta,2,3794.57,0.05,9475.19,3916.81,23.37,Emi,5,False,Delivered,3
3909,2024-08-16,57051,Pooja Chatterjee,31,Male,North,Ludhiana,Beauty,Face Cream,2,1235.59,0.05,4007.33,1780.2,44.87,Credit Card,1,False,Delivered,6
858,2021-01-26,72879,Aditya Pillai,27,Male,Central,Bhopal,Sports,Dumbbells,7,14159.23,0.18,67291.55,15098.91,65.26,Emi,5,False,Shipped,1
655,2020-10-21,5466,Karan Kapoor,36,Female,West,Ahmedabad,Furniture,Bed Frame,8,32918.63,0.14,208563.97,70073.18,49.07,Credit Card,3,False,Delivered,1
2447,2022-11-28,28654,Ananya Singh,34,Other,North,Amritsar,Groceries,Tea,3,394.51,0.05,858.05,56.54,50.11,Upi,2,False,Shipped,7
3981,2024-09-12,77329,Sanjay Mehta,34,Female,Central,Indore,Groceries,Rice (5Kg),8,383.85,0.39,2308.05,155.62,57.65,Cash On Delivery,1,False,Delivered,10
3668,2024-05-13,73443,Vikram Pillai,21,Female,East,Patna,Furniture,Wardrobe,6,17147.62,0.11,182249.65,41080.8,87.27,Credit Card,1,False,Delivered,4
312,2020-05-16,15821,Karan Kumar,39,Female,North,Amritsar,Clothing,Kurta,1,507.78,0.16,592.57,186.17,30.01,Cash On Delivery,1,False,Delivered,10
2446,2022-11-28,10062,Sanjay Bhat,65,Female,North,Delhi,Beauty,Lipstick,3,2301.12,0.01,5967.23,3374.68,44.75,Debit Card,3,False,Delivered,9
1508,2021-11-08,17295,Sanjay Sharma,36,Male,South,Kochi,Clothing,Jacket,8,371.01,0.05,2211.38,677.75,90.52,Debit Card,3,False,Delivered,4
2907,2023-06-10,44256,Sanjay Iyer,46,Male,West,Ahmedabad,Electronics,Headphones,9,31196.73,0.12,368280.67,38060.11,59.85,Upi,1,False,Delivered,1
1624,2021-12-26,88996,Nisha Singh,17,Male,West,Mumbai,Beauty,Shampoo,1,2178.97,0.2,1341.05,779.45,65.86,Debit Card,2,True,Returned,9
260,2020-04-24,61424,Ananya Gupta,33,Other,East,Bhubaneswar,Furniture,Bed Frame,5,26679.1,0.14,122018.19,34943.36,84.72,Cash On Delivery,4,False,Shipped,6
3119,2023-09-09,59443,Karan Bose,42,Female,North,Amritsar,Furniture,Bed Frame,5,12592.51,0.28,61837.22,19148.11,45.88,Upi,1,True,Returned,5
420,2020-07-05,53531,Kavya Patel,30,Female,Central,Bhopal,Electronics,Laptop,3,65806.63,0.38,148143.49,17001.53,32.06,Emi,2,False,Delivered,10
2767,2023-04-13,75550,Deepa Rao,53,Other,South,Bangalore,Groceries,Cooking Oil,5,185.61,0.27,977.56,69.04,58.1,Emi,5,False,Delivered,2
377,2020-06-09,66402,Sunita Rao,33,Other,Central,Raipur,Books,Self-Help Book,3,575.95,0.0,2110.73,792.19,70.41,Cash On Delivery,3,False,Delivered,9
456,2020-07-20,76466,Nikhil Singh,56,Female,Central,Raipur,Groceries,Rice (5Kg),8,353.32,0.31,2484.78,174.59,72.56,Net Banking,3,False,Shipped,5
3233,2023-10-30,27413,Amit Gupta,23,Female,South,Hyderabad,Clothing,Jacket,8,1084.06,0.19,7119.27,2636.93,74.71,Emi,5,False,Cancelled,3
2244,2022-09-06,41690,Sanjay Joshi,37,Other,Central,Raipur,Groceries,Tea,10,133.2,0.32,1074.27,100.19,64.48,Emi,3,False,Delivered,8
1182,2021-06-15,88678,Deepa Sharma,40,Female,West,Pune,Electronics,Smartphone,9,72408.18,0.22,748589.49,103509.24,41.95,Debit Card,5,False,Delivered,3
1343,2021-08-26,26367,Vikram Bose,55,Female,East,Bhubaneswar,Sports,Tennis Racket,4,14419.59,0.34,44932.24,11862.97,63.9,Upi,2,False,Delivered,4
1071,2021-04-29,61699,Rahul Verma,31,Male,Central,Raipur,Furniture,Wardrobe,1,2601.51,0.02,3057.58,856.37,47.41,Net Banking,2,True,Returned,9
102,2020-02-08,59146,Nikhil Kapoor,39,Other,East,Kolkata,Groceries,Cooking Oil,4,151.09,0.02,515.74,42.51,80.21,Debit Card,2,False,Delivered,10
755,2020-12-08,745,Ananya Mehta,40,Male,East,Kolkata,Electronics,Camera,9,71873.78,0.0,456663.98,59316.97,91.31,Credit Card,5,False,Delivered,7
4058,2024-10-26,87657,Arjun Bhat,27,Male,West,Pune,Beauty,Shampoo,6,2486.23,0.11,13804.56,6763.76,65.88,Cash On Delivery,4,True,Returned,8
795,2020-12-28,853,Pooja Chatterjee,52,Other,Central,Raipur,Groceries,Cooking Oil,7,103.75,0.32,344.42,34.77,67.07,Debit Card,5,False,Delivered,4
2245,2022-09-07,73701,Deepa Patel,34,Other,South,Kochi,Electronics,Laptop,4,45635.8,0.04,195002.92,30972.52,69.48,Net Banking,4,False,Delivered,1
1270,2021-07-27,77971,Meera Joshi,26,Male,South,Bangalore,Groceries,Rice (5Kg),8,239.96,0.33,1605.72,116.65,35.59,Credit Card,3,False,Delivered,4
3463,2024-02-09,64065,Deepa Rao,16,Male,East,Kolkata,Groceries,Dal (1Kg),1,65.16,0.07,72.22,7.37,93.34,Emi,3,False,Delivered,3
3213,2023-10-21,91826,Sanjay Patel,40,Other,North,Delhi,Furniture,Sofa,10,6877.63,0.32,49127.13,15040.93,38.46,Credit Card,3,False,Delivered,8
2929,2023-06-21,82307,Sanjay Kumar,28,Male,West,Mumbai,Electronics,Camera,8,11278.1,0.36,103626.93,9357.16,60.7,Net Banking,3,False,Delivered,8
1420,2021-10-01,46668,Ananya Reddy,28,Other,East,Bhubaneswar,Beauty,Lipstick,2,796.25,0.21,1450.96,572.8,70.91,Emi,3,False,Delivered,3
1441,2021-10-11,46668,Karan Bhat,36,Female,West,Pune,Books,Biography,7,1187.1,0.13,6671.63,2154.79,88.18,Emi,3,False,Delivered,5
1615,2021-12-24,49728,Sunita Singh,32,Female,Central,Bhopal,Clothing,Jacket,3,3628.14,0.24,6186.65,2322.32,52.79,Emi,2,False,Delivered,1
2718,2023-03-25,87274,Deepa Kumar,40,Male,South,Chennai,Beauty,Perfume,5,1290.88,0.31,991.85,309.78,68.06,Cash On Delivery,1,True,Returned,5
2739,2023-03-31,55589,Priya Mishra,36,Male,North,Amritsar,Sports,Tennis Racket,8,12824.11,0.11,124055.48,29606.32,76.78,Cash On Delivery,2,False,Delivered,6
2536,2023-01-06,18948,Amit Shah,51,Male,West,Surat,Beauty,Perfume,3,1967.85,0.31,3268.13,1309.35,55.0,Cash On Delivery,3,False,Delivered,2
1654,2022-01-07,39219,Meera Iyer,5,Male,East,Kolkata,Clothing,T-Shirt,1,1100.4,0.24,775.04,226.32,62.15,Credit Card,2,False,Delivered,8
3905,2024-08-15,19408,Rohan Mehta,37,Male,East,Guwahati,Groceries,Rice (5Kg),9,239.9,0.31,2368.54,226.16,93.43,Cash On Delivery,5,False,Delivered,1
1309,2021-08-11,97836,Arjun Sharma,34,Male,East,Guwahati,Beauty,Sunscreen,5,1439.39,0.21,10354.54,4272.04,86.11,Debit Card,3,False,Delivered,5
750,2020-12-07,88589,Karan Joshi,47,Female,West,Surat,Beauty,Sunscreen,2,2232.87,0.03,2646.86,806.76,54.23,Upi,2,False,Shipped,8
1082,2021-05-04,69812,Ritu Kapoor,44,Other,East,Kolkata,Books,Comic Book,10,924.25,0.28,8777.25,3626.02,85.57,Cash On Delivery,4,False,Delivered,10
392,2020-06-16,50327,Aarav Singh,49,Male,Central,Nagpur,Electronics,Tablet,3,10166.75,0.15,31838.58,4120.93,82.1,Upi,3,False,Delivered,3
1028,2021-04-11,33135,Arjun Patel,40,Female,East,Guwahati,Books,Biography,9,910.81,0.16,8709.88,4127.79,59.89,Net Banking,4,False,Delivered,9
895,2021-02-06,68309,Nikhil Gupta,19,Male,Central,Raipur,Furniture,Bookshelf,8,10068.23,0.21,63872.39,14763.69,69.23,Cash On Delivery,3,False,Delivered,9
3097,2023-08-30,96631,Ritu Mishra,26,Female,North,Amritsar,Beauty,Shampoo,6,398.85,0.17,2675.94,1500.2,56.56,Net Banking,2,False,Delivered,10
3816,2024-07-18,84507,Aditya Rao,43,Female,West,Surat,Clothing,Jeans,4,2908.06,0.14,14896.36,4991.17,65.75,Cash On Delivery,5,False,Delivered,8
3490,2024-02-26,29539,Pooja Patel,50,Other,East,Kolkata,Electronics,Headphones,3,60157.14,0.06,169372.37,28219.11,69.5,Cash On Delivery,4,False,Delivered,7
331,2020-05-23,80859,Aditya Sharma,35,Other,South,Bangalore,Furniture,Wardrobe,5,22329.62,0.19,20552.2,4765.02,69.17,Cash On Delivery,4,False,Delivered,4
2075,2022-07-04,98678,Karan Kumar,63,Other,West,Ahmedabad,Electronics,Laptop,9,34736.78,0.4,281102.55,27723.9,59.96,Debit Card,3,False,Delivered,4
159,2020-03-07,53040,Rahul Joshi,32,Other,Central,Bhopal,Sports,Yoga Mat,8,6252.97,0.2,42140.22,7612.27,48.73,Credit Card,3,False,Delivered,3
486,2020-08-03,70631,Arjun Kapoor,42,Other,South,Hyderabad,Books,Comic Book,8,989.77,0.36,5866.43,2254.31,76.76,Cash On Delivery,5,False,Pending,1
348,2020-05-30,36817,Ritu Verma,29,Male,South,Hyderabad,Books,Biography,8,466.9,0.36,2857.33,1125.0,79.08,Cash On Delivery,2,False,Delivered,10
3138,2023-09-17,63631,Vikram Das,38,Male,North,Amritsar,Sports,Dumbbells,4,3391.86,0.04,15450.95,3325.04,68.46,Credit Card,3,False,Cancelled,2
1347,2021-08-29,43896,Rohan Nair,24,Female,East,Guwahati,Sports,Tennis Racket,1,3087.59,0.07,3563.24,769.67,85.46,Credit Card,2,False,Delivered,4
3544,2024-03-20,29796,Sanjay Bose,39,Male,North,Ludhiana,Sports,Cricket Bat,4,14899.55,0.09,60345.97,12084.3,21.44,Cash On Delivery,4,False,Delivered,7
3719,2024-06-10,3355,Arjun Kapoor,43,Male,South,Hyderabad,Sports,Cricket Bat,2,3506.29,0.29,9018.03,1718.02,58.97,Upi,5,False,Shipped,4
2654,2023-02-23,39288,Shreya Reddy,25,Other,East,Bhubaneswar,Beauty,Shampoo,5,259.07,0.02,1306.86,672.76,91.02,Upi,5,False,Delivered,9
2687,2023-03-12,74163,Sunita Gupta,24,Female,Central,Bhopal,Clothing,Saree,3,1200.51,0.4,2711.94,952.86,10.03,Debit Card,3,False,Delivered,5
801,2020-12-30,9674,Rohan Shah,20,Male,West,Mumbai,Clothing,T-Shirt,4,3596.85,0.25,7577.9,2505.62,61.39,Debit Card,1,True,Returned,7
1572,2021-12-03,23827,Amit Bose,24,Female,Central,Raipur,Clothing,Jacket,7,2400.11,0.15,9585.11,3359.68,55.43,Upi,2,False,Delivered,10
4141,2024-12-04,72168,Shreya Bhat,34,Male,Central,Nagpur,Groceries,Sugar,4,242.65,0.21,854.73,91.72,48.21,Net Banking,1,True,Returned,1
2756,2023-04-08,40199,Arjun Gupta,33,Male,West,Pune,Clothing,T-Shirt,3,2494.29,0.1,9558.85,3760.45,54.2,Cash On Delivery,3,False,Delivered,8
91,2020-02-05,57456,Sanjay Chatterjee,16,Female,West,Mumbai,Furniture,Chair,2,23012.97,0.03,33590.83,8197.84,60.46,Debit Card,5,False,Delivered,9
3626,2024-04-26,12779,Vikram Shah,25,Female,East,Bhubaneswar,Electronics,Camera,2,36881.48,0.01,101185.85,16236.72,67.63,Emi,4,False,Delivered,8
3798,2024-07-09,41603,Nisha Sharma,41,Male,South,Kochi,Sports,Yoga Mat,4,4528.9,0.09,28783.41,6807.19,79.89,Credit Card,1,False,Delivered,6
207,2020-04-01,97019,Nikhil Mehta,31,Male,North,Chandigarh,Beauty,Shampoo,4,2105.61,0.37,5688.97,2865.09,70.93,Upi,4,False,Delivered,6
3929,2024-08-23,39906,Sunita Iyer,33,Male,South,Chennai,Books,Fiction Novel,1,1473.01,0.35,1432.65,578.62,72.78,Upi,3,False,Delivered,1
686,2020-11-07,38079,Aarav Joshi,23,Female,Central,Bhopal,Books,Cook Book,2,1020.32,0.39,969.44,436.92,35.61,Debit Card,4,False,Delivered,5
29,2020-01-11,78062,Arjun Bhat,29,Other,West,Ahmedabad,Clothing,Jeans,8,2738.08,0.04,15129.46,7413.18,61.16,Debit Card,1,False,Delivered,9
1666,2022-01-13,87705,Aditya Iyer,35,Other,North,Ludhiana,Electronics,Camera,5,49380.11,0.26,163008.08,20346.12,62.16,Net Banking,2,False,Delivered,8
265,2020-04-26,32861,Priya Joshi,36,Other,East,Guwahati,Sports,Cricket Bat,9,12444.32,0.12,106749.94,24509.37,90.94,Upi,4,False,Cancelled,9
3060,2023-08-17,71865,Amit Singh,19,Female,Central,Bhopal,Beauty,Shampoo,7,100.31,0.36,600.84,277.58,67.27,Debit Card,1,False,Shipped,9
3843,2024-07-29,47635,Rahul Pillai,34,Male,North,Delhi,Sports,Yoga Mat,7,9729.83,0.21,90858.69,22104.58,66.1,Debit Card,5,True,Returned,5
4134,2024-12-02,52437,Rohan Kapoor,24,Female,East,Patna,Furniture,Wardrobe,5,14663.57,0.39,43871.43,8682.18,101.24,Credit Card,4,False,Delivered,3
2503,2022-12-22,96196,Pooja Singh,44,Male,Central,Indore,Beauty,Lipstick,5,820.51,0.21,632.17,211.59,67.85,Upi,3,False,Delivered,7
2567,2023-01-17,46311,Nisha Shah,21,Female,North,Delhi,Groceries,Tea,1,235.69,0.27,145.65,13.54,59.77,Emi,5,False,Delivered,3
2961,2023-07-06,2626,Arjun Rao,58,Male,North,Ludhiana,Groceries,Tea,9,324.23,0.17,4033.84,456.69,63.2,Emi,3,False,Delivered,6
21,2020-01-08,80727,Shreya Pillai,49,Other,North,Amritsar,Sports,Cycle,10,510.46,0.33,3117.15,595.15,69.01,Emi,4,False,Delivered,3
2242,2022-09-04,95868,Arjun Sharma,31,Female,South,Chennai,Furniture,Wardrobe,8,4977.01,0.28,33795.38,9634.2,84.09,Upi,4,False,Delivered,8
4147,2024-12-06,95344,Ananya Reddy,32,Other,West,Surat,Beauty,Lipstick,8,1064.92,0.37,5754.84,2941.97,55.05,Cash On Delivery,5,False,Delivered,5
668,2020-10-29,19944,Kavya Mehta,21,Other,West,Surat,Electronics,Tablet,3,14080.67,0.36,17734.88,1519.64,63.63,Credit Card,2,True,Returned,7
2934,2023-06-27,34229,Rahul Gupta,50,Female,North,Chandigarh,Sports,Football,9,13111.09,0.29,128078.44,31164.9,62.85,Net Banking,3,False,Delivered,9
3448,2024-02-04,27667,Nisha Pillai,11,Other,South,Hyderabad,Beauty,Hair Oil,6,127.9,0.27,660.97,407.58,63.91,Credit Card,4,True,Returned,6
2266,2022-09-12,21061,Sanjay Das,23,Other,West,Surat,Beauty,Shampoo,10,767.55,0.35,6213.65,2480.34,45.37,Cash On Delivery,4,False,Delivered,5
4172,2024-12-17,7872,Meera Rao,32,Male,North,Ludhiana,Beauty,Lipstick,5,2144.13,0.1,9449.37,4541.29,19.04,Debit Card,3,False,Delivered,5
4076,2024-11-01,95354,Aarav Nair,57,Female,East,Bhubaneswar,Beauty,Lipstick,7,680.72,0.08,3896.02,1700.03,71.25,Net Banking,5,False,Delivered,2
3563,2024-03-28,46277,Karan Singh,30,Other,West,Pune,Furniture,Chair,8,32965.83,0.21,300897.35,94953.31,68.39,Debit Card,5,False,Delivered,10
2321,2022-10-05,59579,Aarav Mehta,47,Male,Central,Indore,Beauty,Hair Oil,9,2425.68,0.16,13573.13,3678.22,64.69,Upi,1,False,Delivered,9
3945,2024-08-28,92249,Nikhil Chatterjee,36,Female,South,Kochi,Groceries,Flour,2,483.36,0.14,1284.63,91.4,55.77,Upi,4,False,Delivered,8
4192,2024-12-27,70453,Shreya Shah,33,Male,North,Amritsar,Books,Fiction Novel,5,616.57,0.36,344.18,145.51,35.22,Upi,4,False,Pending,6
1563,2021-11-30,36817,Meera Iyer,41,Other,East,Guwahati,Books,Self-Help Book,9,433.76,0.33,1929.18,781.78,97.16,Emi,4,False,Cancelled,2
545,2020-08-29,34020,Kavya Iyer,19,Male,East,Guwahati,Electronics,Smartwatch,3,17253.63,0.05,55070.91,5633.84,79.99,Net Banking,5,False,Delivered,6
909,2021-02-10,63944,Pooja Patel,23,Other,West,Pune,Electronics,Smartphone,7,60825.33,0.39,203704.25,27664.1,67.78,Emi,1,False,Delivered,8
3437,2024-01-30,14095,Kavya Shah,24,Female,East,Guwahati,Beauty,Sunscreen,8,1335.64,0.27,7442.31,2973.2,94.12,Net Banking,1,False,Shipped,6
2631,2023-02-15,32596,Rahul Iyer,27,Female,West,Surat,Clothing,Dress,7,668.17,0.09,4502.68,1133.27,38.59,Upi,5,False,Delivered,8
414,2020-07-01,38493,Arjun Iyer,30,Other,East,Bhubaneswar,Beauty,Perfume,0,1076.68,0.32,1005.23,335.77,72.7,Debit Card,3,False,Cancelled,8
525,2020-08-20,73074,Rohan Mehta,33,Female,South,Hyderabad,Clothing,Jacket,1,392.55,0.07,420.97,161.71,71.09,Credit Card,5,False,Pending,4
3521,2024-03-09,84,Rohan Das,16,Male,East,Kolkata,Sports,Dumbbells,4,14904.61,0.21,79710.68,9835.53,74.0,Upi,3,False,Pending,9
1849,2022-03-29,56391,Meera Kumar,40,Other,South,Kochi,Clothing,Jeans,5,3481.04,0.35,13960.24,3567.18,56.53,Credit Card,3,False,Cancelled,8
2703,2023-03-16,53601,Rohan Iyer,35,Other,Central,Indore,Books,Cook Book,8,600.71,0.17,4278.59,1539.55,24.97,Debit Card,1,False,Delivered,9
4083,2024-11-06,32744,Aditya Shah,37,Male,Central,Raipur,Furniture,Wardrobe,5,2536.86,0.36,7801.91,1900.47,68.13,Debit Card,2,False,Cancelled,7
573,2020-09-12,93696,Amit Gupta,42,Other,East,Kolkata,Clothing,Jeans,3,3089.43,0.09,7257.03,2480.31,82.77,Credit Card,3,True,Returned,6
3306,2023-12-01,91195,Vikram Sharma,24,Male,East,Bhubaneswar,Groceries,Dal (1Kg),4,206.91,0.2,574.2,59.02,52.38,Debit Card,3,False,Delivered,2
2199,2022-08-16,65100,Priya Patel,41,Female,East,Kolkata,Books,Fiction Novel,2,244.36,0.12,485.28,192.95,79.16,Cash On Delivery,2,False,Pending,2
901,2021-02-08,88807,Sanjay Kapoor,30,Male,West,Ahmedabad,Books,Fiction Novel,2,583.34,0.24,678.92,261.88,72.31,Cash On Delivery,5,False,Delivered,5
4149,2024-12-07,54782,Karan Verma,37,Female,Central,Indore,Books,Textbook,8,519.05,0.33,2627.87,1117.94,51.28,Debit Card,2,False,Delivered,10
638,2020-10-12,17767,Meera Chatterjee,37,Female,East,Patna,Electronics,Smartwatch,10,23990.02,0.11,188453.46,26897.47,73.32,Cash On Delivery,4,False,Delivered,8
10,2020-01-03,7407,Amit Bose,26,Other,South,Hyderabad,Clothing,Jacket,1,1792.52,0.38,862.61,322.56,69.84,Emi,4,True,Returned,8
1167,2021-06-07,48910,Vikram Shah,14,Other,West,Mumbai,Furniture,Desk,5,16063.03,0.35,70662.81,22910.8,74.66,Net Banking,3,False,Delivered,6
3303,2023-11-29,73772,Nisha Reddy,15,Male,East,Kolkata,Electronics,Tablet,1,19475.1,0.27,12588.84,1124.34,70.91,Net Banking,3,False,Delivered,100
2118,2022-07-22,29628,Nisha Kapoor,34,Male,North,Ludhiana,Groceries,Cooking Oil,1,396.39,0.09,480.61,45.56,57.89,Credit Card,2,False,Delivered,1
764,2020-12-12,21423,Shreya Sharma,22,Female,South,Bangalore,Furniture,Chair,5,24816.99,0.02,87226.55,24905.94,51.05,Debit Card,3,False,Delivered,1
1250,2021-07-17,20121,Vikram Kumar,39,Other,East,Patna,Furniture,Bed Frame,2,9066.85,0.3,13846.15,3812.64,91.56,Emi,1,False,Delivered,9
1550,2021-11-27,66901,Nisha Kapoor,35,Female,West,Mumbai,Sports,Football,9,13211.32,0.17,81467.43,18155.0,52.32,Upi,3,False,Delivered,5
3192,2023-10-14,23779,Priya Singh,39,Male,North,Ludhiana,Sports,Football,9,9769.82,0.32,64012.37,13161.33,50.8,Net Banking,4,False,Delivered,6
1356,2021-09-03,36316,Amit Rao,44,Other,Central,Nagpur,Sports,Yoga Mat,5,9013.26,0.28,36168.33,10509.8,35.94,Upi,5,False,Shipped,7
789,2020-12-26,67387,Nisha Singh,41,Male,North,Delhi,Beauty,Lipstick,4,2326.66,0.09,5850.88,3176.85,61.42,Upi,5,False,Shipped,10
3113,2023-09-07,73185,Amit Mishra,29,Male,North,Ludhiana,Clothing,T-Shirt,3,3741.92,0.21,11519.71,2740.01,58.8,Cash On Delivery,4,False,Cancelled,1
2667,2023-02-28,93637,Ananya Shah,31,Female,North,Amritsar,Furniture,Bookshelf,3,4087.5,0.36,8585.93,2520.92,36.77,Cash On Delivery,3,False,Pending,9
3918,2024-08-20,9195,Ritu Singh,30,Male,Central,Raipur,Clothing,Jeans,5,1293.07,0.37,6223.33,2335.41,34.43,Upi,4,False,Delivered,9
2469,2022-12-06,77482,Ritu Mishra,0,Female,North,Chandigarh,Books,Cook Book,2,393.2,0.22,537.64,210.9,48.93,Cash On Delivery,3,True,Returned,4
952,2021-03-07,97126,Ananya Kumar,28,Male,East,Kolkata,Sports,Yoga Mat,9,6483.35,0.23,52222.52,13820.97,74.83,Upi,4,False,Delivered,2
3530,2024-03-14,89097,Sanjay Shah,38,Male,North,Delhi,Clothing,Jacket,2,1249.08,0.4,2055.62,916.26,43.18,Emi,3,False,Delivered,8
512,2020-08-14,98505,Shreya Das,27,Female,East,Guwahati,Beauty,Face Cream,2,1236.47,0.14,2416.41,1007.86,85.88,Upi,3,False,Delivered,8
1236,2021-07-12,30009,Vikram Kapoor,30,Male,West,Ahmedabad,Beauty,Shampoo,7,1236.43,0.04,10957.9,4556.58,72.78,Debit Card,2,False,Delivered,7
1618,2021-12-25,82777,Rahul Singh,53,Female,West,Mumbai,Sports,Dumbbells,5,7179.94,0.31,21400.72,2403.2,65.86,Debit Card,2,False,Delivered,8
3286,2023-11-19,81972,Aditya Das,32,Male,East,Bhubaneswar,Clothing,Jacket,8,2288.26,0.22,12023.58,4024.97,89.83,Debit Card,2,False,Delivered,1
2164,2022-08-06,84076,Arjun Kumar,20,Male,East,Guwahati,Books,Self-Help Book,4,529.18,0.37,1721.22,611.14,96.64,Upi,5,False,Delivered,8
3645,2024-05-04,40711,Rohan Kapoor,33,Other,Central,Bhopal,Groceries,Cooking Oil,4,413.23,0.16,2226.94,97.94,29.46,Emi,4,False,Delivered,9
1602,2021-12-15,98061,Amit Verma,41,Other,East,Guwahati,Groceries,Tea,5,273.75,0.05,1113.01,84.56,81.92,Debit Card,1,False,Delivered,5
2308,2022-09-30,13492,Karan Reddy,35,Female,North,Delhi,Books,Self-Help Book,4,288.41,0.11,1085.19,430.86,39.44,Debit Card,5,True,Returned,1
3457,2024-02-08,62784,Ananya Patel,27,Male,East,Kolkata,Books,Cook Book,5,219.86,0.26,937.39,344.23,95.23,Cash On Delivery,1,False,Delivered,10
3725,2024-06-13,34762,Aditya Sharma,51,Male,East,Guwahati,Electronics,Headphones,3,45977.54,0.4,157351.1,16766.5,89.69,Cash On Delivery,5,False,Delivered,9
240,2020-04-14,66088,Shreya Pillai,18,Other,South,Bangalore,Sports,Dumbbells,4,11868.91,0.19,43004.45,13078.71,70.61,Emi,3,False,Delivered,6
1538,2021-11-20,30276,Amit Reddy,20,Other,East,Guwahati,Electronics,Smartphone,8,72878.21,0.06,377991.95,53581.94,69.63,Credit Card,3,False,Delivered,7
246,2020-04-18,40327,Shreya Mishra,60,Male,Central,Nagpur,Beauty,Sunscreen,8,336.17,0.18,2459.79,1286.21,63.3,Debit Card,4,False,Delivered,10
69,2020-01-26,27522,Deepa Chatterjee,24,Other,East,Bhubaneswar,Sports,Football,5,5929.85,0.0,4745.09,1518.74,78.48,Credit Card,5,False,Delivered,7
1653,2022-01-07,39228,Pooja Gupta,38,Female,South,Chennai,Electronics,Tablet,5,67069.95,0.35,187015.17,19234.1,53.96,Emi,2,False,Pending,6
549,2020-08-31,39184,Arjun Nair,27,Other,East,Guwahati,Groceries,Sugar,1,295.3,0.1,375.59,17.33,91.95,Credit Card,5,False,Delivered,9
4125,2024-11-29,69485,Pooja Verma,15,Male,East,Kolkata,Electronics,Tablet,5,60589.34,0.0,289044.77,32628.88,117.75,Cash On Delivery,1,False,Delivered,6
2531,2023-01-03,65173,Sunita Reddy,24,Male,North,Ludhiana,Beauty,Face Cream,9,2041.21,0.22,13435.71,8442.25,45.75,Net Banking,3,False,Cancelled,1
1426,2021-10-05,8147,Nikhil Shah,58,Male,North,Delhi,Clothing,Dress,2,469.65,0.12,775.74,185.8,32.03,Cash On Delivery,1,True,Returned,3
3919,2024-08-20,18468,Nikhil Shah,34,Other,South,Kochi,Groceries,Cooking Oil,3,408.26,0.03,1632.98,170.0,70.48,Cash On Delivery,4,False,Delivered,1
3686,2024-05-19,39920,Rahul Pillai,45,Male,Central,Indore,Sports,Dumbbells,1,9074.17,0.08,12971.64,3182.4,43.12,Emi,4,False,Delivered,9
1694,2022-01-26,30040,Karan Kumar,24,Other,West,Ahmedabad,Electronics,Tablet,4,30494.73,0.39,68016.24,8846.49,53.6,Debit Card,2,False,Delivered,4
1035,2021-04-14,49938,Rahul Sharma,38,Other,North,Delhi,Furniture,Sofa,7,31419.94,0.05,237087.2,58133.19,36.96,Debit Card,5,False,Delivered,5
2114,2022-07-19,71584,Kavya Mehta,28,Female,South,Kochi,Furniture,Sofa,2,23522.83,0.15,53090.46,18316.25,70.07,Emi,2,False,Delivered,8
3137,2023-09-17,53427,Aarav Das,26,Male,West,Mumbai,Sports,Yoga Mat,8,10683.75,0.04,113358.26,26416.64,59.9,Cash On Delivery,1,False,Delivered,7
1438,2021-10-10,54455,Shreya Mehta,57,Female,South,Kochi,Books,Comic Book,8,1196.38,0.14,8445.01,3179.69,71.87,Net Banking,2,False,Delivered,4
2064,2022-06-29,47972,Nisha Reddy,28,Female,West,Mumbai,Beauty,Lipstick,7,854.71,0.09,7728.92,3265.65,55.34,Upi,3,False,Delivered,2
2307,2022-09-29,2936,Amit Sharma,35,Female,North,Amritsar,Books,Biography,10,723.67,0.04,9456.02,3461.29,54.96,Net Banking,3,True,Returned,7
2545,2023-01-10,44757,Aditya Kumar,27,Male,South,Kochi,Books,Biography,5,1209.77,0.22,4481.56,1760.45,48.73,Debit Card,1,False,Delivered,10
2444,2022-11-28,18227,Deepa Mehta,20,Female,South,Hyderabad,Groceries,Tea,6,282.54,0.21,1669.01,157.04,101.43,Upi,2,False,Shipped,9
1051,2021-04-20,83773,Aditya Mehta,34,Other,South,Chennai,Clothing,Saree,5,2726.58,0.16,15369.71,5460.97,55.2,Emi,4,False,Delivered,3
2111,2022-07-18,33335,Aditya Chatterjee,48,Other,West,Mumbai,Furniture,Sofa,10,28298.23,0.25,341316.69,107787.95,94.71,Debit Card,4,False,Delivered,4
109,2020-02-10,69131,Karan Reddy,37,Male,North,Ludhiana,Furniture,Wardrobe,8,18758.18,0.11,112518.3,31415.21,56.55,Net Banking,5,False,Cancelled,6
1377,2021-09-14,6907,Arjun Iyer,12,Female,South,Kochi,Electronics,Smartphone,5,56629.75,0.04,62813.98,8275.81,63.16,Net Banking,5,False,Delivered,9
580,2020-09-17,77116,Deepa Chatterjee,55,Male,South,Bangalore,Electronics,Camera,10,74981.27,0.04,822702.48,98591.29,90.58,Debit Card,1,True,Returned,5
1507,2021-11-07,40530,Rohan Kapoor,24,Male,South,Chennai,Groceries,Flour,10,108.51,0.03,907.65,97.79,67.08,Debit Card,3,True,Returned,10
547,2020-08-30,60580,Vikram Nair,53,Female,South,Bangalore,Furniture,Sofa,8,13159.22,0.18,82824.15,28653.14,55.64,Credit Card,4,True,Returned,8
924,2021-02-22,61112,Rahul Mishra,44,Male,East,Bhubaneswar,Groceries,Cooking Oil,1,227.48,0.11,175.14,15.49,47.37,Emi,1,False,Pending,4
1081,2021-05-04,44184,Rohan Shah,29,Other,West,Ahmedabad,Electronics,Camera,1,22006.34,0.11,26028.1,3707.24,40.73,Debit Card,2,True,Returned,10
275,2020-05-01,24667,Nikhil Kapoor,41,Other,Central,Nagpur,Furniture,Chair,8,31845.06,0.06,300720.72,100251.26,38.42,Credit Card,1,False,Delivered,10
3517,2024-03-09,27360,Meera Gupta,30,Male,North,Amritsar,Electronics,Camera,9,16973.28,0.05,208512.34,29073.1,35.0,Cash On Delivery,4,False,Cancelled,4
1472,2021-10-24,26553,Nikhil Kumar,27,Male,South,Hyderabad,Electronics,Smartwatch,3,33682.54,0.26,62547.07,8775.98,56.02,Cash On Delivery,1,True,Returned,3
1299,2021-08-09,7041,Aditya Bose,28,Other,East,Bhubaneswar,Sports,Yoga Mat,6,8185.51,0.23,46089.54,10034.22,86.32,Credit Card,4,True,Returned,9
3316,2023-12-05,71283,Aditya Shah,12,Other,East,Patna,Sports,Football,3,2813.63,0.22,5526.04,1360.97,71.86,Emi,2,False,Delivered,9
951,2021-03-07,39186,Meera Mehta,30,Male,Central,Raipur,Clothing,T-Shirt,10,2879.31,0.34,19680.42,5641.8,64.13,Debit Card,2,False,Delivered,4
3695,2024-05-23,26394,Priya Bose,27,Other,South,Kochi,Groceries,Cooking Oil,9,399.43,0.06,5735.84,223.77,65.8,Emi,1,False,Delivered,4
1830,2022-03-24,13979,Vikram Chatterjee,28,Male,South,Chennai,Books,Cook Book,9,200.61,0.28,1329.23,806.66,52.8,Net Banking,4,False,Delivered,9
1148,2021-05-30,645,Kavya Rao,22,Other,East,Kolkata,Books,Fiction Novel,8,1088.97,0.22,9425.16,4003.12,52.99,Net Banking,1,False,Cancelled,4
3150,2023-09-27,68116,Ritu Rao,17,Female,North,Ludhiana,Clothing,T-Shirt,9,1354.39,0.12,14092.58,4442.99,43.39,Credit Card,5,False,Delivered,10
1953,2022-05-13,12422,Nikhil Kumar,33,Female,North,Chandigarh,Books,Self-Help Book,8,941.99,0.39,6393.22,2237.36,56.26,Emi,1,True,Returned,9
1811,2022-03-12,60426,Arjun Pillai,41,Other,South,Hyderabad,Sports,Dumbbells,7,14019.83,0.29,84559.35,18758.65,70.82,Debit Card,5,False,Delivered,1
3384,2024-01-03,17189,Pooja Chatterjee,37,Male,Central,Bhopal,Sports,Dumbbells,8,14903.83,0.21,89199.08,18401.75,76.17,Emi,4,False,Delivered,10
2087,2022-07-08,38893,Sunita Pillai,14,Other,Central,Bhopal,Electronics,Tablet,2,73303.92,0.03,235156.16,20863.19,67.75,Cash On Delivery,4,False,Delivered,9
1217,2021-07-03,73651,Sunita Das,37,Other,North,Delhi,Books,Cook Book,9,1146.99,0.35,9257.42,2753.44,59.09,Upi,4,False,Shipped,9
2217,2022-08-26,6113,Rohan Nair,31,Other,South,Bangalore,Beauty,Shampoo,6,1131.18,0.05,8793.46,4445.68,69.49,Credit Card,1,False,Delivered,8
1503,2021-11-06,60626,Kavya Kapoor,31,Female,South,Hyderabad,Groceries,Sugar,7,249.21,0.19,1256.75,96.16,61.25,Cash On Delivery,3,False,Shipped,4
763,2020-12-12,44894,Aarav Verma,51,Other,Central,Bhopal,Books,Biography,6,377.58,0.33,1075.92,275.17,55.17,Cash On Delivery,3,False,Delivered,6
3388,2024-01-04,95454,Nisha Mehta,42,Female,South,Bangalore,Beauty,Sunscreen,4,1718.39,0.21,6404.35,2836.65,81.09,Emi,1,False,Shipped,9
4199,2024-12-30,53723,Sunita Kumar,15,Male,North,Chandigarh,Beauty,Face Cream,9,1820.1,0.28,9661.83,5675.66,46.9,Emi,2,True,Returned,3
146,2020-02-29,63156,Ritu Singh,34,Other,East,Kolkata,Sports,Dumbbells,2,9772.39,0.14,17471.63,4749.58,90.49,Net Banking,3,False,Delivered,8
1415,2021-09-30,50601,Amit Patel,31,Other,West,Mumbai,Groceries,Tea,3,297.63,0.02,1094.67,141.65,49.55,Credit Card,1,True,Returned,8
2994,2023-07-20,67685,Shreya Pillai,42,Male,South,Kochi,Clothing,Jeans,5,2755.15,0.35,12440.45,4470.63,73.32,Upi,5,False,Delivered,7
3734,2024-06-16,31945,Aarav Iyer,54,Male,West,Ahmedabad,Furniture,Bookshelf,9,21059.88,0.1,255508.83,78032.23,62.82,Upi,3,False,Cancelled,6
3433,2024-01-29,2072,Aarav Mehta,11,Male,Central,Indore,Beauty,Face Cream,10,2362.67,0.37,14507.61,7104.13,24.77,Net Banking,5,True,Returned,2
1140,2021-05-29,57705,Nisha Singh,55,Other,Central,Bhopal,Electronics,Camera,10,36516.81,0.12,494382.28,58795.08,53.99,Net Banking,4,False,Delivered,4
4145,2024-12-05,52922,Vikram Shah,34,Male,East,Kolkata,Sports,Tennis Racket,7,13857.65,0.09,81878.9,20918.31,72.38,Debit Card,5,False,Pending,8
3069,2023-08-19,13129,Nikhil Nair,36,Male,East,Kolkata,Groceries,Cooking Oil,9,461.84,0.06,5002.24,440.52,74.88,Cash On Delivery,2,False,Delivered,5
1242,2021-07-14,50699,Rohan Chatterjee,16,Female,East,Patna,Books,Self-Help Book,999,545.25,0.02,729651.06,258878.2,54.26,Debit Card,4,False,Delivered,2
2668,2023-02-28,301,Shreya Mehta,19,Male,West,Mumbai,Books,Textbook,9,1227.77,0.09,10383.44,4289.27,74.78,Cash On Delivery,2,True,Returned,1
995,2021-03-29,31960,Arjun Bhat,47,Other,North,Chandigarh,Clothing,T-Shirt,10,3992.44,0.15,37327.01,12430.23,40.58,Debit Card,5,False,Delivered,2
3960,2024-09-04,8100,Aditya Iyer,21,Other,North,Amritsar,Groceries,Rice (5Kg),9,201.86,0.01,2456.41,221.64,57.28,Emi,3,False,Delivered,4
2617,2023-02-10,17877,Priya Iyer,44,Male,North,Chandigarh,Groceries,Dal (1Kg),8,364.69,0.13,2876.59,173.21,36.26,Cash On Delivery,5,False,Delivered,5
850,2021-01-22,69680,Nisha Pillai,36,Female,Central,Raipur,Electronics,Tablet,6,10944.15,0.21,42423.95,5320.38,63.46,Upi,1,False,Pending,8
2659,2023-02-26,24774,Aditya Mehta,16,Female,Central,Raipur,Furniture,Desk,8,30273.47,0.35,154408.51,36948.63,62.8,Debit Card,2,False,Delivered,9
3153,2023-09-29,93955,Aditya Rao,24,Female,North,Ludhiana,Electronics,Headphones,9,56863.21,0.23,470774.92,62906.0,36.46,Cash On Delivery,3,False,Delivered,3
517,2020-08-17,58116,Ritu Reddy,27,Other,South,Bangalore,Sports,Football,9,12449.98,0.25,96151.04,22779.35,37.1,Debit Card,3,False,Cancelled,1
2808,2023-05-03,74228,Kavya Reddy,48,Other,Central,Raipur,Books,Comic Book,1,769.04,0.13,1113.83,505.12,46.7,Emi,1,False,Delivered,10
501,2020-08-09,64153,Aarav Reddy,35,Female,West,Mumbai,Clothing,Jacket,2,3190.9,0.08,6874.97,2112.7,74.32,Debit Card,3,False,Cancelled,2
1127,2021-05-24,44836,Priya Gupta,42,Other,North,Ludhiana,Sports,Cycle,9,13067.04,0.22,129179.48,17264.66,58.55,Cash On Delivery,1,True,Returned,4
464,2020-07-23,22675,Priya Kumar,46,Other,West,Mumbai,Furniture,Bookshelf,6,12344.66,0.02,93910.03,32713.0,34.26,Credit Card,2,False,Delivered,6
898,2021-02-07,48501,Priya Bose,22,Male,East,Guwahati,Books,Comic Book,9,682.41,0.39,3288.5,950.54,73.23,Credit Card,4,False,Shipped,7
642,2020-10-13,75414,Arjun Mishra,35,Male,North,Ludhiana,Electronics,Tablet,7,42976.47,0.32,173058.34,20091.83,60.6,Cash On Delivery,1,False,Delivered,2
482,2020-08-01,78799,Rahul Reddy,34,Male,Central,Indore,Groceries,Sugar,2,245.8,0.2,485.67,40.76,55.25,Upi,4,False,Delivered,1
1088,2021-05-06,86516,Aditya Kumar,53,Other,Central,Raipur,Groceries,Flour,10,426.88,0.19,4803.63,399.66,69.62,Debit Card,3,False,Cancelled,3
639,2020-10-12,32361,Kavya Joshi,29,Other,South,Chennai,Clothing,Jacket,9,3720.46,0.2,25352.89,8663.42,69.62,Emi,3,False,Delivered,10
330,2020-05-23,60862,Meera Patel,42,Male,Central,Indore,Groceries,Tea,5,340.16,0.37,1501.76,96.24,58.79,Upi,1,False,Delivered,3
919,2021-02-17,83261,Ritu Mehta,25,Female,West,Ahmedabad,Sports,Cricket Bat,1,14980.35,0.06,16007.63,3501.94,66.95,Credit Card,5,False,Delivered,8
3509,2024-03-04,87841,Aditya Mehta,34,Male,West,Ahmedabad,Electronics,Smartwatch,7,34398.85,0.32,211978.75,22144.21,71.38,Cash On Delivery,1,True,Returned,5
643,2020-10-14,54148,Aarav Kapoor,44,Male,Central,Nagpur,Beauty,Hair Oil,10,447.27,0.15,2458.7,1150.13,45.79,Net Banking,4,False,Delivered,5
218,2020-04-04,80333,Kavya Mehta,58,Other,South,Kochi,Books,Fiction Novel,2,640.98,0.05,1372.2,437.79,68.68,Upi,2,False,Delivered,5
135,2020-02-23,9673,Ritu Nair,41,Male,West,Mumbai,Electronics,Tablet,9,39365.34,0.15,210085.4,19908.38,56.84,Debit Card,4,False,Delivered,8
2572,2023-01-25,19082,Sanjay Joshi,38,Other,West,Pune,Clothing,Jeans,8,3747.11,0.15,25653.59,8023.16,35.73,Net Banking,5,False,Cancelled,1
3640,2024-05-01,31568,Ananya Shah,12,Other,East,Kolkata,Beauty,Sunscreen,5,1989.16,0.24,12820.21,5988.44,79.5,Net Banking,4,False,Delivered,5
2527,2023-01-02,6675,Deepa Nair,20,Female,North,Amritsar,Books,Textbook,7,1431.35,0.2,8558.35,3547.79,60.84,Upi,1,True,Returned,2
3863,2024-08-04,81760,Priya Verma,34,Female,South,Hyderabad,Furniture,Desk,7,23321.93,0.25,170809.51,57631.73,81.16,Upi,1,False,Delivered,6
705,2020-11-16,82661,Rohan Kumar,26,Male,East,Bhubaneswar,Beauty,Hair Oil,1,2036.13,0.34,999.56,371.42,70.99,Cash On Delivery,1,False,Shipped,6
1488,2021-10-31,63879,Rahul Patel,23,Male,North,Amritsar,Groceries,Rice (5Kg),2,499.3,0.06,838.13,80.06,69.89,Credit Card,4,False,Delivered,3
3808,2024-07-13,3800,Rahul Mishra,36,Other,South,Bangalore,Clothing,Kurta,4,3455.27,0.0,20334.29,8527.59,73.07,Emi,2,False,Delivered,9
133,2020-02-20,6416,Aditya Iyer,28,Male,West,Pune,Books,Textbook,9,657.44,0.0,5550.8,1842.41,53.36,Emi,1,False,Cancelled,9
2267,2022-09-13,18261,Kavya Iyer,35,Male,North,Delhi,Beauty,Perfume,1,2480.5,0.07,2697.26,1008.27,42.84,Upi,2,True,Returned,9
1914,2022-04-26,69924,Sunita Bose,46,Female,North,Ludhiana,Sports,Yoga Mat,10,9875.47,0.24,97179.05,19944.59,98.45,Credit Card,1,False,Shipped,6
1975,2022-05-22,55730,Arjun Bose,37,Female,North,Delhi,Furniture,Wardrobe,4,31494.17,0.23,139624.11,35809.83,57.08,Emi,3,True,Returned,7
3854,2024-08-01,17266,Aarav Rao,24,Male,East,Patna,Books,Textbook,5,303.28,0.24,1696.93,651.04,68.98,Credit Card,5,False,Delivered,6
2441,2022-11-25,43234,Rahul Singh,45,Male,North,Amritsar,Sports,Yoga Mat,9,8750.14,0.23,54615.07,15670.41,45.73,Upi,2,False,Delivered,8
675,2020-11-01,59612,Meera Das,18,Other,West,Surat,Groceries,Flour,4,326.66,0.02,986.8,70.77,46.22,Upi,4,False,Delivered,1
157,2020-03-06,32598,Meera Mishra,52,Other,North,Delhi,Sports,Cycle,1,6367.24,0.33,4149.57,1071.43,62.13,Net Banking,5,False,Shipped,6
4167,2024-12-15,6213,Kavya Patel,29,Other,East,Bhubaneswar,Furniture,Bed Frame,9,26558.96,0.12,191023.49,41485.81,110.49,Net Banking,3,True,Returned,6
3855,2024-08-01,83631,Meera Reddy,49,Other,North,Chandigarh,Sports,Dumbbells,9,2947.21,0.21,31412.17,5480.32,42.11,Net Banking,3,False,Delivered,7
3190,2023-10-12,24234,Meera Verma,32,Other,East,Kolkata,Books,Cook Book,4,1290.01,0.0,6137.27,2840.6,68.69,Cash On Delivery,2,False,Pending,6
3757,2024-06-24,96410,Priya Shah,51,Male,South,Chennai,Books,Cook Book,5,961.89,0.01,7627.11,3502.92,70.62,Credit Card,4,False,Delivered,3
2500,2022-12-21,39273,Aarav Bose,35,Other,North,Chandigarh,Groceries,Dal (1Kg),2,87.85,0.19,103.31,6.42,63.89,Debit Card,1,False,Delivered,10
2344,2022-10-11,14351,Kavya Singh,33,Other,South,Chennai,Furniture,Wardrobe,10,33036.39,0.15,296109.08,94051.67,73.88,Upi,4,False,Delivered,3
3341,2023-12-16,62991,Meera Pillai,25,Female,North,Chandigarh,Electronics,Smartwatch,3,32029.32,0.02,75119.27,11139.42,73.87,Upi,2,False,Delivered,3
3642,2024-05-03,91604,Deepa Pillai,34,Male,Central,Raipur,Clothing,Saree,1,1545.75,0.33,1542.53,612.18,63.94,Net Banking,2,True,Returned,9
3571,2024-03-30,52512,Nisha Sharma,25,Other,North,Chandigarh,Clothing,Jacket,4,2828.85,0.3,10952.86,3943.46,76.1,Debit Card,3,False,Cancelled,3
1181,2021-06-15,78578,Vikram Reddy,40,Other,Central,Raipur,Electronics,Laptop,1,47536.69,0.14,48541.55,7443.68,39.99,Credit Card,3,False,Cancelled,4
1135,2021-05-27,96639,Nisha Shah,28,Female,East,Guwahati,Sports,Cycle,6,6132.4,0.14,43423.68,6267.62,83.58,Emi,3,False,Delivered,3
3783,2024-07-03,12983,Amit Singh,29,Other,South,Chennai,Beauty,Shampoo,5,561.79,0.16,777.12,256.7,65.1,Upi,1,False,Delivered,4
1837,2022-03-25,54771,Arjun Nair,26,Male,South,Chennai,Sports,Yoga Mat,9,8324.77,0.01,78776.93,19757.51,114.04,Net Banking,4,False,Shipped,3
3375,2023-12-31,69853,Deepa Chatterjee,26,Other,East,Patna,Electronics,Camera,1,39921.4,0.23,29027.34,4657.8,79.95,Credit Card,5,False,Delivered,1
352,2020-05-31,23957,Aditya Joshi,36,Male,West,Ahmedabad,Sports,Dumbbells,3,5934.84,0.4,13742.69,3428.34,72.22,Cash On Delivery,4,False,Shipped,2
3565,2024-03-28,40074,Kavya Patel,59,Male,West,Mumbai,Groceries,Rice (5Kg),9,158.32,0.22,1561.49,114.52,64.86,Emi,3,False,Delivered,10
3987,2024-09-15,84905,Pooja Bhat,28,Male,East,Bhubaneswar,Groceries,Flour,10,394.18,0.11,4349.83,380.98,90.1,Upi,3,False,Delivered,3
3285,2023-11-19,64046,Shreya Mishra,15,Other,Central,Nagpur,Furniture,Chair,7,30237.39,0.15,155865.09,38187.73,68.65,Credit Card,5,False,Cancelled,8
3045,2023-08-10,54485,Karan Kapoor,42,Male,South,Bangalore,Groceries,Tea,4,474.68,0.3,1844.79,156.82,41.43,Credit Card,3,False,Delivered,7
3187,2023-10-09,63003,Nisha Mehta,40,Female,Central,Indore,Electronics,Smartphone,2,15759.44,0.15,30120.16,3914.94,66.72,Net Banking,5,False,Delivered,10
3170,2023-10-04,69634,Nikhil Reddy,34,Male,East,Patna,Books,Fiction Novel,8,344.93,0.06,2797.51,1292.82,61.8,Net Banking,3,False,Delivered,3
2112,2022-07-18,60338,Nikhil Joshi,33,Female,North,Amritsar,Furniture,Chair,4,3037.37,0.1,12378.84,3013.5,45.31,Debit Card,3,False,Cancelled,4
1355,2021-09-02,96314,Ananya Pillai,17,Other,Central,Bhopal,Beauty,Lipstick,10,565.58,0.36,4045.87,2129.62,37.31,Emi,3,True,Returned,9
3828,2024-07-22,16772,Ritu Mehta,35,Other,Central,Indore,Electronics,Smartwatch,3,45894.21,0.11,191499.56,29426.2,51.2,Upi,2,False,Delivered,3
769,2020-12-14,22535,Priya Das,27,Female,Central,Bhopal,Furniture,Desk,9,20678.49,0.35,87908.48,33141.7,46.74,Credit Card,2,False,Delivered,5
1203,2021-06-26,20494,Karan Bhat,58,Other,South,Hyderabad,Clothing,Dress,1,3505.24,0.31,3938.32,1621.58,55.77,Upi,3,False,Delivered,9
1548,2021-11-25,86499,Amit Gupta,29,Other,North,Amritsar,Groceries,Dal (1Kg),5,391.05,0.11,304.23,27.95,38.52,Credit Card,3,False,Shipped,10
3754,2024-06-23,83515,Amit Shah,33,Male,East,Patna,Groceries,Dal (1Kg),9,298.83,0.1,4084.65,279.53,55.65,Emi,1,True,Returned,1
1404,2021-09-25,34886,Karan Iyer,25,Female,East,Kolkata,Books,Fiction Novel,10,350.58,0.32,2561.17,916.75,95.0,Upi,5,False,Delivered,7
3344,2023-12-18,66556,Ananya Nair,42,Male,North,Chandigarh,Sports,Yoga Mat,0,935.36,0.06,727.57,161.08,50.09,Upi,1,True,Returned,3
23,2020-01-09,78914,Ritu Rao,44,Female,West,Pune,Furniture,Desk,8,12654.92,0.37,44039.5,13136.75,75.7,Cash On Delivery,1,False,Delivered,1
3573,2024-04-01,13424,Kavya Mishra,16,Other,Central,Nagpur,Furniture,Chair,8,21200.54,0.25,198759.57,52379.78,30.82,Credit Card,5,False,Delivered,9
3438,2024-01-30,66705,Sunita Shah,51,Other,West,Pune,Books,Self-Help Book,4,523.0,0.26,1458.67,432.0,42.17,Upi,4,False,Delivered,5
2818,2023-05-09,11582,Kavya Kumar,36,Female,Central,Raipur,Beauty,Shampoo,5,576.73,0.07,4465.04,1617.65,61.27,Emi,4,False,Cancelled,2
3416,2024-01-21,98563,Ananya Pillai,27,Female,West,Ahmedabad,Groceries,Dal (1Kg),10,406.98,0.13,3726.88,185.43,17.51,Net Banking,3,False,Cancelled,1
351,2020-05-31,5560,Aditya Shah,36,Other,West,Ahmedabad,Sports,Yoga Mat,9,13555.14,0.2,120212.0,36132.18,93.89,Upi,5,False,Delivered,7
2653,2023-02-22,19008,Karan Singh,46,Female,Central,Bhopal,Books,Cook Book,6,821.9,0.11,4718.43,1271.26,24.77,Debit Card,4,False,Delivered,5
604,2020-09-26,47446,Arjun Gupta,23,Other,East,Guwahati,Furniture,Desk,4,10669.95,0.36,27756.98,9717.32,73.78,Emi,1,False,Delivered,2
768,2020-12-14,47322,Ritu Chatterjee,32,Female,Central,Nagpur,Sports,Tennis Racket,4,3803.71,0.1,9647.73,1808.82,75.19,Cash On Delivery,4,False,Delivered,9
1175,2021-06-09,72525,Vikram Nair,16,Male,North,Amritsar,Clothing,Kurta,10,2096.84,0.04,29360.23,13912.15,29.35,Upi,4,False,Delivered,4
596,2020-09-24,30793,Shreya Mehta,29,Male,North,Chandigarh,Beauty,Face Cream,2,2372.24,0.18,3450.53,1389.92,51.38,Emi,5,False,Delivered,1
2256,2022-09-10,76072,Karan Pillai,21,Other,West,Pune,Furniture,Bookshelf,9,29503.49,0.02,295846.81,62680.47,44.27,Debit Card,1,False,Shipped,3
1241,2021-07-14,61863,Shreya Joshi,35,Female,East,Guwahati,Groceries,Rice (5Kg),7,245.58,0.24,1697.64,173.17,84.93,Cash On Delivery,5,False,Delivered,3
1000,2021-03-30,98974,Karan Reddy,38,Female,South,Chennai,Books,Cook Book,4,1425.29,0.21,5074.93,2152.95,84.46,Upi,3,False,Delivered,2
2229,2022-08-30,82156,Arjun Reddy,35,Male,North,Chandigarh,Furniture,Bookshelf,3,29848.47,0.26,88033.69,26851.32,62.97,Debit Card,5,False,Pending,10
3572,2024-03-30,95134,Aarav Kumar,32,Other,West,Surat,Sports,Cricket Bat,5,10965.5,0.17,60476.18,10094.56,67.11,Debit Card,3,False,Delivered,3
3892,2024-08-12,28116,Pooja Bose,20,Other,West,Ahmedabad,Clothing,Jacket,10,1866.54,0.06,28793.88,10235.47,39.49,Credit Card,5,False,Cancelled,7
574,2020-09-14,90504,Aarav Sharma,16,Female,West,Pune,Furniture,Sofa,3,8460.49,0.16,19748.43,6671.85,38.06,Cash On Delivery,3,False,Delivered,3
1591,2021-12-11,83440,Aditya Sharma,21,Female,South,Bangalore,Groceries,Rice (5Kg),8,210.62,0.36,807.18,51.19,62.4,Net Banking,3,False,Delivered,6
499,2020-08-07,68621,Sunita Nair,50,Other,East,Kolkata,Groceries,Cooking Oil,4,299.75,0.01,1339.61,109.11,106.26,Emi,2,False,Cancelled,7
1130,2021-05-25,78754,Aditya Mehta,16,Other,West,Mumbai,Books,Cook Book,7,862.1,0.39,3916.31,1476.96,72.68,Emi,1,True,Returned,8
756,2020-12-09,60860,Aarav Bose,35,Other,West,Mumbai,Clothing,Kurta,7,446.81,0.07,2020.82,594.44,79.49,Net Banking,1,False,Cancelled,1
2357,2022-10-16,17365,Nikhil Pillai,36,Female,Central,Raipur,Groceries,Rice (5Kg),8,394.24,0.28,2269.73,208.28,66.63,Credit Card,1,False,Delivered,4
2897,2023-06-06,64599,Priya Verma,60,Female,North,Amritsar,Electronics,Smartwatch,6,62456.65,0.02,593837.1,72763.11,30.38,Debit Card,4,False,Cancelled,1
2629,2023-02-14,23638,Shreya Shah,57,Male,Central,Nagpur,Beauty,Shampoo,9,1014.1,0.17,7782.1,2587.13,50.45,Credit Card,1,False,Delivered,10
1317,2021-08-15,37544,Vikram Mehta,35,Other,North,Amritsar,Furniture,Wardrobe,10,26198.4,0.08,256959.11,92292.36,42.39,Credit Card,4,False,Delivered,2
3043,2023-08-09,77236,Shreya Mehta,53,Female,Central,Bhopal,Beauty,Lipstick,4,369.22,0.19,1495.87,791.13,38.15,Credit Card,5,False,Delivered,9
4152,2024-12-07,27678,Kavya Kapoor,39,Other,South,Hyderabad,Groceries,Tea,6,199.94,0.07,1058.44,90.06,70.92,Credit Card,3,False,Shipped,10
84,2020-02-03,43984,Meera Kumar,58,Male,North,Ludhiana,Clothing,Kurta,2,1849.33,0.36,2115.12,453.68,31.92,Upi,5,False,Delivered,5
539,2020-08-25,19345,Ananya Pillai,53,Other,Central,Indore,Clothing,Jacket,999,2567.4,0.31,2281458.22,899209.6,74.46,Emi,3,False,Delivered,5
1926,2022-05-02,98569,Amit Joshi,29,Female,West,Mumbai,Beauty,Lipstick,4,1147.98,0.2,6361.05,3168.26,65.04,Credit Card,4,False,Shipped,3
3361,2023-12-25,86557,Rahul Patel,42,Male,South,Hyderabad,Clothing,Dress,9,498.04,0.17,3156.27,846.9,66.24,Emi,2,False,Cancelled,9
2174,2022-08-11,21947,Pooja Das,14,Male,Central,Raipur,Groceries,Rice (5Kg),4,226.35,0.07,989.86,91.52,55.59,Debit Card,1,False,Pending,3
1785,2022-03-03,57566,Sanjay Kumar,36,Male,South,Chennai,Groceries,Rice (5Kg),10,206.1,0.35,1777.49,133.97,79.95,Upi,2,False,Delivered,1
2544,2023-01-09,94242,Kavya Gupta,46,Male,North,Chandigarh,Furniture,Bookshelf,7,14759.75,0.17,87388.37,15358.82,24.99,Emi,3,False,Delivered,4
16,2020-01-06,31154,Pooja Kapoor,34,Female,East,Patna,Clothing,Jeans,5,669.43,0.01,2618.73,710.9,82.42,Credit Card,4,False,Delivered,10
1005,2021-03-31,25038,Ritu Iyer,20,Female,Central,Raipur,Electronics,Laptop,4,68084.1,0.37,189388.83,13906.21,69.36,Debit Card,3,False,Delivered,3
2197,2022-08-16,78749,Aarav Joshi,36,Male,South,Hyderabad,Clothing,Jacket,7,1443.52,0.13,11305.88,3465.68,55.23,Credit Card,1,True,Returned,5
1714,2022-02-02,52422,Priya Mishra,8,Other,Central,Indore,Sports,Football,5,13240.63,0.26,46691.07,9265.4,67.49,Net Banking,5,False,Delivered,5
1722,2022-02-05,63028,Deepa Mishra,31,Other,Central,Bhopal,Groceries,Tea,8,367.78,0.05,2940.06,156.67,59.05,Net Banking,3,False,Delivered,10
1626,2021-12-27,71913,Aditya Das,49,Female,East,Guwahati,Sports,Cricket Bat,8,5432.7,0.02,31946.52,4581.83,74.44,Credit Card,4,False,Delivered,3
4025,2024-10-13,94922,Arjun Reddy,58,Other,Central,Indore,Beauty,Face Cream,10,1026.66,0.13,9081.45,4511.59,101.7,Debit Card,2,False,Shipped,8
2917,2023-06-16,53514,Karan Patel,25,Female,East,Kolkata,Groceries,Flour,9,374.09,0.17,4521.17,397.05,78.38,Debit Card,1,True,Returned,8
3254,2023-11-05,62167,Aarav Nair,6,Other,North,Ludhiana,Groceries,Sugar,6,131.77,0.35,499.25,57.45,58.15,Debit Card,5,False,Delivered,3
3240,2023-11-01,64411,Arjun Kapoor,34,Other,South,Hyderabad,Groceries,Tea,6,160.41,0.3,586.06,63.9,77.63,Net Banking,1,False,Delivered,3
3770,2024-06-28,96876,Nikhil Sharma,35,Other,South,Bangalore,Electronics,Smartwatch,5,21887.79,0.34,27456.59,3466.29,71.52,Debit Card,5,False,Delivered,9
3698,2024-05-25,96903,Sunita Gupta,34,Male,Central,Raipur,Electronics,Camera,9,40526.75,0.37,293380.85,34699.61,66.27,Debit Card,3,True,Returned,8
220,2020-04-05,34125,Arjun Das,53,Male,South,Kochi,Electronics,Smartwatch,7,9567.57,0.15,74980.19,6346.79,57.59,Upi,2,True,Returned,5
1606,2021-12-17,76863,Rahul Iyer,34,Female,South,Hyderabad,Electronics,Camera,1,44910.55,0.23,25982.59,1789.8,63.09,Cash On Delivery,3,True,Returned,10
188,2020-03-24,84898,Deepa Mishra,45,Male,East,Kolkata,Electronics,Smartphone,1,6658.64,0.06,6373.28,702.66,108.65,Upi,4,False,Delivered,10
3444,2024-02-02,31786,Pooja Verma,23,Other,North,Delhi,Furniture,Sofa,1,18541.2,0.28,14966.05,4220.82,26.45,Cash On Delivery,5,False,Delivered,9
1492,2021-11-02,52972,Karan Rao,47,Male,West,Ahmedabad,Beauty,Face Cream,1,214.05,0.33,112.78,35.96,36.57,Upi,3,False,Delivered,10
1673,2022-01-17,61953,Nikhil Iyer,36,Male,West,Mumbai,Beauty,Perfume,7,1098.02,0.23,4476.08,2091.36,61.05,Cash On Delivery,3,False,Delivered,10
645,2020-10-15,20584,Sanjay Nair,38,Female,East,Kolkata,Books,Self-Help Book,9,1306.28,0.21,8262.31,4280.66,74.54,Net Banking,1,False,Delivered,4
1025,2021-04-09,16923,Nisha Bhat,36,Male,North,Amritsar,Sports,Tennis Racket,999,9380.72,0.29,7936261.2,1739854.0,72.62,Net Banking,4,False,Delivered,4
1835,2022-03-25,19761,Sanjay Gupta,35,Other,East,Bhubaneswar,Groceries,Rice (5Kg),6,113.85,0.12,739.35,42.47,94.73,Upi,5,False,Delivered,9
3501,2024-03-01,99295,Pooja Shah,61,Male,South,Chennai,Beauty,Hair Oil,2,2459.27,0.22,4998.52,2550.26,90.29,Credit Card,5,False,Delivered,2
1836,2022-03-25,59858,Arjun Chatterjee,51,Female,Central,Raipur,Clothing,Dress,4,3759.12,0.06,16565.63,5889.66,49.87,Cash On Delivery,3,False,Delivered,1
2683,2023-03-09,18854,Pooja Nair,53,Female,Central,Bhopal,Books,Fiction Novel,7,291.53,0.08,2565.08,571.02,71.31,Credit Card,1,False,Delivered,3
3701,2024-05-26,18957,Ritu Shah,34,Male,Central,Indore,Groceries,Rice (5Kg),7,314.01,0.22,2725.99,279.75,47.43,Upi,1,True,Returned,5
4039,2024-10-18,38048,Nisha Bose,32,Male,Central,Nagpur,Sports,Cycle,1,13524.69,0.16,12066.97,2590.87,66.76,Upi,5,False,Delivered,6
1471,2021-10-24,70306,Amit Singh,18,Male,Central,Raipur,Clothing,Dress,4,2744.4,0.06,9005.15,3617.26,63.69,Emi,1,False,Pending,7
2561,2023-01-14,34744,Meera Joshi,38,Male,North,Ludhiana,Electronics,Tablet,6,8947.94,0.18,39941.04,4114.43,67.17,Net Banking,4,False,Cancelled,10
2297,2022-09-23,42672,Kavya Nair,33,Male,West,Mumbai,Beauty,Perfume,5,926.42,0.25,3809.66,1528.7,64.01,Debit Card,5,False,Shipped,6
3108,2023-09-05,73404,Ritu Patel,36,Male,Central,Bhopal,Electronics,Smartphone,9,26560.24,0.2,238441.62,32963.32,47.86,Debit Card,2,False,Delivered,10
1121,2021-05-20,42961,Rahul Reddy,44,Female,West,Pune,Sports,Cricket Bat,4,2049.02,0.11,10395.54,1625.17,77.49,Cash On Delivery,2,False,Delivered,1
4059,2024-10-26,50161,Priya Mishra,25,Female,South,Chennai,Groceries,Dal (1Kg),7,352.63,0.25,1976.85,173.35,62.95,Net Banking,3,True,Returned,5
3653,2024-05-06,59471,Karan Mehta,28,Other,South,Kochi,Clothing,Jacket,7,3210.04,0.38,22477.05,8603.97,60.3,Credit Card,3,True,Returned,1
3548,2024-03-21,66417,Vikram Rao,21,Other,East,Patna,Clothing,T-Shirt,8,894.69,0.02,9349.02,1742.56,62.56,Cash On Delivery,5,False,Delivered,6
2642,2023-02-17,28950,Ritu Iyer,48,Male,East,Guwahati,Clothing,Jeans,9,3701.68,0.25,25508.14,10141.91,66.89,Credit Card,5,False,Delivered,2
1107,2021-05-14,94112,Pooja Nair,25,Male,West,Surat,Sports,Tennis Racket,9,12847.76,0.21,143841.57,26810.1,59.25,Emi,3,False,Pending,2
1743,2022-02-13,21723,Kavya Gupta,31,Other,North,Ludhiana,Books,Comic Book,3,1239.02,0.3,2496.6,753.81,47.04,Credit Card,3,False,Delivered,1
3587,2024-04-09,49861,Rahul Bhat,36,Female,South,Chennai,Beauty,Sunscreen,10,1227.43,0.31,12426.65,6994.21,88.5,Debit Card,5,False,Delivered,3
2306,2022-09-29,12892,Nisha Pillai,35,Male,Central,Nagpur,Clothing,Jacket,2,3165.33,0.27,5468.29,1737.74,73.28,Credit Card,4,False,Delivered,2
2019,2022-06-09,93903,Karan Patel,28,Other,Central,Indore,Groceries,Sugar,10,430.31,0.09,5372.93,397.37,47.6,Net Banking,1,False,Delivered,2
1432,2021-10-07,2652,Nisha Mehta,32,Male,North,Chandigarh,Sports,Tennis Racket,5,10759.43,0.18,40614.59,10920.96,43.85,Upi,4,False,Delivered,2
2901,2023-06-08,57226,Rahul Nair,21,Female,West,Ahmedabad,Books,Cook Book,6,471.17,0.18,3369.46,1337.48,88.71,Cash On Delivery,4,False,Cancelled,1
1156,2021-06-03,97655,Sanjay Kapoor,45,Female,North,Amritsar,Groceries,Sugar,2,346.78,0.3,705.38,68.49,0.51,Net Banking,1,False,Delivered,2
2148,2022-07-31,63511,Pooja Nair,28,Male,East,Patna,Books,Fiction Novel,6,817.12,0.36,4458.93,1524.76,74.5,Cash On Delivery,1,True,Returned,9
2168,2022-08-09,41061,Priya Iyer,39,Male,West,Mumbai,Books,Textbook,4,426.71,0.25,1765.74,838.62,39.2,Debit Card,4,True,Returned,8
3098,2023-09-01,98755,Arjun Chatterjee,39,Other,Central,Raipur,Electronics,Tablet,1,22693.39,0.08,27894.98,4153.76,48.31,Net Banking,5,False,Delivered,9
4021,2024-10-08,14904,Ritu Reddy,37,Male,South,Bangalore,Books,Self-Help Book,5,1217.44,0.33,4363.93,1440.0,66.03,Cash On Delivery,5,False,Delivered,4
1075,2021-05-02,51934,Rahul Joshi,28,Male,West,Surat,Groceries,Flour,8,208.12,0.16,1788.09,110.57,77.98,Upi,3,False,Delivered,7
1935,2022-05-04,62118,Deepa Kumar,34,Female,North,Chandigarh,Groceries,Tea,6,429.91,0.13,2947.93,145.45,42.69,Debit Card,5,False,Delivered,3
2195,2022-08-15,93002,Rahul Mehta,39,Other,East,Bhubaneswar,Furniture,Bookshelf,1,27840.27,0.33,29507.88,7118.47,59.77,Cash On Delivery,4,False,Delivered,4
3623,2024-04-24,36037,Sanjay Kumar,39,Male,East,Guwahati,Clothing,Saree,6,805.73,0.39,4220.0,2273.25,96.9,Credit Card,1,False,Delivered,9
4139,2024-12-04,95283,Ananya Chatterjee,31,Male,Central,Bhopal,Sports,Football,5,3886.22,0.24,2473.0,489.55,40.87,Debit Card,4,True,Returned,4
2082,2022-07-07,70646,Karan Bhat,39,Male,North,Amritsar,Groceries,Flour,2,345.49,0.39,710.96,51.95,61.64,Upi,4,False,Delivered,10
2286,2022-09-19,95250,Arjun Shah,44,Female,North,Delhi,Sports,Football,9,3394.34,0.06,39194.69,8874.98,16.96,Debit Card,2,True,Returned,8
1748,2022-02-15,68997,Pooja Kumar,56,Female,East,Kolkata,Clothing,Saree,10,3465.09,0.2,25651.74,8796.12,99.4,Emi,5,False,Delivered,9
1860,2022-04-01,41096,Kavya Reddy,27,Male,West,Surat,Furniture,Bookshelf,10,21474.06,0.33,214328.13,31877.36,49.93,Emi,2,False,Delivered,8
1169,2021-06-08,81880,Aditya Mehta,34,Other,West,Ahmedabad,Sports,Cricket Bat,5,9004.02,0.0,49123.38,9315.67,69.24,Emi,5,False,Delivered,6
369,2020-06-07,7373,Sunita Iyer,32,Female,East,Guwahati,Books,Fiction Novel,5,1078.72,0.03,6627.97,3203.59,78.46,Cash On Delivery,4,False,Delivered,4
1979,2022-05-25,52587,Rohan Das,46,Male,North,Amritsar,Beauty,Hair Oil,8,1707.74,0.01,18873.13,10051.04,76.8,Debit Card,2,False,Delivered,3
1173,2021-06-09,1335,Ananya Joshi,36,Male,North,Chandigarh,Furniture,Desk,7,17851.56,0.08,174116.21,60713.1,54.22,Emi,3,False,Shipped,2
1566,2021-12-01,20422,Karan Shah,13,Female,North,Delhi,Books,Cook Book,3,675.22,0.25,973.92,371.91,21.24,Emi,5,False,Delivered,8
853,2021-01-24,13945,Karan Kapoor,39,Male,North,Ludhiana,Clothing,Jeans,8,1814.02,0.36,8060.63,2084.5,67.95,Upi,1,False,Cancelled,6
2762,2023-04-10,36388,Aarav Gupta,44,Other,North,Chandigarh,Furniture,Chair,7,10222.85,0.32,83123.74,28655.62,44.75,Upi,3,False,Cancelled,10
3677,2024-05-16,13845,Pooja Joshi,24,Female,West,Pune,Books,Self-Help Book,5,386.11,0.05,3102.98,740.13,71.81,Cash On Delivery,3,False,Shipped,7
342,2020-05-28,87199,Shreya Mishra,32,Other,South,Hyderabad,Sports,Football,8,14818.6,0.11,121250.56,27352.51,79.9,Upi,5,False,Delivered,6
3227,2023-10-28,26871,Nisha Bhat,26,Female,Central,Raipur,Books,Textbook,4,653.78,0.39,1691.13,702.11,57.6,Credit Card,3,False,Cancelled,4
2547,2023-01-12,35370,Meera Iyer,13,Male,South,Hyderabad,Furniture,Desk,10,4609.6,0.39,22527.45,6267.09,72.79,Cash On Delivery,3,True,Returned,4
3009,2023-07-26,37112,Rohan Pillai,35,Female,East,Guwahati,Books,Textbook,7,520.82,0.15,4550.23,1554.74,78.67,Emi,3,False,Delivered,6
286,2020-05-07,11198,Aarav Gupta,26,Male,East,Guwahati,Beauty,Shampoo,3,2059.96,0.04,8056.36,3439.24,92.05,Net Banking,1,False,Delivered,8
3160,2023-09-30,54899,Meera Chatterjee,12,Male,North,Amritsar,Groceries,Sugar,1,89.43,0.2,83.75,6.58,37.63,Credit Card,1,False,Delivered,5
1757,2022-02-17,67988,Nikhil Kapoor,30,Other,South,Chennai,Beauty,Perfume,3,1566.52,0.37,2439.84,1173.24,81.77,Emi,1,True,Returned,3
2392,2022-11-01,20067,Priya Bhat,40,Male,North,Ludhiana,Electronics,Laptop,10,34447.29,0.14,242331.73,27631.34,29.16,Credit Card,5,False,Shipped,6
1863,2022-04-02,8965,Pooja Bose,49,Other,West,Ahmedabad,Furniture,Bookshelf,2,29772.1,0.21,57845.42,17251.72,57.47,Net Banking,2,False,Pending,6
1011,2021-04-03,27445,Deepa Das,19,Female,South,Hyderabad,Furniture,Bed Frame,1,30648.42,0.39,22238.65,5768.84,99.16,Cash On Delivery,3,False,Cancelled,9
798,2020-12-29,23116,Nikhil Verma,57,Female,Central,Nagpur,Electronics,Tablet,4,13059.62,0.11,35330.16,4782.44,56.15,Upi,4,True,Returned,7
4051,2024-10-24,81236,Sunita Iyer,26,Male,Central,Nagpur,Groceries,Tea,6,358.44,0.33,1597.57,154.69,55.56,Emi,5,False,Delivered,8
637,2020-10-12,31450,Rahul Joshi,41,Male,West,Ahmedabad,Groceries,Cooking Oil,3,482.62,0.01,1337.09,63.09,47.14,Net Banking,5,False,Delivered,6
1842,2022-03-26,29238,Nisha Kapoor,31,Male,South,Hyderabad,Groceries,Rice (5Kg),4,240.11,0.22,999.98,98.61,73.81,Net Banking,3,False,Delivered,10
2516,2022-12-28,4115,Pooja Mehta,28,Female,East,Patna,Furniture,Wardrobe,6,6993.08,0.36,20187.04,5220.66,87.7,Cash On Delivery,1,False,Delivered,5
3304,2023-11-29,38933,Sunita Reddy,45,Other,Central,Indore,Beauty,Hair Oil,7,2195.91,0.28,8503.47,3907.75,63.07,Upi,1,True,Returned,6
2928,2023-06-20,17827,Sunita Bose,40,Other,Central,Indore,Clothing,Kurta,6,3464.49,0.3,23273.58,8946.26,68.97,Credit Card,4,False,Cancelled,5
2162,2022-08-05,70128,Priya Rao,34,Other,East,Kolkata,Books,Self-Help Book,3,1288.6,0.03,4314.77,1600.29,88.39,Debit Card,5,False,Delivered,2
1965,2022-05-18,41329,Nikhil Verma,37,Female,West,Mumbai,Clothing,Saree,9,2779.53,0.35,21070.99,8557.51,60.61,Emi,2,False,Delivered,7
2573,2023-01-25,56165,Nikhil Patel,42,Other,East,Patna,Electronics,Tablet,6,59741.71,0.16,274146.04,37793.71,70.42,Net Banking,5,False,Delivered,10
524,2020-08-19,71429,Shreya Shah,26,Female,Central,Bhopal,Electronics,Tablet,1,24574.09,0.31,18570.7,1618.66,51.33,Net Banking,2,True,Returned,9
1244,2021-07-16,2216,Aditya Gupta,31,Male,North,Chandigarh,Books,Biography,6,1434.91,0.15,8544.42,2933.84,31.36,Emi,2,False,Delivered,6
2410,2022-11-06,42492,Vikram Das,31,Other,South,Bangalore,Electronics,Smartphone,2,71479.88,0.14,89772.04,10563.18,80.96,Credit Card,4,True,Returned,3
411,2020-06-30,25002,Rahul Das,31,Other,South,Chennai,Electronics,Camera,10,55392.79,0.3,509672.92,47237.56,43.11,Net Banking,4,False,Delivered,7
2285,2022-09-19,27442,Rahul Sharma,25,Female,Central,Nagpur,Beauty,Perfume,6,226.83,0.24,1203.63,638.69,48.65,Debit Card,3,False,Delivered,1
443,2020-07-14,99270,Sanjay Iyer,44,Other,North,Ludhiana,Sports,Tennis Racket,5,14604.49,0.14,84861.96,20545.89,79.68,Upi,5,False,Delivered,4
1551,2021-11-27,57238,Sunita Nair,10,Female,North,Amritsar,Beauty,Sunscreen,2,524.5,0.13,764.26,357.6,38.55,Debit Card,5,False,Delivered,8
359,2020-06-03,46631,Vikram Das,20,Other,South,Chennai,Sports,Dumbbells,4,3114.57,0.04,14254.8,2493.63,77.95,Cash On Delivery,5,False,Delivered,5
1204,2021-06-27,58365,Karan Mehta,34,Male,Central,Nagpur,Clothing,Dress,6,1824.73,0.07,13172.15,4404.16,111.66,Emi,1,True,Returned,1
2758,2023-04-09,17548,Deepa Singh,38,Other,North,Ludhiana,Books,Comic Book,10,1140.33,0.27,11676.23,3683.76,52.27,Emi,3,False,Delivered,2
315,2020-05-17,62709,Ananya Verma,30,Male,East,Guwahati,Books,Self-Help Book,10,635.99,0.16,7279.36,3155.48,88.69,Emi,2,False,Delivered,1
2014,2022-06-06,26242,Rohan Chatterjee,50,Female,North,Delhi,Furniture,Sofa,9,18354.53,0.4,119623.01,46776.23,60.02,Credit Card,3,False,Delivered,10
806,2021-01-04,73115,Ritu Iyer,25,Male,Central,Nagpur,Beauty,Lipstick,5,2326.77,0.38,5580.64,2891.02,74.06,Emi,4,False,Shipped,6
2679,2023-03-06,93760,Nikhil Kapoor,48,Male,East,Patna,Groceries,Cooking Oil,8,412.18,0.37,2510.56,237.24,74.88,Debit Card,2,False,Cancelled,3
35,2020-01-13,7419,Priya Nair,33,Female,West,Ahmedabad,Sports,Tennis Racket,3,14820.82,0.39,21635.72,4987.3,45.0,Debit Card,3,False,Delivered,5
1207,2021-06-29,44749,Pooja Singh,21,Female,South,Chennai,Clothing,Kurta,7,1092.77,0.25,8012.86,2746.44,79.09,Credit Card,2,False,Delivered,10
3186,2023-10-09,37684,Rohan Mishra,46,Other,North,Delhi,Books,Fiction Novel,4,1295.21,0.1,5174.52,2321.8,23.54,Credit Card,4,False,Delivered,6
3315,2023-12-05,93902,Amit Sharma,27,Other,South,Chennai,Beauty,Hair Oil,3,752.34,0.25,1312.85,600.66,65.3,Net Banking,5,False,Delivered,1
2563,2023-01-16,4574,Sunita Shah,11,Female,South,Chennai,Sports,Football,5,4093.28,0.23,14415.44,2444.13,77.13,Debit Card,2,False,Cancelled,7
3706,2024-05-30,22929,Ananya Singh,29,Other,North,Chandigarh,Clothing,Dress,8,2994.98,0.2,31403.77,11180.42,45.43,Net Banking,5,False,Delivered,5
3895,2024-08-13,9260,Rohan Bhat,58,Female,West,Ahmedabad,Clothing,Jeans,3,3209.05,0.24,10071.36,4002.87,53.21,Credit Card,3,True,Returned,7
26,2020-01-10,14542,Kavya Chatterjee,31,Female,South,Kochi,Groceries,Flour,7,423.99,0.21,1984.26,189.37,45.05,Cash On Delivery,1,False,Delivered,8
4150,2024-12-07,41606,Arjun Verma,26,Female,North,Ludhiana,Electronics,Headphones,2,51176.53,0.12,72400.09,8619.13,59.77,Cash On Delivery,2,False,Delivered,3
2234,2022-08-31,98675,Sunita Shah,28,Female,East,Bhubaneswar,Beauty,Lipstick,8,1190.38,0.29,9135.75,5877.03,93.18,Upi,1,True,Returned,1
3427,2024-01-25,72511,Sunita Gupta,34,Male,Central,Raipur,Groceries,Dal (1Kg),5,470.22,0.07,370.8,28.04,65.41,Debit Card,2,False,Delivered,4
1311,2021-08-12,450,Sanjay Iyer,39,Male,West,Ahmedabad,Electronics,Smartwatch,7,63396.04,0.05,514656.3,47623.99,47.91,Emi,3,False,Delivered,2
314,2020-05-17,45424,Pooja Gupta,38,Male,West,Mumbai,Sports,Cricket Bat,6,3765.92,0.27,20744.7,5247.02,90.54,Upi,4,False,Delivered,9
2156,2022-08-04,99111,Meera Nair,33,Other,Central,Bhopal,Beauty,Sunscreen,1,1864.55,0.02,2317.03,835.39,82.42,Emi,1,True,Returned,5
2101,2022-07-13,17742,Meera Verma,47,Female,South,Hyderabad,Electronics,Smartphone,6,9010.34,0.38,49758.87,5134.33,75.34,Upi,4,False,Delivered,10
733,2020-12-01,15499,Priya Mishra,34,Other,West,Mumbai,Furniture,Desk,9,12544.46,0.21,65545.14,23589.88,79.05,Debit Card,4,False,Delivered,4
1641,2022-01-01,87800,Rahul Patel,51,Male,East,Bhubaneswar,Furniture,Bookshelf,1,27509.11,0.34,17323.1,3413.01,50.42,Credit Card,2,True,Returned,9
406,2020-06-25,55912,Rohan Iyer,41,Female,Central,Nagpur,Books,Cook Book,1,794.97,0.15,910.56,213.02,18.34,Debit Card,5,False,Delivered,6
3604,2024-04-19,22575,Nikhil Mehta,40,Female,Central,Indore,Clothing,Jeans,2,3889.03,0.21,11379.73,4053.26,49.43,Net Banking,3,False,Delivered,4
419,2020-07-05,41041,Pooja Chatterjee,22,Male,West,Surat,Books,Textbook,2,1319.78,0.11,2893.27,758.61,53.87,Cash On Delivery,5,False,Delivered,5
1329,2021-08-20,48811,Ananya Kapoor,27,Male,North,Amritsar,Groceries,Flour,1,108.73,0.39,87.71,7.58,51.82,Cash On Delivery,4,False,Shipped,7
1219,2021-07-04,74829,Sunita Bose,32,Male,Central,Indore,Clothing,Dress,9,3582.63,0.15,40561.11,14700.02,55.73,Credit Card,4,False,Delivered,6
3413,2024-01-18,1012,Rahul Sharma,29,Male,North,Delhi,Furniture,Chair,4,30995.42,0.28,93700.04,18542.88,39.88,Net Banking,5,False,Delivered,7
3002,2023-07-24,83812,Karan Chatterjee,40,Other,Central,Indore,Beauty,Hair Oil,3,2358.28,0.21,8273.92,4056.62,66.18,Credit Card,4,False,Delivered,10
3159,2023-09-30,24304,Kavya Joshi,50,Male,North,Ludhiana,Clothing,Jacket,9,1332.1,0.24,12579.87,3205.48,79.0,Credit Card,2,False,Delivered,3
3450,2024-02-05,80072,Ritu Kapoor,37,Other,West,Pune,Clothing,Jacket,9,1826.63,0.07,16207.04,6487.83,57.55,Emi,5,False,Delivered,9
2992,2023-07-20,9576,Aditya Gupta,49,Male,West,Surat,Sports,Yoga Mat,10,14494.42,0.17,166583.26,37373.97,63.48,Upi,2,False,Delivered,9
1737,2022-02-10,67585,Vikram Verma,15,Female,Central,Indore,Books,Self-Help Book,9,1403.46,0.3,9214.56,4061.53,49.87,Debit Card,3,True,Returned,6
1298,2021-08-09,5275,Deepa Bose,36,Male,South,Bangalore,Furniture,Chair,1,13928.4,0.02,16374.89,4982.19,84.29,Debit Card,1,True,Returned,2
747,2020-12-06,87215,Vikram Reddy,39,Other,South,Chennai,Furniture,Bookshelf,7,16844.34,0.21,63758.45,17615.41,77.12,Emi,4,False,Delivered,7
1120,2021-05-19,83419,Priya Das,44,Male,North,Ludhiana,Electronics,Laptop,7,76173.79,0.04,700761.7,99827.84,53.23,Debit Card,3,False,Shipped,4
2912,2023-06-11,85957,Arjun Rao,46,Other,West,Mumbai,Electronics,Tablet,8,74304.54,0.08,736732.69,73848.3,54.14,Emi,2,False,Delivered,9
1957,2022-05-15,64737,Rahul Kapoor,57,Other,North,Amritsar,Electronics,Headphones,5,40573.07,0.31,232526.04,20245.06,51.87,Upi,5,False,Delivered,5
1288,2021-08-03,52141,Ritu Kumar,29,Female,South,Chennai,Electronics,Smartwatch,9,65957.44,0.32,526880.46,88344.08,59.57,Cash On Delivery,5,False,Delivered,6
2581,2023-01-27,31891,Nikhil Kumar,55,Female,West,Mumbai,Books,Comic Book,10,262.24,0.25,1767.24,706.13,81.67,Emi,3,False,Delivered,5
773,2020-12-15,43341,Vikram Singh,46,Other,West,Ahmedabad,Books,Cook Book,6,444.05,0.38,1040.65,392.88,100.75,Emi,4,False,Delivered,10
682,2020-11-06,98255,Shreya Gupta,54,Female,West,Pune,Books,Comic Book,9,1493.02,0.15,6644.53,3127.78,40.52,Debit Card,3,False,Delivered,4
92,2020-02-05,33858,Sunita Bose,37,Male,West,Surat,Sports,Yoga Mat,10,8101.49,0.21,51880.09,7573.04,83.71,Net Banking,2,True,Returned,7
2172,2022-08-10,49313,Rohan Verma,38,Other,South,Kochi,Sports,Cricket Bat,4,2688.74,0.36,7914.11,1551.65,54.97,Upi,2,False,Cancelled,1
897,2021-02-07,66586,Ritu Mehta,39,Male,North,Amritsar,Furniture,Bookshelf,7,15174.89,0.06,79635.1,24165.11,39.53,Emi,2,False,Delivered,1
3312,2023-12-03,71934,Arjun Gupta,28,Male,West,Ahmedabad,Electronics,Tablet,4,61847.14,0.28,158246.41,21536.45,70.33,Debit Card,4,True,Returned,5
874,2021-02-01,90693,Ritu Bose,28,Male,West,Surat,Clothing,Kurta,7,705.54,0.02,4150.51,1347.79,69.43,Cash On Delivery,3,False,Delivered,6
1844,2022-03-26,38409,Kavya Verma,46,Other,West,Surat,Clothing,Saree,6,2129.97,0.33,10588.9,4603.57,41.82,Net Banking,2,False,Delivered,1
4034,2024-10-16,75503,Vikram Bose,44,Other,East,Kolkata,Groceries,Rice (5Kg),9,101.5,0.18,814.46,55.74,85.93,Credit Card,3,False,Shipped,9
1608,2021-12-19,49887,Sunita Bose,41,Other,West,Pune,Books,Self-Help Book,1,1086.72,0.16,733.62,191.01,81.14,Cash On Delivery,2,False,Delivered,7
1258,2021-07-22,67262,Rahul Mishra,48,Other,East,Guwahati,Books,Self-Help Book,9,267.73,0.18,2753.41,797.79,100.33,Debit Card,5,False,Pending,6
585,2020-09-18,92797,Kavya Pillai,33,Other,South,Bangalore,Electronics,Camera,6,51958.82,0.09,296590.44,46515.89,67.94,Upi,5,False,Pending,3
4091,2024-11-09,86939,Deepa Bose,6,Male,East,Kolkata,Electronics,Headphones,4,35242.41,0.19,119306.63,11262.26,105.94,Cash On Delivery,2,False,Delivered,9
3075,2023-08-20,66159,Shreya Shah,17,Female,East,Kolkata,Furniture,Bookshelf,8,11661.87,0.24,95197.56,28202.79,88.67,Net Banking,5,False,Delivered,3
2293,2022-09-21,83140,Kavya Iyer,19,Male,Central,Raipur,Furniture,Wardrobe,9,11670.17,0.29,98477.31,25127.73,70.57,Credit Card,2,False,Pending,5
3389,2024-01-05,12949,Ananya Bhat,34,Other,Central,Nagpur,Clothing,Jeans,3,2014.35,0.34,3745.45,1521.68,55.01,Upi,2,False,Delivered,2
1409,2021-09-26,49105,Aarav Nair,9,Male,West,Ahmedabad,Sports,Cricket Bat,7,12363.5,0.06,79795.54,13170.87,61.11,Emi,1,False,Shipped,6
4106,2024-11-18,44096,Karan Mehta,24,Male,West,Ahmedabad,Clothing,Saree,6,3683.81,0.14,18294.23,6945.87,62.15,Credit Card,3,False,Delivered,7
2488,2022-12-16,92446,Arjun Pillai,38,Female,Central,Nagpur,Clothing,Saree,7,3070.57,0.11,15759.57,5224.39,34.38,Credit Card,1,False,Delivered,2
2468,2022-12-06,62783,Priya Mishra,35,Male,South,Bangalore,Clothing,T-Shirt,10,1323.89,0.17,7846.07,2864.34,73.19,Credit Card,3,False,Delivered,6
3558,2024-03-26,69842,Ritu Bose,28,Female,West,Mumbai,Electronics,Smartphone,5,17236.67,0.25,16579.98,1792.51,70.71,Net Banking,3,False,Delivered,2
3872,2024-08-06,5197,Deepa Rao,31,Other,East,Kolkata,Electronics,Smartwatch,1,32097.99,0.19,38771.85,5312.93,86.5,Net Banking,5,False,Delivered,10
4053,2024-10-24,88893,Sunita Reddy,16,Male,Central,Indore,Groceries,Rice (5Kg),5,127.17,0.13,579.76,51.77,79.36,Debit Card,5,False,Cancelled,8
1927,2022-05-02,95099,Nisha Verma,23,Other,West,Pune,Clothing,Kurta,9,2847.87,0.1,33393.53,12191.27,82.56,Debit Card,2,False,Cancelled,1
3251,2023-11-05,86211,Arjun Kumar,26,Male,West,Pune,Clothing,Dress,5,3838.12,0.33,12041.48,4808.14,32.22,Upi,3,False,Delivered,1
1913,2022-04-25,36526,Ananya Kapoor,2,Other,Central,Nagpur,Sports,Tennis Racket,9,1049.52,0.1,10418.77,2621.33,73.93,Emi,2,False,Delivered,5
430,2020-07-08,4699,Nikhil Pillai,23,Male,South,Chennai,Electronics,Laptop,9,57811.07,0.11,535096.15,69255.11,81.93,Credit Card,1,False,Delivered,6
3805,2024-07-12,88017,Aditya Shah,28,Female,East,Guwahati,Clothing,T-Shirt,9,2080.99,0.16,29349.38,8715.61,71.25,Net Banking,4,False,Delivered,10
3311,2023-12-02,69847,Nikhil Rao,53,Female,East,Guwahati,Furniture,Bookshelf,7,17240.23,0.18,93169.87,29154.44,70.02,Upi,2,False,Delivered,10
4002,2024-09-23,44623,Sunita Shah,31,Female,South,Kochi,Books,Fiction Novel,5,893.6,0.03,5604.17,1918.52,70.92,Debit Card,1,False,Delivered,2
1009,2021-04-01,88411,Vikram Nair,24,Female,East,Bhubaneswar,Groceries,Dal (1Kg),5,417.1,0.07,2357.5,234.32,91.09,Cash On Delivery,5,False,Delivered,6
1669,2022-01-15,66582,Deepa Singh,34,Female,South,Hyderabad,Electronics,Tablet,9,32073.99,0.13,216523.83,25075.11,53.93,Debit Card,1,False,Delivered,1
3539,2024-03-17,80870,Vikram Bhat,39,Male,East,Kolkata,Furniture,Desk,1,13132.98,0.37,10874.57,2437.06,64.72,Cash On Delivery,3,False,Delivered,9
3910,2024-08-16,13303,Arjun Bhat,17,Other,South,Bangalore,Beauty,Lipstick,2,339.31,0.14,903.41,266.52,77.85,Credit Card,3,False,Delivered,2
2860,2023-05-29,89287,Amit Verma,43,Other,South,Hyderabad,Groceries,Tea,4,176.79,0.34,759.97,71.67,64.69,Upi,2,False,Delivered,4
441,2020-07-12,63862,Sunita Kapoor,26,Other,East,Patna,Sports,Cricket Bat,2,1653.6,0.04,4503.3,970.42,65.98,Upi,2,False,Cancelled,9
1942,2022-05-08,68557,Sunita Patel,43,Male,North,Amritsar,Books,Cook Book,6,1175.95,0.21,6295.77,2412.95,48.24,Upi,1,False,Delivered,8
3242,2023-11-01,97241,Vikram Iyer,23,Female,North,Ludhiana,Electronics,Camera,2,5533.58,0.28,7936.89,1116.53,64.26,Upi,3,False,Delivered,5
3830,2024-07-23,1634,Sunita Kumar,34,Male,West,Mumbai,Books,Textbook,4,1110.24,0.37,4630.24,2178.27,50.74,Debit Card,3,False,Shipped,4
3782,2024-07-03,4568,Rohan Joshi,43,Other,West,Surat,Beauty,Shampoo,4,1596.7,0.35,6225.11,2976.56,47.58,Cash On Delivery,2,False,Delivered,8
3175,2023-10-05,40113,Arjun Das,39,Other,South,Hyderabad,Electronics,Camera,5,11373.83,0.07,67236.76,8643.41,51.2,Upi,2,False,Pending,7
202,2020-03-30,45698,Aarav Singh,35,Other,East,Guwahati,Electronics,Camera,1,61584.97,0.16,53607.17,4451.98,62.25,Net Banking,3,True,Returned,6
112,2020-02-11,64249,Kavya Kumar,31,Female,South,Hyderabad,Books,Comic Book,4,514.81,0.29,1258.03,506.71,90.95,Net Banking,3,True,Returned,8
2325,2022-10-06,90684,Nisha Kumar,33,Other,East,Guwahati,Furniture,Wardrobe,5,3653.99,0.28,2715.55,857.67,97.14,Cash On Delivery,4,False,Delivered,8
3914,2024-08-19,37605,Priya Gupta,41,Female,East,Bhubaneswar,Books,Self-Help Book,9,252.57,0.22,3014.3,1540.74,68.92,Net Banking,5,False,Delivered,4
2035,2022-06-16,24912,Vikram Chatterjee,20,Female,South,Kochi,Groceries,Flour,3,328.35,0.36,955.25,66.63,38.42,Credit Card,1,True,Returned,3
3656,2024-05-07,68462,Arjun Verma,22,Male,North,Ludhiana,Groceries,Sugar,7,113.61,0.03,1502.19,129.15,65.96,Debit Card,5,False,Delivered,4
1623,2021-12-26,5179,Priya Mehta,31,Female,North,Amritsar,Sports,Yoga Mat,3,11948.26,0.37,16327.78,3332.82,46.24,Emi,1,True,Returned,9
1251,2021-07-17,66419,Meera Shah,54,Female,North,Chandigarh,Books,Fiction Novel,3,454.35,0.08,1480.71,662.33,36.88,Net Banking,5,False,Delivered,1
1522,2021-11-16,98765,Priya Verma,25,Male,South,Chennai,Beauty,Shampoo,9,1726.96,0.23,8215.07,3795.6,92.14,Emi,3,False,Delivered,5
89,2020-02-04,25767,Nisha Sharma,28,Female,Central,Nagpur,Books,Self-Help Book,8,466.79,0.13,2614.74,1118.74,75.51,Net Banking,1,True,Returned,10
531,2020-08-22,56061,Aarav Iyer,33,Female,Central,Raipur,Furniture,Bookshelf,1,11106.33,0.21,9670.53,3146.8,21.75,Emi,3,False,Delivered,4
1371,2021-09-10,72149,Aarav Patel,47,Other,South,Chennai,Beauty,Perfume,6,1969.17,0.13,11841.76,3753.53,62.19,Net Banking,4,False,Delivered,7
1934,2022-05-04,13888,Nikhil Verma,14,Female,East,Bhubaneswar,Clothing,Dress,1,487.63,0.12,645.7,264.52,80.56,Net Banking,3,False,Shipped,6
3061,2023-08-17,33333,Meera Nair,43,Other,West,Surat,Sports,Tennis Racket,1,8555.4,0.13,9667.42,2139.78,51.56,Net Banking,4,False,Delivered,5
1179,2021-06-13,89762,Rahul Verma,12,Other,Central,Indore,Electronics,Tablet,2,69650.18,0.37,121912.78,16231.29,72.14,Upi,4,False,Shipped,1
3799,2024-07-10,47925,Shreya Bose,32,Other,South,Chennai,Electronics,Laptop,6,33794.81,0.2,278998.42,47680.83,53.59,Credit Card,5,False,Delivered,6
794,2020-12-28,66490,Arjun Singh,41,Other,South,Hyderabad,Sports,Cricket Bat,3,7407.34,0.1,11320.18,2114.9,49.05,Debit Card,5,False,Delivered,7
1291,2021-08-05,96686,Priya Patel,32,Other,North,Ludhiana,Beauty,Face Cream,8,460.54,0.18,4504.96,2168.77,52.4,Credit Card,2,False,Delivered,2
2252,2022-09-08,72140,Ritu Nair,60,Male,East,Guwahati,Groceries,Rice (5Kg),6,415.02,0.39,1807.15,138.97,100.53,Credit Card,1,False,Cancelled,3
42,2020-01-17,56144,Shreya Singh,29,Male,East,Patna,Beauty,Shampoo,4,487.69,0.27,999.41,440.68,86.54,Credit Card,3,False,Delivered,6
2881,2023-06-03,20568,Sunita Pillai,30,Female,West,Pune,Clothing,Jeans,9,378.42,0.0,4977.33,1570.94,43.44,Cash On Delivery,4,False,Delivered,8
1232,2021-07-10,30852,Pooja Mishra,50,Male,North,Chandigarh,Electronics,Camera,10,73418.09,0.12,852478.05,100234.13,47.78,Upi,3,False,Delivered,1
2822,2023-05-11,92489,Vikram Kumar,29,Female,North,Ludhiana,Sports,Cricket Bat,4,3625.13,0.28,14299.68,4907.54,52.29,Credit Card,1,False,Delivered,8
3751,2024-06-21,80011,Rahul Chatterjee,35,Male,Central,Raipur,Electronics,Smartphone,8,67283.39,0.11,832824.46,136279.91,61.27,Credit Card,4,False,Delivered,4
1046,2021-04-19,53,Priya Iyer,26,Male,South,Bangalore,Books,Fiction Novel,7,845.12,0.31,4942.58,2834.57,62.59,Emi,4,False,Shipped,6
1873,2022-04-06,87809,Kavya Das,32,Male,North,Chandigarh,Sports,Cricket Bat,3,12278.87,0.07,50117.69,7600.27,55.32,Debit Card,5,False,Delivered,2
1680,2022-01-19,80666,Priya Shah,21,Female,East,Bhubaneswar,Furniture,Wardrobe,6,21414.6,0.08,101055.44,14653.33,77.51,Cash On Delivery,4,False,Delivered,8
2521,2022-12-31,93392,Deepa Bhat,26,Male,West,Mumbai,Groceries,Dal (1Kg),9,337.76,0.24,1704.17,132.99,68.46,Upi,3,True,Returned,5
2666,2023-02-27,26826,Meera Patel,37,Female,East,Bhubaneswar,Beauty,Hair Oil,3,1235.94,0.23,3443.74,1621.5,77.11,Emi,2,False,Delivered,2
2924,2023-06-19,46273,Sanjay Gupta,19,Male,North,Ludhiana,Electronics,Smartphone,2,20357.2,0.01,56864.2,6315.84,37.02,Credit Card,4,False,Cancelled,5
1692,2022-01-24,69225,Sanjay Bhat,18,Female,West,Pune,Beauty,Face Cream,7,2018.15,0.11,10594.06,5708.86,69.44,Net Banking,2,False,Pending,1
1325,2021-08-17,5247,Sunita Singh,27,Other,East,Guwahati,Furniture,Wardrobe,7,7638.75,0.3,41709.71,10853.15,79.0,Credit Card,5,False,Cancelled,8
1455,2021-10-21,2169,Amit Mehta,25,Male,West,Surat,Books,Fiction Novel,1,1487.02,0.37,808.84,327.36,67.16,Emi,3,False,Delivered,8
2237,2022-09-02,79034,Deepa Gupta,28,Female,East,Kolkata,Furniture,Chair,10,20258.77,0.26,164321.16,44354.41,81.28,Upi,3,False,Delivered,6
1030,2021-04-11,27078,Kavya Singh,23,Female,South,Chennai,Furniture,Chair,7,15442.1,0.15,116887.25,49080.86,60.99,Upi,2,True,Returned,1
4196,2024-12-28,70995,Rahul Gupta,40,Male,North,Ludhiana,Electronics,Headphones,5,8516.83,0.34,25126.0,3420.94,56.78,Upi,4,False,Delivered,4
2574,2023-01-26,72214,Nisha Nair,41,Female,East,Kolkata,Groceries,Rice (5Kg),5,462.27,0.29,302.37,27.61,74.43,Emi,4,False,Delivered,6
3121,2023-09-09,63009,Aarav Kapoor,26,Female,East,Guwahati,Clothing,Jeans,3,2461.49,0.17,6972.95,2178.64,112.99,Upi,1,False,Delivered,3
581,2020-09-17,52841,Priya Rao,35,Female,Central,Bhopal,Clothing,Jeans,8,3110.11,0.05,22849.8,7429.85,59.8,Emi,5,False,Delivered,1
2207,2022-08-20,52808,Nisha Kapoor,32,Female,East,Bhubaneswar,Books,Comic Book,8,748.13,0.13,6986.54,2050.35,76.68,Debit Card,2,False,Delivered,3
3594,2024-04-11,78597,Sanjay Kumar,13,Other,South,Kochi,Electronics,Headphones,6,70873.0,0.37,359836.7,42189.66,83.88,Upi,3,False,Delivered,4
120,2020-02-16,90788,Karan Singh,47,Other,North,Ludhiana,Sports,Cricket Bat,4,2203.36,0.17,7194.38,1176.36,73.93,Credit Card,1,False,Cancelled,1
1633,2021-12-29,5863,Meera Das,16,Male,South,Hyderabad,Sports,Football,2,13090.85,0.33,11935.37,2166.22,87.29,Upi,2,False,Delivered,5
1647,2022-01-04,89140,Aditya Pillai,20,Male,West,Surat,Sports,Dumbbells,5,2889.82,0.01,12487.02,2820.46,70.26,Credit Card,5,False,Delivered,9
2033,2022-06-15,51814,Ritu Kumar,38,Other,East,Guwahati,Sports,Tennis Racket,9,12169.11,0.1,140742.77,29276.65,63.19,Net Banking,5,False,Pending,8
2302,2022-09-25,57376,Aarav Singh,30,Male,Central,Nagpur,Clothing,Dress,2,1047.08,0.14,2238.06,854.12,49.15,Net Banking,5,False,Delivered,6
4136,2024-12-03,52875,Shreya Mishra,24,Female,Central,Bhopal,Books,Self-Help Book,2,585.2,0.28,801.85,375.39,29.42,Debit Card,1,False,Cancelled,2
1685,2022-01-21,87567,Rahul Shah,41,Other,South,Kochi,Beauty,Hair Oil,5,1126.89,0.3,3560.92,953.02,77.15,Emi,4,False,Delivered,3
808,2021-01-05,38701,Meera Sharma,45,Female,East,Kolkata,Sports,Tennis Racket,4,5092.41,0.23,13542.42,3463.99,74.84,Debit Card,4,False,Shipped,9
2227,2022-08-29,3537,Priya Singh,27,Other,East,Bhubaneswar,Sports,Cricket Bat,1,5779.22,0.31,5109.23,997.26,61.33,Debit Card,4,True,Returned,5
2880,2023-06-03,70204,Shreya Singh,55,Other,Central,Raipur,Clothing,Jeans,1,2361.96,0.23,2691.37,1189.62,62.61,Cash On Delivery,4,False,Delivered,8
1460,2021-10-22,92264,Nikhil Chatterjee,38,Female,Central,Bhopal,Books,Self-Help Book,4,875.51,0.3,2078.56,482.57,74.29,Credit Card,3,False,Delivered,3
68,2020-01-25,52906,Rohan Bose,22,Other,North,Ludhiana,Clothing,Kurta,9,3803.5,0.19,20906.55,4385.49,29.15,Upi,5,False,Delivered,10
3265,2023-11-10,91791,Ananya Kapoor,51,Other,North,Chandigarh,Books,Textbook,5,731.88,0.21,3284.38,1291.32,48.81,Net Banking,1,True,Returned,10
1981,2022-05-25,59895,Sanjay Rao,34,Male,East,Bhubaneswar,Electronics,Smartwatch,10,74467.03,0.06,941142.08,81264.87,92.07,Emi,4,False,Delivered,10
1376,2021-09-14,33017,Aarav Pillai,56,Female,East,Bhubaneswar,Clothing,Saree,1,2237.32,0.36,1298.32,627.59,70.34,Net Banking,4,False,Cancelled,6
1105,2021-05-14,80204,Vikram Patel,19,Female,East,Patna,Furniture,Desk,4,25489.41,0.13,131437.57,32943.27,73.78,Upi,3,True,Returned,3
113,2020-02-11,93734,Meera Das,49,Other,North,Chandigarh,Groceries,Dal (1Kg),7,315.99,0.13,1630.03,123.62,76.22,Credit Card,1,False,Delivered,4
3368,2023-12-29,21747,Kavya Shah,19,Female,South,Kochi,Books,Cook Book,8,221.14,0.38,1030.55,527.82,92.0,Net Banking,4,False,Delivered,8
1783,2022-03-02,27111,Rohan Gupta,37,Female,West,Ahmedabad,Groceries,Flour,5,86.9,0.34,357.63,31.6,52.67,Net Banking,4,False,Delivered,2
2280,2022-09-16,85697,Nisha Kumar,38,Male,South,Hyderabad,Furniture,Chair,5,22143.81,0.12,118422.68,31149.72,53.5,Emi,2,True,Returned,8
3216,2023-10-22,32134,Kavya Chatterjee,33,Male,West,Pune,Beauty,Lipstick,5,313.72,0.26,1195.99,468.82,41.27,Net Banking,1,True,Returned,8
1898,2022-04-17,93402,Sanjay Joshi,37,Female,East,Bhubaneswar,Groceries,Rice (5Kg),10,64.44,0.04,923.93,67.39,69.3,Upi,3,True,Returned,2
988,2021-03-25,3932,Arjun Sharma,55,Other,South,Bangalore,Groceries,Sugar,3,211.44,0.27,561.92,17.1,58.35,Upi,1,True,Returned,8
3593,2024-04-11,55992,Aarav Mehta,26,Other,Central,Raipur,Groceries,Cooking Oil,2,426.88,0.22,1081.17,85.91,71.23,Cash On Delivery,3,False,Delivered,8
4132,2024-12-02,70066,Ritu Rao,34,Male,North,Amritsar,Groceries,Dal (1Kg),5,64.93,0.31,43.37,2.91,55.14,Credit Card,4,False,Shipped,3
2551,2023-01-12,18241,Nisha Kapoor,54,Female,Central,Bhopal,Sports,Yoga Mat,8,7866.66,0.28,36459.41,9536.21,48.3,Net Banking,4,False,Cancelled,2
1050,2021-04-20,80824,Arjun Mehta,32,Female,West,Mumbai,Groceries,Tea,8,376.57,0.18,3472.2,314.21,52.43,Upi,3,False,Delivered,6
3839,2024-07-26,67708,Aarav Pillai,29,Male,South,Hyderabad,Beauty,Sunscreen,9,2362.56,0.24,27141.72,10738.54,78.73,Net Banking,4,False,Delivered,2
3826,2024-07-22,11947,Priya Chatterjee,34,Male,North,Chandigarh,Furniture,Wardrobe,8,26461.22,0.33,222317.82,66500.31,67.8,Debit Card,3,False,Delivered,7
4131,2024-12-01,27632,Pooja Kumar,24,Female,North,Ludhiana,Clothing,Kurta,1,3420.38,0.01,3473.11,1562.14,63.61,Debit Card,3,False,Delivered,4
2794,2023-04-24,50448,Sanjay Joshi,40,Other,North,Chandigarh,Books,Cook Book,5,375.59,0.07,2462.15,759.54,86.48,Debit Card,4,False,Delivered,6
1822,2022-03-16,25475,Kavya Pillai,54,Female,East,Bhubaneswar,Clothing,Jacket,8,3480.42,0.26,26432.66,9634.62,82.01,Emi,2,True,Returned,10
2486,2022-12-15,8668,Ritu Reddy,27,Female,South,Bangalore,Electronics,Headphones,10,27390.35,0.14,206094.85,28830.39,84.68,Upi,3,True,Returned,10
3654,2024-05-06,96,Ritu Bose,41,Male,Central,Raipur,Groceries,Flour,1,429.16,0.06,614.69,40.82,38.15,Cash On Delivery,2,False,Delivered,7
2789,2023-04-21,60012,Shreya Gupta,20,Male,Central,Bhopal,Books,Textbook,7,714.91,0.34,5029.55,1690.54,56.73,Credit Card,3,False,Delivered,8
2310,2022-10-01,33052,Sunita Bhat,32,Other,North,Amritsar,Beauty,Hair Oil,8,963.22,0.23,5534.19,2484.8,60.98,Emi,3,False,Delivered,3
3019,2023-07-31,46142,Nisha Mehta,30,Other,West,Pune,Clothing,Kurta,2,1744.92,0.39,3236.74,1198.84,44.94,Credit Card,3,True,Returned,7
2018,2022-06-09,30360,Deepa Patel,26,Female,East,Kolkata,Furniture,Chair,7,27994.03,0.19,268698.01,53596.61,69.11,Cash On Delivery,3,False,Cancelled,2
4165,2024-12-15,82149,Nisha Verma,38,Male,East,Bhubaneswar,Electronics,Smartwatch,4,62134.64,0.31,151708.44,17375.7,66.2,Net Banking,3,False,Delivered,1
2728,2023-03-29,26931,Shreya Shah,22,Other,West,Pune,Sports,Dumbbells,5,9438.65,0.19,50601.3,10853.36,59.57,Upi,2,False,Delivered,9
946,2021-03-03,66962,Arjun Shah,29,Male,South,Kochi,Books,Comic Book,3,265.72,0.26,642.25,162.11,60.04,Net Banking,1,False,Cancelled,10
3868,2024-08-05,5602,Pooja Chatterjee,38,Female,East,Bhubaneswar,Books,Comic Book,10,712.14,0.21,10991.18,3414.32,90.89,Debit Card,3,False,Shipped,6
1950,2022-05-11,82536,Sanjay Bose,17,Female,West,Mumbai,Groceries,Cooking Oil,8,186.85,0.28,1720.56,141.73,50.9,Debit Card,1,False,Cancelled,6
2702,2023-03-16,41199,Nikhil Chatterjee,34,Male,West,Ahmedabad,Books,Cook Book,6,942.74,0.28,4651.11,1628.44,67.17,Upi,3,False,Delivered,9
3056,2023-08-16,57382,Pooja Iyer,45,Female,Central,Raipur,Furniture,Bed Frame,7,21860.37,0.22,156258.37,37409.1,28.9,Credit Card,1,True,Returned,7
1906,2022-04-22,38374,Deepa Das,34,Other,West,Mumbai,Clothing,Saree,3,3141.61,0.25,8685.88,2933.74,44.85,Net Banking,3,False,Cancelled,8
1259,2021-07-23,98747,Rahul Pillai,43,Female,North,Chandigarh,Clothing,Saree,4,3539.46,0.36,13144.99,4582.45,80.65,Emi,3,True,Returned,10
1168,2021-06-07,35029,Arjun Verma,41,Male,South,Hyderabad,Electronics,Headphones,9,63927.14,0.29,604434.02,73248.66,68.24,Net Banking,2,False,Delivered,3
3894,2024-08-13,65883,Nisha Mishra,37,Male,Central,Bhopal,Beauty,Shampoo,2,1715.59,0.39,2886.91,1724.71,47.41,Cash On Delivery,2,False,Shipped,7
1171,2021-06-09,15457,Rahul Bhat,29,Female,East,Guwahati,Groceries,Dal (1Kg),2,359.79,0.37,638.01,52.57,85.35,Net Banking,3,False,Delivered,9
3735,2024-06-16,24467,Aditya Mishra,46,Male,North,Delhi,Beauty,Face Cream,3,2171.12,0.37,6476.71,2737.34,57.34,Net Banking,4,True,Returned,2
2716,2023-03-23,34371,Deepa Singh,20,Male,Central,Raipur,Groceries,Tea,7,258.92,0.28,1758.81,177.42,37.37,Upi,3,False,Delivered,6
4198,2024-12-29,54617,Kavya Joshi,36,Other,East,Patna,Furniture,Chair,6,21398.46,0.34,75488.55,18648.21,99.52,Emi,4,False,Delivered,1
3300,2023-11-27,46539,Shreya Verma,29,Other,South,Bangalore,Groceries,Sugar,9,56.27,0.15,407.16,20.82,82.79,Upi,5,False,Delivered,2
2819,2023-05-09,12681,Meera Joshi,49,Male,East,Bhubaneswar,Clothing,Saree,1,3976.86,0.21,4653.0,1981.56,86.05,Credit Card,2,False,Delivered,4
3025,2023-08-03,12807,Pooja Das,34,Male,Central,Indore,Sports,Tennis Racket,5,8699.81,0.36,43806.61,9308.41,42.55,Debit Card,1,False,Delivered,5
299,2020-05-10,26567,Pooja Pillai,55,Other,Central,Nagpur,Clothing,T-Shirt,8,2351.57,0.34,17421.06,5554.48,71.02,Emi,2,False,Cancelled,5
1123,2021-05-23,18686,Rahul Shah,36,Other,West,Ahmedabad,Furniture,Bookshelf,1,19884.83,0.21,23868.33,5629.58,50.84,Net Banking,2,False,Delivered,8
203,2020-03-30,7224,Aditya Bhat,46,Male,East,Kolkata,Sports,Cricket Bat,8,11732.0,0.21,88135.47,11413.28,83.77,Debit Card,4,False,Delivered,10
75,2020-01-28,92174,Amit Iyer,46,Male,West,Surat,Groceries,Cooking Oil,9,225.4,0.26,1125.86,112.52,48.11,Net Banking,1,True,Returned,2
2185,2022-08-14,95667,Deepa Reddy,34,Other,North,Chandigarh,Sports,Cycle,2,9154.56,0.24,20269.39,2758.48,67.71,Upi,1,False,Delivered,8
41,2020-01-16,87348,Karan Patel,57,Female,Central,Nagpur,Electronics,Smartphone,7,52597.3,0.26,203835.56,25641.97,41.61,Upi,2,False,Delivered,1
731,2020-11-30,84048,Kavya Kapoor,2,Female,Central,Nagpur,Electronics,Laptop,4,44342.23,0.38,73309.14,10270.54,56.21,Cash On Delivery,2,False,Delivered,10
599,2020-09-24,89927,Ritu Mehta,35,Other,West,Surat,Electronics,Laptop,7,32603.73,0.22,175205.59,16796.74,53.05,Net Banking,5,False,Delivered,5
110,2020-02-10,80843,Vikram Mishra,5,Other,Central,Raipur,Groceries,Flour,8,426.33,0.16,2378.41,182.8,70.06,Debit Card,2,False,Cancelled,8
1541,2021-11-21,10620,Ritu Gupta,7,Other,Central,Indore,Beauty,Shampoo,1,1633.39,0.4,921.87,332.3,59.95,Upi,4,False,Delivered,2
163,2020-03-09,31561,Meera Bhat,23,Female,West,Pune,Groceries,Rice (5Kg),6,160.66,0.35,572.84,60.63,42.02,Upi,3,False,Shipped,9
1875,2022-04-07,64095,Arjun Das,30,Female,East,Patna,Clothing,Saree,7,411.78,0.28,3259.85,1493.17,93.37,Credit Card,1,True,Returned,3
1719,2022-02-04,35511,Karan Bose,34,Male,East,Kolkata,Groceries,Dal (1Kg),6,141.78,0.16,766.42,53.3,63.43,Cash On Delivery,3,False,Delivered,6
1665,2022-01-13,72087,Pooja Mishra,41,Male,South,Chennai,Sports,Tennis Racket,7,14245.64,0.23,63223.16,13091.37,63.46,Upi,1,False,Delivered,3
3188,2023-10-11,87675,Sunita Joshi,30,Other,North,Delhi,Groceries,Flour,2,312.71,0.16,580.22,45.18,67.16,Debit Card,2,False,Delivered,6
3469,2024-02-14,84032,Aditya Bose,33,Female,South,Bangalore,Clothing,Jacket,5,3983.26,0.19,18870.57,7723.98,90.81,Debit Card,1,False,Delivered,2
1387,2021-09-19,58789,Nikhil Mehta,42,Other,West,Surat,Sports,Yoga Mat,7,2078.41,0.23,13731.31,4242.83,42.68,Credit Card,2,False,Delivered,1
1369,2021-09-09,31474,Rohan Das,42,Other,Central,Raipur,Groceries,Cooking Oil,7,496.14,0.3,2839.68,279.88,63.12,Cash On Delivery,1,True,Returned,5
2786,2023-04-20,59888,Amit Das,38,Male,North,Delhi,Electronics,Smartwatch,7,50711.3,0.14,442866.28,58822.76,44.77,Emi,3,False,Delivered,10
2359,2022-10-17,4245,Sanjay Iyer,34,Male,South,Chennai,Groceries,Tea,1,297.84,0.32,181.61,14.32,62.86,Credit Card,4,False,Delivered,6
1667,2022-01-13,51290,Shreya Kumar,60,Other,East,Patna,Groceries,Tea,5,77.06,0.11,253.58,18.83,83.91,Net Banking,4,False,Delivered,10
2562,2023-01-15,95323,Amit Reddy,62,Male,South,Chennai,Books,Textbook,4,1045.52,0.19,3378.55,1234.47,69.47,Cash On Delivery,4,False,Delivered,3
4018,2024-10-06,5715,Shreya Kumar,30,Other,North,Ludhiana,Furniture,Desk,3,20526.57,0.39,39110.3,5636.16,58.12,Emi,5,False,Delivered,5
1015,2021-04-04,48355,Nikhil Nair,40,Male,East,Guwahati,Clothing,Jeans,7,2196.3,0.21,15799.82,5078.38,61.62,Cash On Delivery,1,False,Delivered,10
770,2020-12-15,84428,Pooja Sharma,56,Female,North,Delhi,Furniture,Sofa,2,8330.94,0.36,7172.01,1030.66,34.58,Upi,5,False,Pending,6
3888,2024-08-10,2813,Deepa Joshi,46,Female,East,Patna,Groceries,Dal (1Kg),2,225.92,0.21,625.44,56.74,90.55,Net Banking,3,False,Delivered,6
4046,2024-10-22,70308,Ananya Sharma,12,Female,West,Ahmedabad,Groceries,Dal (1Kg),1,282.35,0.23,235.01,22.26,48.98,Debit Card,5,False,Delivered,7
2317,2022-10-04,47149,Amit Verma,41,Other,North,Delhi,Clothing,Kurta,7,3985.89,0.33,19751.99,7041.24,37.55,Upi,5,False,Shipped,2
4047,2024-10-23,94569,Nisha Singh,38,Male,West,Pune,Books,Biography,3,1455.69,0.31,3171.19,1460.04,68.99,Net Banking,1,False,Delivered,1
2877,2023-06-02,52099,Ritu Das,37,Female,West,Surat,Beauty,Face Cream,10,1285.07,0.28,15333.34,9585.03,77.58,Credit Card,2,False,Delivered,9
1323,2021-08-16,78691,Rohan Kapoor,28,Female,East,Bhubaneswar,Clothing,Kurta,9,541.46,0.14,4738.37,1400.95,53.44,Upi,1,False,Delivered,4
2645,2023-02-17,11538,Sunita Nair,46,Other,West,Pune,Clothing,Jacket,6,2371.79,0.11,13350.85,4678.25,45.39,Cash On Delivery,4,False,Delivered,6
3853,2024-07-31,55701,Shreya Das,59,Other,North,Delhi,Clothing,Kurta,8,3536.11,0.38,33772.34,8415.78,42.65,Upi,1,False,Delivered,1
3024,2023-08-03,8460,Sanjay Das,40,Female,South,Chennai,Groceries,Dal (1Kg),2,188.62,0.32,395.46,23.93,82.57,Cash On Delivery,5,False,Delivered,9
1609,2021-12-20,9235,Rahul Bose,37,Other,West,Ahmedabad,Beauty,Shampoo,2,984.2,0.17,1250.93,608.62,62.93,Credit Card,2,False,Delivered,9
870,2021-01-31,22353,Amit Rao,56,Female,North,Delhi,Electronics,Headphones,8,16693.21,0.26,81693.15,9097.41,65.45,Cash On Delivery,3,True,Returned,10
4089,2024-11-09,65407,Kavya Joshi,49,Female,South,Bangalore,Books,Comic Book,5,733.86,0.28,2368.12,846.43,68.42,Upi,5,False,Delivered,1
3631,2024-04-28,36710,Nisha Patel,31,Male,South,Kochi,Beauty,Hair Oil,6,1419.67,0.01,11838.84,7704.41,81.85,Credit Card,5,False,Delivered,10
1594,2021-12-13,74210,Ananya Iyer,49,Female,East,Bhubaneswar,Clothing,Saree,1,3144.7,0.35,1412.65,506.25,89.01,Cash On Delivery,3,False,Shipped,5
2450,2022-11-28,85866,Nikhil Pillai,36,Female,Central,Bhopal,Sports,Football,8,7873.54,0.23,37930.36,9903.07,42.71,Upi,2,False,Delivered,5
1729,2022-02-08,21576,Rohan Joshi,20,Other,Central,Bhopal,Furniture,Desk,9,22414.18,0.26,154810.39,52685.24,39.71,Upi,4,False,Delivered,5
334,2020-05-25,45698,Kavya Mehta,37,Male,West,Pune,Books,Comic Book,4,822.35,0.05,3604.16,1181.07,54.01,Net Banking,4,True,Returned,9
2841,2023-05-23,62482,Vikram Joshi,26,Male,East,Bhubaneswar,Beauty,Face Cream,8,317.17,0.06,3774.97,2233.34,81.48,Upi,3,False,Pending,5
613,2020-10-01,52615,Meera Chatterjee,39,Other,Central,Nagpur,Books,Self-Help Book,8,479.33,0.17,2895.46,1623.81,57.89,Net Banking,4,False,Delivered,8
1225,2021-07-07,92217,Kavya Patel,16,Female,Central,Indore,Books,Biography,1,226.79,0.2,243.47,114.12,71.04,Debit Card,4,False,Delivered,3
728,2020-11-29,89689,Priya Bose,19,Male,Central,Raipur,Clothing,Jeans,10,1410.27,0.1,8950.43,2283.3,52.24,Cash On Delivery,5,False,Cancelled,5
1326,2021-08-18,15556,Amit Sharma,43,Other,South,Chennai,Sports,Cycle,2,10207.68,0.39,15448.23,3254.54,51.21,Net Banking,1,False,Pending,4
3070,2023-08-19,29394,Rohan Verma,35,Other,East,Kolkata,Electronics,Laptop,8,20964.05,0.29,174884.92,24207.47,77.54,Upi,2,False,Delivered,5
143,2020-02-27,29473,Amit Reddy,25,Other,East,Kolkata,Beauty,Shampoo,1,859.0,0.21,788.32,385.42,82.74,Upi,3,False,Delivered,4
1765,2022-02-20,28045,Rahul Gupta,35,Female,North,Delhi,Books,Fiction Novel,3,477.72,0.39,901.37,311.79,41.76,Emi,1,True,Returned,2
4014,2024-09-30,71983,Vikram Chatterjee,21,Male,North,Ludhiana,Sports,Football,7,1420.89,0.01,14785.98,3969.68,38.84,Debit Card,2,False,Delivered,7
4079,2024-11-03,85445,Vikram Verma,40,Male,South,Hyderabad,Furniture,Desk,4,25047.24,0.06,86856.88,33882.26,83.32,Emi,5,False,Delivered,4
1322,2021-08-16,89590,Sanjay Rao,42,Other,Central,Nagpur,Electronics,Headphones,5,25084.96,0.05,172376.29,18968.1,74.02,Emi,1,False,Delivered,8
964,2021-03-16,62220,Deepa Reddy,38,Female,North,Ludhiana,Clothing,Jacket,5,888.01,0.25,3544.92,906.65,30.07,Credit Card,1,False,Pending,4
1452,2021-10-19,49495,Priya Reddy,20,Male,West,Surat,Beauty,Shampoo,3,805.93,0.05,2114.44,1247.55,55.34,Upi,3,False,Delivered,5
3037,2023-08-05,23747,Nikhil Kapoor,25,Female,West,Ahmedabad,Beauty,Sunscreen,1,1196.94,0.09,1644.73,754.93,47.47,Cash On Delivery,3,False,Delivered,1
1324,2021-08-16,72753,Nisha Kumar,11,Other,Central,Raipur,Books,Comic Book,7,1004.42,0.04,8377.27,5250.13,59.41,Credit Card,3,False,Delivered,1
233,2020-04-11,32440,Ritu Nair,39,Female,East,Kolkata,Electronics,Smartwatch,5,71617.52,0.36,255897.86,28898.92,75.49,Emi,4,True,Returned,2
1302,2021-08-10,86947,Meera Rao,32,Male,North,Amritsar,Furniture,Bed Frame,1,9518.88,0.28,8848.99,3106.65,60.55,Upi,5,False,Shipped,6
1767,2022-02-21,86434,Kavya Joshi,37,Other,Central,Nagpur,Sports,Tennis Racket,6,4023.89,0.1,22623.39,2450.18,43.87,Credit Card,4,False,Cancelled,2
2761,2023-04-10,40656,Shreya Patel,21,Other,West,Mumbai,Sports,Tennis Racket,10,12942.94,0.17,168816.96,44825.88,57.55,Cash On Delivery,3,False,Shipped,6
3277,2023-11-16,162,Sunita Kapoor,44,Male,East,Patna,Sports,Cricket Bat,9,6566.64,0.11,50681.89,12859.41,88.55,Debit Card,3,False,Delivered,2
77,2020-01-29,29476,Pooja Mishra,32,Female,Central,Raipur,Groceries,Cooking Oil,3,111.25,0.34,169.55,14.81,67.44,Net Banking,4,True,Returned,2
3707,2024-06-01,19426,Ananya Bhat,19,Male,North,Chandigarh,Clothing,T-Shirt,4,2911.82,0.11,17929.64,6962.57,69.31,Net Banking,4,True,Returned,7
234,2020-04-12,16850,Meera Rao,33,Female,East,Bhubaneswar,Beauty,Face Cream,9,2037.1,0.35,12133.55,4748.44,81.71,Net Banking,5,False,Delivered,10
1429,2021-10-07,79705,Priya Mehta,37,Other,Central,Raipur,Books,Textbook,10,786.45,0.07,6041.95,2564.65,36.01,Upi,3,False,Delivered,1
1782,2022-03-02,399,Sunita Patel,26,Female,Central,Bhopal,Furniture,Sofa,4,9797.48,0.19,35253.8,6234.5,54.57,Credit Card,4,False,Delivered,10
257,2020-04-23,54277,Amit Rao,53,Other,West,Mumbai,Groceries,Cooking Oil,10,396.88,0.2,3258.96,349.2,85.52,Emi,4,False,Delivered,8
2393,2022-11-01,36476,Priya Iyer,32,Other,West,Pune,Groceries,Sugar,3,391.44,0.02,842.74,75.65,67.46,Emi,5,False,Delivered,2
3551,2024-03-22,900,Nikhil Patel,43,Male,Central,Raipur,Books,Self-Help Book,3,520.52,0.27,1527.32,542.48,45.42,Upi,1,False,Delivered,5
834,2021-01-16,47770,Nikhil Gupta,34,Other,South,Kochi,Clothing,Dress,8,2520.61,0.21,16226.61,4402.15,66.22,Credit Card,2,True,Returned,5
2243,2022-09-06,19197,Pooja Mehta,25,Male,North,Amritsar,Books,Self-Help Book,1,834.25,0.18,828.78,257.11,40.7,Emi,1,False,Cancelled,2
4175,2024-12-20,38221,Pooja Kapoor,48,Other,North,Ludhiana,Beauty,Lipstick,5,1283.61,0.36,3770.64,2025.41,50.14,Credit Card,4,False,Delivered,8
1079,2021-05-03,14896,Vikram Patel,27,Female,West,Mumbai,Clothing,Saree,4,2657.71,0.06,13392.95,6034.89,21.27,Net Banking,5,False,Delivered,9
155,2020-03-05,46589,Sanjay Singh,29,Female,West,Mumbai,Groceries,Tea,7,363.04,0.17,1919.38,104.66,54.23,Emi,5,False,Delivered,5
2829,2023-05-15,25805,Arjun Gupta,36,Male,South,Hyderabad,Groceries,Dal (1Kg),2,399.16,0.34,850.9,55.39,50.2,Upi,5,False,Shipped,1
3948,2024-08-31,69929,Nisha Bose,6,Other,South,Bangalore,Groceries,Dal (1Kg),1,231.86,0.05,371.3,34.56,71.71,Cash On Delivery,2,False,Shipped,7
3980,2024-09-11,14258,Meera Mishra,33,Female,South,Bangalore,Beauty,Sunscreen,5,1914.01,0.13,2301.14,974.62,78.05,Upi,1,True,Returned,2
2443,2022-11-26,14094,Ananya Bose,62,Female,East,Guwahati,Clothing,Kurta,6,2854.71,0.08,14003.32,2778.35,104.98,Credit Card,3,False,Delivered,7
1744,2022-02-14,90888,Ritu Rao,34,Other,North,Ludhiana,Books,Biography,2,297.05,0.19,431.92,187.79,46.2,Debit Card,3,False,Delivered,9
3766,2024-06-27,36068,Aarav Singh,30,Other,East,Bhubaneswar,Clothing,Jeans,5,3154.09,0.01,4594.66,1520.0,69.59,Upi,3,False,Delivered,9
3239,2023-11-01,65289,Ritu Chatterjee,38,Female,Central,Raipur,Furniture,Bed Frame,1,25780.61,0.21,22272.46,8421.08,59.29,Net Banking,4,False,Delivered,3
154,2020-03-05,48876,Sunita Singh,42,Male,South,Bangalore,Beauty,Sunscreen,6,1391.35,0.11,7920.74,3630.28,103.09,Credit Card,5,True,Returned,1
3429,2024-01-26,9088,Rohan Rao,36,Female,West,Ahmedabad,Beauty,Sunscreen,10,1843.94,0.31,13547.2,6188.12,63.02,Emi,3,False,Delivered,10
3908,2024-08-16,32213,Amit Verma,44,Other,West,Mumbai,Electronics,Tablet,10,70999.96,0.37,619186.18,80911.12,58.51,Emi,5,False,Shipped,6
1433,2021-10-07,83420,Rahul Kumar,22,Male,South,Chennai,Beauty,Lipstick,2,785.12,0.23,1096.54,569.3,95.2,Credit Card,4,True,Returned,10
1395,2021-09-21,24924,Ananya Shah,14,Male,West,Pune,Furniture,Sofa,9,15802.88,0.01,165325.69,46953.51,64.99,Debit Card,1,False,Delivered,9
2966,2023-07-08,38879,Ananya Kapoor,36,Other,North,Amritsar,Clothing,Dress,1,1861.32,0.38,1580.05,590.29,55.74,Upi,4,False,Delivered,1
1393,2021-09-20,82169,Ritu Bhat,54,Other,North,Delhi,Sports,Tennis Racket,1,7834.86,0.37,4867.16,961.37,53.04,Debit Card,1,False,Delivered,8
4050,2024-10-23,3944,Meera Verma,32,Female,East,Patna,Electronics,Headphones,9,45487.77,0.17,355300.24,48057.8,81.01,Debit Card,5,False,Delivered,10
2331,2022-10-09,6489,Nikhil Verma,47,Other,South,Bangalore,Furniture,Sofa,6,5535.62,0.27,20778.29,3962.34,76.76,Credit Card,3,False,Delivered,5
2006,2022-06-04,22452,Sanjay Verma,8,Other,North,Amritsar,Clothing,Jeans,7,2943.52,0.27,21771.76,5661.41,21.72,Credit Card,4,False,Shipped,3
387,2020-06-13,18372,Amit Iyer,15,Other,West,Surat,Beauty,Face Cream,4,1506.41,0.19,6032.13,1914.08,36.43,Emi,3,False,Delivered,7
3927,2024-08-22,77199,Karan Pillai,31,Male,Central,Raipur,Clothing,Jeans,3,2207.16,0.2,7894.09,2384.57,30.61,Credit Card,3,False,Delivered,2
1629,2021-12-27,37392,Amit Mehta,50,Other,West,Ahmedabad,Beauty,Lipstick,9,1833.53,0.17,10130.45,6082.08,40.13,Net Banking,1,True,Returned,3
1895,2022-04-16,7132,Meera Mishra,32,Other,Central,Nagpur,Groceries,Dal (1Kg),6,85.52,0.26,564.09,43.08,32.8,Debit Card,4,False,Delivered,7
1375,2021-09-12,51615,Rohan Bose,19,Male,North,Ludhiana,Furniture,Bookshelf,4,5696.48,0.12,22406.7,5980.82,55.28,Emi,3,False,Delivered,6
1406,2021-09-25,72539,Sanjay Mehta,47,Other,North,Delhi,Electronics,Laptop,8,75788.6,0.25,518764.77,69163.47,47.81,Cash On Delivery,2,False,Delivered,10
1469,2021-10-23,87162,Rahul Gupta,52,Other,Central,Nagpur,Beauty,Shampoo,5,1074.36,0.39,2700.49,861.37,86.73,Cash On Delivery,3,False,Delivered,8
780,2020-12-21,96960,Amit Mishra,39,Male,South,Kochi,Furniture,Wardrobe,2,10151.9,0.21,11388.89,2489.06,77.0,Emi,5,True,Returned,5
3581,2024-04-05,67732,Ananya Bhat,32,Male,Central,Raipur,Beauty,Perfume,5,1353.73,0.34,6179.59,3104.88,47.49,Cash On Delivery,1,False,Delivered,6
2763,2023-04-10,85402,Aarav Mehta,32,Male,South,Kochi,Electronics,Laptop,5,79827.98,0.28,418460.95,34788.35,73.92,Cash On Delivery,2,False,Delivered,2
4087,2024-11-07,15824,Arjun Nair,8,Female,South,Kochi,Sports,Dumbbells,1,14972.12,0.02,14887.84,3707.49,63.98,Emi,5,False,Shipped,7
1154,2021-06-02,61383,Vikram Sharma,44,Female,South,Bangalore,Clothing,Kurta,0,2696.46,0.29,2622.68,977.15,101.51,Emi,2,False,Delivered,6
977,2021-03-20,76218,Ananya Gupta,41,Female,West,Surat,Sports,Cricket Bat,5,12410.73,0.36,40821.89,12307.83,65.83,Upi,1,False,Delivered,2
435,2020-07-10,40017,Sunita Joshi,15,Male,North,Delhi,Books,Fiction Novel,1,702.36,0.39,539.18,184.49,59.64,Emi,1,False,Delivered,4
2887,2023-06-04,19802,Karan Chatterjee,32,Male,East,Patna,Books,Cook Book,2,200.96,0.25,458.12,104.93,75.89,Credit Card,1,True,Returned,4
1400,2021-09-24,47772,Sunita Das,43,Male,West,Ahmedabad,Furniture,Wardrobe,2,2701.39,0.33,4179.32,933.32,79.24,Credit Card,5,False,Cancelled,2
175,2020-03-18,47786,Nisha Rao,35,Male,West,Ahmedabad,Beauty,Lipstick,9,2028.03,0.12,15078.05,8126.73,55.01,Net Banking,4,False,Delivered,9
2,2020-01-01,51802,Sunita Das,29,Male,West,Pune,Clothing,Jeans,4,2870.76,0.08,7950.72,2135.16,55.33,Upi,3,False,Cancelled,1
4135,2024-12-02,23239,Vikram Mehta,53,Male,North,Delhi,Clothing,Kurta,9,3206.85,0.36,16832.81,7356.75,78.4,Emi,2,False,Delivered,9
2590,2023-01-31,47612,Kavya Gupta,25,Other,South,Bangalore,Groceries,Rice (5Kg),8,100.16,0.37,487.77,30.28,43.77,Credit Card,3,False,Delivered,8
3114,2023-09-08,43839,Nisha Nair,29,Male,South,Kochi,Electronics,Camera,6,63434.95,0.24,350565.99,45365.64,76.62,Debit Card,1,False,Delivered,6
1899,2022-04-17,81485,Amit Bose,18,Other,West,Surat,Furniture,Bookshelf,5,15688.53,0.03,85481.83,16735.14,49.69,Credit Card,4,False,Delivered,10
2691,2023-03-13,42275,Aditya Patel,21,Female,South,Chennai,Electronics,Smartwatch,2,76616.83,0.1,186369.89,20529.28,55.12,Upi,4,False,Delivered,5
1084,2021-05-04,77289,Nisha Iyer,43,Male,West,Mumbai,Furniture,Desk,5,31699.03,0.0,40736.49,13735.32,44.74,Upi,1,True,Returned,8
3337,2023-12-14,12631,Aditya Bose,26,Other,West,Pune,Clothing,T-Shirt,9,3755.73,0.11,27923.07,12762.99,89.92,Debit Card,1,False,Delivered,3
996,2021-03-29,3526,Aditya Das,28,Male,East,Patna,Clothing,Jeans,2,2973.25,0.16,5032.59,2113.7,62.75,Upi,1,True,Returned,8
2783,2023-04-20,75727,Ananya Kapoor,45,Female,West,Ahmedabad,Sports,Yoga Mat,3,9606.06,0.27,22984.85,4327.42,50.91,Net Banking,5,False,Delivered,4
2049,2022-06-21,42115,Pooja Chatterjee,55,Female,North,Delhi,Beauty,Sunscreen,7,2037.82,0.02,21578.84,9156.6,69.79,Credit Card,3,False,Shipped,8
2714,2023-03-23,62341,Aarav Pillai,35,Male,North,Amritsar,Beauty,Lipstick,10,1251.33,0.24,11610.5,5273.78,55.63,Net Banking,3,False,Delivered,4
410,2020-06-29,64583,Aditya Bose,44,Male,South,Bangalore,Clothing,Dress,10,1705.06,0.23,16597.51,4467.97,63.43,Debit Card,1,True,Returned,10
804,2020-12-31,33294,Karan Kumar,27,Other,Central,Bhopal,Furniture,Bookshelf,8,9942.45,0.03,60313.96,18873.68,68.3,Net Banking,5,False,Cancelled,4
1545,2021-11-23,15680,Kavya Das,33,Male,Central,Indore,Groceries,Dal (1Kg),7,307.63,0.33,1086.05,55.5,33.16,Emi,4,False,Delivered,1
3699,2024-05-26,14480,Deepa Nair,23,Male,South,Chennai,Sports,Dumbbells,5,7747.27,0.33,8175.82,2263.89,42.55,Debit Card,5,False,Shipped,3
3516,2024-03-09,15414,Sanjay Gupta,42,Female,Central,Nagpur,Furniture,Bookshelf,9,17413.69,0.05,193913.96,54048.53,50.26,Upi,2,False,Delivered,1
1587,2021-12-10,32752,Karan Joshi,44,Male,North,Amritsar,Electronics,Camera,5,11301.06,0.25,34158.03,4246.6,53.85,Credit Card,3,False,Pending,6
2475,2022-12-10,99227,Priya Rao,54,Other,North,Ludhiana,Groceries,Cooking Oil,3,448.85,0.02,1000.55,81.62,54.31,Credit Card,2,False,Cancelled,2
2216,2022-08-25,38823,Deepa Mehta,35,Female,North,Amritsar,Electronics,Tablet,7,62975.42,0.22,468129.68,79235.51,49.03,Emi,2,True,Returned,9
416,2020-07-01,63769,Priya Bhat,39,Male,South,Chennai,Books,Textbook,2,917.65,0.12,2151.39,856.13,59.6,Net Banking,3,True,Returned,6
2081,2022-07-06,66488,Sunita Das,27,Female,South,Chennai,Beauty,Perfume,9,1127.06,0.38,9829.11,4003.53,54.43,Emi,5,False,Delivered,5
2161,2022-08-05,39402,Vikram Iyer,38,Other,South,Chennai,Furniture,Sofa,5,17880.95,0.03,116528.23,33231.6,47.07,Net Banking,1,False,Pending,2
2209,2022-08-21,97691,Aarav Reddy,44,Female,South,Hyderabad,Books,Comic Book,2,1390.9,0.4,2194.06,741.62,68.5,Credit Card,2,False,Delivered,8
584,2020-09-18,21732,Nikhil Nair,15,Other,West,Surat,Sports,Yoga Mat,8,5733.61,0.13,40572.08,10225.36,74.43,Net Banking,1,False,Delivered,3
533,2020-08-23,56679,Shreya Sharma,33,Other,North,Ludhiana,Clothing,Saree,5,774.58,0.31,670.73,287.27,49.67,Upi,3,False,Delivered,6
3815,2024-07-18,41610,Ritu Mishra,28,Male,West,Mumbai,Furniture,Desk,9,10925.91,0.33,95157.91,21495.8,38.47,Net Banking,4,False,Delivered,9
256,2020-04-22,86402,Rohan Sharma,18,Male,Central,Bhopal,Groceries,Tea,7,224.96,0.22,1195.3,91.79,52.6,Credit Card,2,False,Delivered,8
4054,2024-10-25,37273,Sanjay Verma,69,Other,West,Mumbai,Groceries,Sugar,4,226.36,0.27,801.8,89.81,59.7,Debit Card,2,False,Shipped,5
2337,2022-10-10,50406,Rohan Mehta,21,Male,West,Ahmedabad,Electronics,Smartwatch,6,78971.02,0.22,377676.65,38339.77,61.31,Emi,3,False,Shipped,9
704,2020-11-15,63229,Meera Chatterjee,26,Female,West,Ahmedabad,Groceries,Dal (1Kg),8,52.56,0.37,225.58,17.94,62.46,Debit Card,5,True,Returned,1
2869,2023-05-31,19907,Aditya Chatterjee,30,Male,West,Surat,Beauty,Hair Oil,10,1573.67,0.23,18377.46,7519.84,64.77,Cash On Delivery,5,False,Delivered,7
1763,2022-02-19,50692,Nisha Gupta,4,Other,Central,Nagpur,Clothing,Kurta,2,3632.97,0.15,6196.59,1525.34,56.08,Cash On Delivery,3,False,Delivered,2
1871,2022-04-05,74013,Arjun Singh,41,Female,North,Delhi,Electronics,Headphones,2,17140.58,0.38,30862.38,4123.18,34.79,Debit Card,2,False,Delivered,5
2664,2023-02-27,91653,Karan Kumar,42,Male,West,Pune,Electronics,Smartwatch,8,63840.88,0.29,376670.08,52527.72,64.65,Upi,4,False,Delivered,8
532,2020-08-23,60381,Vikram Mishra,41,Male,North,Chandigarh,Books,Biography,10,788.79,0.14,7024.12,3794.94,48.05,Net Banking,2,False,Delivered,9
1461,2021-10-22,73189,Deepa Rao,19,Other,East,Guwahati,Clothing,Jacket,8,2778.54,0.15,18541.83,6381.78,88.73,Debit Card,3,False,Delivered,6
3582,2024-04-05,9968,Nisha Kapoor,51,Male,East,Bhubaneswar,Electronics,Headphones,3,15320.14,0.14,58711.83,5168.1,65.67,Cash On Delivery,4,False,Delivered,5
247,2020-04-18,50948,Amit Kapoor,31,Other,North,Amritsar,Sports,Cricket Bat,2,10120.93,0.3,14109.98,2053.92,26.6,Emi,1,False,Delivered,9
1777,2022-02-27,89073,Nisha Das,26,Female,South,Kochi,Clothing,Kurta,7,3036.93,0.24,15791.37,5788.85,87.14,Net Banking,1,False,Delivered,10
931,2021-02-24,18103,Vikram Mehta,38,Other,Central,Indore,Furniture,Wardrobe,1,17927.93,0.26,11706.31,2947.16,44.44,Credit Card,3,True,Returned,8
2491,2022-12-17,60962,Ritu Joshi,16,Male,Central,Indore,Beauty,Hair Oil,2,1398.45,0.29,1359.0,537.38,44.47,Net Banking,4,False,Shipped,9
103,2020-02-09,60692,Sunita Kumar,38,Other,West,Pune,Electronics,Laptop,5,79820.4,0.39,221917.54,22317.55,38.44,Net Banking,1,False,Pending,8
70,2020-01-27,26658,Pooja Kapoor,19,Other,South,Hyderabad,Electronics,Camera,4,17422.66,0.07,52626.5,6738.52,87.09,Emi,2,True,Returned,2
389,2020-06-14,75682,Ananya Mishra,36,Male,West,Pune,Sports,Tennis Racket,4,3136.59,0.12,14497.79,2492.75,79.4,Emi,2,True,Returned,6
4011,2024-09-29,75729,Sunita Patel,31,Other,Central,Bhopal,Electronics,Tablet,8,31909.44,0.22,265931.19,40509.78,54.88,Upi,4,False,Delivered,6
2415,2022-11-09,74245,Karan Reddy,37,Female,West,Surat,Groceries,Cooking Oil,9,389.41,0.02,2847.85,272.2,66.43,Emi,5,False,Delivered,1
1885,2022-04-12,27246,Ananya Mehta,39,Female,South,Bangalore,Books,Self-Help Book,10,231.25,0.27,2387.56,908.86,50.77,Cash On Delivery,1,False,Pending,5
699,2020-11-13,14220,Sanjay Das,16,Female,West,Pune,Sports,Dumbbells,2,3021.82,0.01,4428.27,885.39,38.11,Emi,1,True,Returned,3
3606,2024-04-19,74320,Amit Reddy,26,Female,South,Hyderabad,Beauty,Perfume,9,1545.52,0.19,17885.64,11381.04,81.0,Emi,1,False,Shipped,9
748,2020-12-06,8513,Sanjay Patel,31,Female,South,Chennai,Beauty,Shampoo,9,1896.41,0.01,12286.54,5443.3,40.44,Upi,2,False,Delivered,2
3171,2023-10-04,77683,Shreya Mehta,24,Other,West,Mumbai,Sports,Tennis Racket,3,8534.5,0.34,18094.21,4596.01,55.57,Cash On Delivery,4,False,Delivered,4
2291,2022-09-21,86351,Rohan Iyer,54,Female,Central,Indore,Books,Fiction Novel,2,1340.31,0.03,2902.07,1116.16,67.16,Emi,4,False,Pending,7
2579,2023-01-27,31841,Kavya Joshi,57,Male,East,Bhubaneswar,Sports,Dumbbells,2,4266.54,0.25,6436.16,1469.74,75.67,Net Banking,3,False,Delivered,2
2137,2022-07-27,1916,Pooja Verma,37,Female,Central,Nagpur,Furniture,Desk,8,31076.19,0.36,234872.45,66519.22,47.98,Net Banking,2,False,Delivered,6
1730,2022-02-08,8530,Priya Verma,38,Male,South,Kochi,Sports,Cycle,1,11257.57,0.19,9056.57,2063.37,75.32,Credit Card,5,False,Delivered,1
3602,2024-04-16,90978,Meera Chatterjee,45,Male,Central,Nagpur,Furniture,Desk,4,28347.28,0.03,180991.0,31963.08,74.83,Cash On Delivery,5,False,Delivered,4
228,2020-04-09,20422,Amit Pillai,47,Female,East,Guwahati,Clothing,Jacket,4,657.77,0.03,3207.24,961.26,83.48,Credit Card,3,False,Delivered,9
1036,2021-04-14,48956,Arjun Bose,39,Male,South,Chennai,Beauty,Face Cream,5,2059.98,0.02,12556.26,8037.6,70.48,Upi,2,True,Returned,8
1194,2021-06-21,42289,Ananya Bhat,19,Female,Central,Bhopal,Groceries,Flour,6,428.86,0.34,2486.44,163.61,58.49,Net Banking,4,False,Delivered,9
2361,2022-10-17,59891,Meera Shah,34,Other,Central,Indore,Books,Textbook,3,1036.73,0.14,2702.94,1061.86,58.18,Net Banking,1,False,Shipped,6
1096,2021-05-09,64848,Priya Chatterjee,20,Female,North,Chandigarh,Furniture,Bed Frame,7,29131.43,0.3,181240.28,48821.49,47.3,Credit Card,3,False,Shipped,8
1984,2022-05-26,4061,Karan Sharma,31,Female,West,Mumbai,Clothing,Kurta,10,1278.88,0.2,17829.4,6153.63,43.3,Credit Card,3,False,Delivered,8
1365,2021-09-06,34491,Nikhil Rao,51,Other,West,Surat,Books,Textbook,5,1499.28,0.03,8327.23,4182.31,74.08,Net Banking,3,False,Delivered,1
2190,2022-08-14,31810,Priya Kapoor,48,Other,West,Surat,Groceries,Rice (5Kg),2,179.94,0.39,272.5,14.86,56.43,Emi,1,False,Shipped,3
1466,2021-10-23,22468,Sunita Kumar,68,Female,East,Bhubaneswar,Groceries,Flour,4,103.01,0.4,239.3,22.6,78.91,Cash On Delivery,1,True,Returned,4
4178,2024-12-22,11016,Amit Verma,53,Male,West,Mumbai,Beauty,Shampoo,3,855.83,0.14,2047.13,587.72,59.05,Net Banking,4,False,Pending,6
726,2020-11-29,2385,Meera Mishra,25,Female,South,Hyderabad,Books,Self-Help Book,3,956.34,0.24,1598.88,746.01,74.98,Credit Card,1,False,Delivered,2
3264,2023-11-10,84619,Karan Nair,25,Other,North,Delhi,Furniture,Bed Frame,2,30782.35,0.22,47340.73,11318.5,48.72,Upi,4,False,Delivered,10
963,2021-03-16,3100,Aditya Kumar,34,Other,Central,Raipur,Furniture,Desk,2,22148.9,0.1,46326.9,10034.05,55.7,Debit Card,4,False,Cancelled,1
892,2021-02-05,40329,Nikhil Verma,19,Female,West,Pune,Beauty,Hair Oil,4,1900.58,0.12,6413.16,3388.38,47.89,Upi,3,False,Delivered,1
190,2020-03-26,46839,Nikhil Kumar,34,Male,North,Chandigarh,Furniture,Bookshelf,8,30630.05,0.31,154185.05,41569.88,27.98,Net Banking,1,False,Cancelled,4
947,2021-03-04,36851,Shreya Mehta,27,Other,East,Bhubaneswar,Sports,Yoga Mat,2,12124.27,0.2,19621.74,4737.69,91.21,Debit Card,3,False,Delivered,7
1055,2021-04-21,95496,Sunita Reddy,49,Female,North,Amritsar,Books,Cook Book,7,534.91,0.07,4674.41,2443.22,61.73,Emi,1,False,Cancelled,7
3424,2024-01-24,78421,Arjun Mishra,46,Female,North,Chandigarh,Beauty,Face Cream,2,1022.14,0.23,1560.83,580.86,51.54,Upi,5,True,Returned,4
3802,2024-07-11,44356,Pooja Mehta,54,Other,East,Guwahati,Furniture,Bed Frame,4,34537.46,0.05,208628.7,50381.67,76.14,Emi,3,False,Delivered,8
173,2020-03-16,46878,Sunita Mishra,33,Female,East,Bhubaneswar,Books,Biography,8,1355.07,0.25,7286.92,3585.8,86.98,Debit Card,4,False,Shipped,5
2895,2023-06-06,35710,Ritu Shah,32,Other,East,Kolkata,Furniture,Bed Frame,9,24542.85,0.3,291832.52,76203.02,95.21,Credit Card,2,False,Delivered,6
2625,2023-02-13,78576,Arjun Chatterjee,34,Female,North,Amritsar,Electronics,Smartwatch,8,78209.24,0.1,571749.49,85521.04,51.05,Cash On Delivery,1,False,Shipped,1
1661,2022-01-11,94914,Nisha Mishra,36,Other,South,Kochi,Clothing,Kurta,3,3496.76,0.05,8060.61,2308.11,40.95,Credit Card,4,False,Delivered,3
208,2020-04-01,69756,Karan Bhat,25,Other,Central,Bhopal,Electronics,Camera,5,74661.96,0.1,413676.41,38409.75,43.58,Debit Card,3,False,Delivered,9
272,2020-05-01,97522,Ananya Singh,6,Male,South,Bangalore,Clothing,Saree,10,2668.56,0.03,32567.59,10352.49,77.49,Emi,5,False,Delivered,4
1061,2021-04-26,63508,Kavya Bhat,34,Female,South,Hyderabad,Electronics,Laptop,1,78711.02,0.18,90409.82,11769.97,90.37,Net Banking,3,False,Delivered,3
2546,2023-01-12,96368,Kavya Gupta,29,Female,Central,Raipur,Groceries,Rice (5Kg),1,243.91,0.3,164.22,16.45,53.75,Cash On Delivery,5,False,Shipped,3
4010,2024-09-29,4352,Amit Chatterjee,22,Female,West,Surat,Books,Biography,2,1099.72,0.22,2033.79,869.03,61.35,Upi,3,False,Delivered,4
2830,2023-05-15,23051,Rohan Iyer,35,Male,South,Bangalore,Sports,Tennis Racket,2,5536.92,0.07,16264.24,5022.79,86.81,Upi,5,False,Cancelled,4
3136,2023-09-17,92424,Sanjay Nair,32,Other,North,Ludhiana,Beauty,Perfume,10,384.92,0.13,3802.28,1470.62,46.05,Emi,1,False,Pending,9
361,2020-06-04,34273,Deepa Nair,44,Male,West,Pune,Groceries,Tea,10,350.15,0.07,4245.67,346.67,62.1,Credit Card,3,True,Returned,1
178,2020-03-19,56675,Rohan Sharma,24,Male,Central,Raipur,Electronics,Camera,6,15086.96,0.13,83619.76,10183.25,74.72,Credit Card,1,False,Delivered,4
3759,2024-06-24,16441,Nisha Bose,18,Female,East,Guwahati,Sports,Tennis Racket,4,6805.31,0.01,48326.79,11120.45,101.73,Emi,2,True,Returned,3
1724,2022-02-06,56841,Priya Gupta,20,Male,East,Guwahati,Clothing,Jacket,2,2075.29,0.21,2998.78,1031.57,62.3,Debit Card,4,False,Delivered,1
873,2021-01-31,74542,Arjun Gupta,18,Male,Central,Bhopal,Furniture,Bookshelf,1,10111.03,0.27,6692.45,2226.89,30.16,Debit Card,2,False,Delivered,4
3197,2023-10-15,33951,Deepa Mehta,18,Male,East,Bhubaneswar,Beauty,Lipstick,2,2007.33,0.17,3672.85,1779.77,78.53,Upi,5,False,Delivered,2
929,2021-02-23,75952,Nikhil Verma,24,Male,East,Guwahati,Furniture,Desk,5,2018.71,0.33,6353.83,1860.03,62.35,Emi,5,False,Delivered,1
3836,2024-07-25,17574,Ananya Bhat,37,Male,East,Guwahati,Clothing,Jeans,6,3101.95,0.35,20358.13,7357.07,89.04,Credit Card,3,True,Returned,7
3158,2023-09-29,54265,Sanjay Bhat,38,Female,North,Amritsar,Furniture,Bookshelf,8,24623.45,0.03,242532.88,63126.55,36.04,Credit Card,1,False,Delivered,4
2765,2023-04-11,9924,Ritu Verma,36,Other,Central,Raipur,Electronics,Camera,5,18000.28,0.12,109973.4,11424.94,73.2,Debit Card,4,False,Delivered,2
778,2020-12-18,98642,Sanjay Verma,53,Male,East,Kolkata,Groceries,Tea,3,284.05,0.26,407.29,27.33,74.57,Emi,2,False,Delivered,2
3353,2023-12-21,13354,Sanjay Nair,29,Male,East,Patna,Groceries,Rice (5Kg),9,344.79,0.33,2084.9,132.76,57.21,Upi,2,False,Cancelled,10
863,2021-01-29,78361,Sanjay Joshi,51,Female,West,Mumbai,Beauty,Perfume,4,1427.81,0.28,3737.3,1821.21,66.76,Credit Card,4,False,Delivered,5
3986,2024-09-15,2647,Rahul Pillai,63,Female,West,Surat,Furniture,Wardrobe,1,30262.77,0.22,35090.43,5627.29,62.47,Emi,1,False,Delivered,10
1945,2022-05-08,15198,Aarav Bhat,33,Other,Central,Nagpur,Clothing,T-Shirt,7,607.95,0.38,3644.03,1026.1,64.63,Net Banking,3,False,Delivered,1
3665,2024-05-13,12838,Sanjay Pillai,30,Male,East,Bhubaneswar,Clothing,Saree,2,358.0,0.38,728.66,256.4,63.9,Emi,1,False,Delivered,6
1149,2021-05-31,17159,Deepa Das,31,Female,East,Guwahati,Clothing,Jeans,2,1322.23,0.02,3457.5,1452.45,55.18,Upi,3,True,Returned,7
2749,2023-04-05,37997,Arjun Verma,51,Male,West,Pune,Sports,Football,3,11418.23,0.01,43058.66,7315.08,41.92,Credit Card,2,False,Delivered,3
787,2020-12-25,40665,Sunita Patel,53,Female,South,Chennai,Electronics,Headphones,4,65983.59,0.12,161534.85,25135.71,66.2,Net Banking,1,False,Delivered,4
1614,2021-12-23,91726,Priya Shah,45,Other,Central,Bhopal,Electronics,Laptop,4,55475.84,0.06,176358.34,22566.53,40.68,Debit Card,4,False,Cancelled,2
4104,2024-11-17,610,Priya Verma,14,Male,North,Amritsar,Clothing,Jacket,8,1693.73,0.03,12090.22,3498.38,36.04,Credit Card,3,False,Cancelled,5
1328,2021-08-18,77757,Amit Rao,34,Other,South,Hyderabad,Clothing,T-Shirt,1,1197.05,0.33,1082.08,320.52,29.64,Upi,4,False,Cancelled,3
1880,2022-04-10,68733,Nikhil Nair,37,Male,East,Patna,Groceries,Flour,2,153.14,0.29,289.25,25.46,77.75,Upi,5,False,Delivered,8
1752,2022-02-16,58616,Nikhil Singh,34,Other,North,Delhi,Books,Cook Book,10,1347.14,0.17,12168.87,3966.61,43.49,Upi,3,True,Returned,3
4099,2024-11-15,82403,Shreya Mehta,34,Female,West,Surat,Groceries,Dal (1Kg),3,124.6,0.33,224.85,18.07,79.1,Credit Card,3,False,Delivered,8
565,2020-09-09,5627,Aarav Kumar,37,Female,West,Surat,Sports,Cricket Bat,1,3528.13,0.38,2038.22,420.96,53.63,Credit Card,1,True,Returned,6
3634,2024-04-28,10137,Nikhil Kapoor,32,Male,South,Bangalore,Beauty,Sunscreen,1,2169.87,0.38,1926.55,458.88,52.43,Cash On Delivery,5,False,Pending,3
222,2020-04-07,35116,Shreya Reddy,41,Other,Central,Indore,Electronics,Smartphone,9,5129.67,0.32,38513.55,4662.1,46.85,Cash On Delivery,5,False,Delivered,2
1354,2021-09-01,77279,Sanjay Chatterjee,29,Male,Central,Nagpur,Clothing,Jeans,2,3887.01,0.36,5775.71,2252.91,53.35,Net Banking,5,False,Delivered,1
1890,2022-04-15,59516,Priya Nair,46,Female,South,Kochi,Clothing,T-Shirt,8,2375.65,0.39,14431.7,5032.2,74.26,Upi,3,False,Delivered,5
2160,2022-08-05,1889,Rahul Verma,31,Other,Central,Raipur,Beauty,Hair Oil,4,1536.84,0.0,8572.24,4876.08,73.06,Debit Card,5,False,Delivered,6
324,2020-05-22,46595,Amit Bhat,12,Male,North,Amritsar,Clothing,T-Shirt,10,2830.97,0.36,22010.44,5346.01,65.65,Net Banking,1,False,Delivered,4
3314,2023-12-04,74780,Rahul Bhat,13,Male,West,Pune,Books,Comic Book,10,1096.0,0.31,6190.12,1824.11,82.85,Credit Card,5,False,Delivered,7
3021,2023-08-01,66733,Priya Iyer,33,Female,West,Ahmedabad,Groceries,Tea,4,223.01,0.06,1169.61,100.59,66.9,Cash On Delivery,2,False,Delivered,2
3963,2024-09-05,85913,Sunita Iyer,34,Male,Central,Raipur,Sports,Tennis Racket,5,4061.88,0.18,4315.27,1050.34,67.96,Debit Card,1,False,Delivered,2
3326,2023-12-10,35382,Ritu Singh,46,Other,West,Surat,Clothing,Jeans,5,1679.82,0.29,5932.93,2439.71,61.89,Net Banking,2,False,Cancelled,3
2513,2022-12-27,10153,Vikram Pillai,49,Other,West,Ahmedabad,Groceries,Flour,1,111.85,0.03,85.28,7.87,62.85,Emi,1,False,Delivered,3
3675,2024-05-15,24522,Karan Kumar,35,Male,Central,Bhopal,Groceries,Cooking Oil,5,111.25,0.21,998.96,93.18,69.34,Cash On Delivery,4,False,Delivered,3
805,2021-01-02,38399,Nikhil Gupta,22,Male,Central,Indore,Clothing,Saree,6,2532.55,0.06,10659.76,4546.73,64.53,Upi,1,False,Shipped,1
838,2021-01-18,92341,Deepa Bhat,34,Other,South,Hyderabad,Electronics,Headphones,4,47874.24,0.29,95589.48,11952.46,79.36,Debit Card,2,True,Returned,3
433,2020-07-09,34701,Sanjay Chatterjee,47,Other,Central,Indore,Electronics,Laptop,4,37472.7,0.01,218210.41,22304.92,43.11,Credit Card,4,False,Delivered,10
3453,2024-02-06,73572,Ananya Verma,18,Male,West,Surat,Furniture,Bed Frame,8,31388.84,0.39,135556.47,45198.52,57.54,Upi,4,False,Delivered,4
2906,2023-06-10,43728,Nisha Joshi,20,Male,Central,Raipur,Sports,Football,7,754.28,0.05,7778.83,2271.05,45.61,Net Banking,1,False,Delivered,4
2700,2023-03-15,26383,Vikram Mehta,18,Other,East,Guwahati,Sports,Dumbbells,5,5610.04,0.21,27238.57,4096.24,84.23,Upi,2,False,Delivered,2
3679,2024-05-16,33255,Priya Mishra,38,Other,North,Amritsar,Furniture,Desk,5,25978.76,0.11,222707.41,45655.25,40.23,Debit Card,1,False,Delivered,4
3397,2024-01-11,80323,Rahul Chatterjee,23,Male,South,Bangalore,Groceries,Cooking Oil,6,69.63,0.33,256.35,21.2,103.66,Emi,1,True,Returned,1
2354,2022-10-14,69204,Arjun Joshi,3,Other,North,Ludhiana,Sports,Yoga Mat,1,6882.24,0.06,5996.92,1545.12,56.46,Cash On Delivery,3,True,Returned,3
623,2020-10-06,24662,Kavya Joshi,36,Other,Central,Raipur,Groceries,Rice (5Kg),8,498.13,0.2,2870.12,226.32,36.47,Upi,4,True,Returned,6
417,2020-07-02,24241,Meera Mehta,19,Male,Central,Indore,Groceries,Cooking Oil,6,170.0,0.36,834.1,50.58,64.22,Net Banking,2,False,Pending,5
3426,2024-01-25,99964,Vikram Iyer,40,Male,East,Kolkata,Beauty,Shampoo,9,432.41,0.37,2362.96,1178.26,86.75,Net Banking,5,False,Shipped,10
125,2020-02-17,87260,Aarav Chatterjee,46,Other,East,Kolkata,Groceries,Sugar,5,308.01,0.04,1315.86,56.05,55.47,Cash On Delivery,2,False,Delivered,2
577,2020-09-15,53381,Aditya Pillai,54,Other,Central,Raipur,Sports,Cycle,8,10241.77,0.29,61888.65,13264.84,67.15,Debit Card,1,True,Returned,6
2110,2022-07-17,80301,Priya Mehta,31,Other,Central,Indore,Books,Self-Help Book,5,854.0,0.33,691.57,321.8,40.83,Cash On Delivery,1,True,Returned,6
1444,2021-10-14,8288,Sanjay Verma,33,Male,South,Bangalore,Sports,Yoga Mat,9,2605.13,0.21,20094.94,2400.52,83.93,Emi,4,True,Returned,5
3182,2023-10-07,49514,Shreya Verma,34,Male,West,Ahmedabad,Clothing,Saree,1,3669.1,0.23,2724.49,1136.46,66.0,Emi,5,False,Delivered,9
496,2020-08-05,35738,Nikhil Verma,44,Other,East,Bhubaneswar,Furniture,Bookshelf,6,10121.63,0.2,61938.25,19909.16,79.23,Upi,1,False,Shipped,2
854,2021-01-24,64876,Rahul Sharma,38,Female,South,Bangalore,Clothing,Saree,10,546.08,0.02,4248.99,1231.33,64.33,Cash On Delivery,5,False,Delivered,6
271,2020-04-29,41469,Rahul Bhat,44,Male,West,Surat,Electronics,Camera,5,20270.62,0.13,92969.99,10193.11,48.68,Debit Card,2,False,Delivered,3
615,2020-10-03,47101,Sanjay Shah,18,Other,Central,Raipur,Electronics,Headphones,7,37436.56,0.37,134393.01,20949.87,52.14,Upi,2,False,Delivered,10
3412,2024-01-18,88295,Deepa Reddy,34,Other,Central,Bhopal,Clothing,T-Shirt,7,1628.33,0.37,7092.35,2745.59,37.91,Credit Card,1,True,Returned,3
3685,2024-05-19,54368,Rahul Bhat,26,Other,East,Kolkata,Beauty,Lipstick,4,1340.35,0.28,6161.42,2285.21,75.46,Net Banking,2,False,Delivered,7
2233,2022-08-31,53670,Deepa Iyer,32,Male,West,Surat,Clothing,Dress,7,3559.36,0.26,22968.4,9552.92,50.49,Net Banking,4,False,Delivered,5
3340,2023-12-16,381,Pooja Kumar,15,Female,South,Chennai,Beauty,Perfume,8,1831.18,0.37,8593.6,2469.88,52.31,Emi,4,False,Delivered,5
958,2021-03-11,7589,Rohan Shah,30,Male,North,Amritsar,Groceries,Dal (1Kg),7,236.4,0.32,1215.84,86.13,33.05,Cash On Delivery,2,True,Returned,3
2135,2022-07-25,59057,Sunita Patel,44,Other,East,Kolkata,Sports,Tennis Racket,8,12531.28,0.26,102179.33,18509.68,84.53,Cash On Delivery,1,False,Shipped,6
681,2020-11-04,25326,Shreya Das,30,Male,East,Guwahati,Sports,Tennis Racket,1,13269.22,0.27,7469.13,1868.37,57.24,Cash On Delivery,2,False,Cancelled,1
2649,2023-02-19,25132,Aditya Nair,36,Male,North,Chandigarh,Furniture,Bookshelf,6,3886.28,0.02,22799.71,4659.41,44.59,Cash On Delivery,1,False,Delivered,6
814,2021-01-08,27919,Deepa Bose,48,Female,East,Bhubaneswar,Clothing,Dress,3,1116.6,0.09,2760.68,860.81,92.64,Emi,4,False,Delivered,2
2368,2022-10-21,57089,Shreya Bhat,48,Male,West,Ahmedabad,Furniture,Sofa,5,6159.86,0.03,5594.1,1071.64,52.14,Emi,2,False,Delivered,5
3156,2023-09-29,34657,Ananya Mishra,31,Other,East,Guwahati,Groceries,Tea,7,72.5,0.28,449.07,36.76,80.15,Upi,4,False,Cancelled,9
1658,2022-01-09,14731,Aditya Patel,37,Female,Central,Nagpur,Beauty,Perfume,2,1173.03,0.29,1370.12,604.94,50.86,Debit Card,3,False,Delivered,1
587,2020-09-19,69337,Sunita Shah,30,Female,Central,Indore,Electronics,Tablet,10,5927.03,0.37,41239.82,4624.52,77.35,Cash On Delivery,4,False,Delivered,4
2543,2023-01-09,35512,Rohan Joshi,44,Other,Central,Indore,Sports,Dumbbells,6,14871.36,0.23,56010.61,9090.55,74.65,Cash On Delivery,2,False,Delivered,8
3592,2024-04-11,10003,Rohan Joshi,15,Male,West,Pune,Beauty,Face Cream,2,1384.67,0.21,4252.35,1481.85,74.86,Cash On Delivery,3,False,Delivered,8
940,2021-02-28,20288,Priya Mehta,32,Female,East,Patna,Books,Cook Book,1,1285.8,0.12,930.59,331.39,110.69,Emi,1,False,Shipped,8
3709,2024-06-03,34494,Rahul Mehta,40,Other,South,Chennai,Electronics,Laptop,9,62118.25,0.27,741493.84,88815.59,64.34,Emi,1,False,Shipped,6
1178,2021-06-12,90166,Aditya Mishra,42,Other,Central,Bhopal,Furniture,Bed Frame,10,10408.77,0.32,104668.88,36667.24,59.71,Credit Card,2,True,Returned,5
2130,2022-07-24,23716,Vikram Nair,46,Other,West,Surat,Beauty,Face Cream,8,1555.78,0.04,16126.18,4937.06,68.28,Net Banking,3,False,Delivered,10
2092,2022-07-09,11724,Aarav Reddy,38,Male,East,Patna,Groceries,Tea,10,282.32,0.11,3690.15,255.64,68.13,Emi,4,True,Returned,2
4128,2024-11-30,77827,Shreya Iyer,50,Female,West,Surat,Sports,Cricket Bat,1,3657.04,0.21,3446.01,616.93,48.37,Debit Card,3,False,Delivered,1
2330,2022-10-08,47001,Nikhil Mishra,29,Other,Central,Nagpur,Sports,Cricket Bat,7,8342.21,0.31,46118.01,10147.74,47.94,Credit Card,5,False,Delivered,1
2454,2022-11-29,9118,Aarav Verma,27,Other,East,Kolkata,Sports,Football,1,2937.76,0.07,2128.61,360.5,64.66,Credit Card,5,False,Delivered,6
2557,2023-01-14,61978,Amit Chatterjee,13,Female,South,Kochi,Clothing,T-Shirt,4,1975.84,0.38,3561.8,1285.63,69.35,Cash On Delivery,2,False,Delivered,7
3101,2023-09-03,69379,Rohan Pillai,22,Other,North,Chandigarh,Furniture,Bookshelf,7,31725.3,0.37,162459.18,38520.59,64.24,Emi,3,False,Delivered,3
2839,2023-05-21,65852,Kavya Patel,21,Other,South,Chennai,Sports,Yoga Mat,7,7147.56,0.25,64932.35,18485.24,94.91,Debit Card,5,False,Delivered,5
1511,2021-11-12,8590,Ananya Reddy,42,Female,East,Patna,Groceries,Sugar,8,465.39,0.2,2501.07,173.37,89.42,Upi,3,False,Shipped,2
504,2020-08-11,76030,Nisha Verma,37,Other,West,Ahmedabad,Clothing,Dress,10,2383.2,0.23,19650.37,10442.57,79.75,Credit Card,2,False,Shipped,10
3891,2024-08-10,84613,Priya Kumar,23,Other,South,Bangalore,Furniture,Desk,1,17279.95,0.36,15219.05,4268.25,69.91,Emi,4,False,Cancelled,4
1941,2022-05-06,72548,Vikram Verma,40,Female,Central,Bhopal,Beauty,Face Cream,5,663.74,0.09,4621.52,2166.11,60.08,Credit Card,2,False,Delivered,4
2073,2022-07-03,56467,Karan Kumar,36,Other,Central,Nagpur,Beauty,Hair Oil,7,541.57,0.38,3426.91,1569.49,60.06,Emi,2,False,Delivered,3
2253,2022-09-09,22702,Arjun Rao,54,Female,East,Kolkata,Furniture,Wardrobe,5,26136.57,0.0,148485.58,38154.91,66.36,Upi,1,False,Cancelled,5
4062,2024-10-28,68176,Rahul Kapoor,39,Other,East,Bhubaneswar,Books,Self-Help Book,7,1034.14,0.16,6020.0,2601.05,80.96,Cash On Delivery,5,False,Delivered,9
3967,2024-09-08,37272,Rohan Chatterjee,52,Female,South,Hyderabad,Beauty,Face Cream,10,1414.73,0.32,12821.19,7374.35,58.56,Upi,2,False,Delivered,5
3269,2023-11-12,63780,Vikram Iyer,49,Male,Central,Nagpur,Groceries,Dal (1Kg),2,53.72,0.33,63.44,5.23,62.93,Credit Card,2,True,Returned,9
1600,2021-12-14,62870,Nisha Sharma,26,Other,Central,Indore,Groceries,Sugar,10,293.89,0.38,1212.94,128.26,43.01,Net Banking,1,False,Pending,6
1003,2021-03-31,87374,Ritu Gupta,30,Female,Central,Indore,Books,Fiction Novel,3,672.84,0.35,1371.74,547.98,61.75,Net Banking,1,True,Returned,8
840,2021-01-19,21706,Arjun Bose,40,Female,Central,Bhopal,Groceries,Flour,8,250.4,0.34,989.57,63.61,62.31,Credit Card,4,False,Delivered,9
2591,2023-01-31,31554,Aditya Kumar,28,Female,West,Surat,Electronics,Camera,7,67056.12,0.16,386566.32,40666.72,42.69,Upi,2,False,Pending,7
2071,2022-07-03,84689,Meera Sharma,25,Other,West,Mumbai,Beauty,Lipstick,10,718.67,0.32,6934.59,2686.48,47.47,Cash On Delivery,4,False,Delivered,6
1919,2022-04-28,47510,Ritu Gupta,37,Female,East,Kolkata,Groceries,Flour,2,104.13,0.39,155.91,16.21,58.21,Emi,3,True,Returned,10
3682,2024-05-17,30084,Ritu Bose,34,Other,North,Ludhiana,Clothing,Saree,5,1894.58,0.19,13572.12,5410.53,40.74,Debit Card,4,False,Delivered,3
3702,2024-05-26,35943,Nisha Mehta,44,Other,North,Amritsar,Beauty,Face Cream,5,678.22,0.34,3655.87,1361.71,56.46,Emi,2,False,Shipped,3
736,2020-12-01,74868,Priya Patel,46,Male,West,Mumbai,Groceries,Dal (1Kg),1,94.57,0.38,44.61,2.87,55.93,Emi,3,False,Delivered,8
108,2020-02-10,71620,Sunita Pillai,26,Male,South,Hyderabad,Furniture,Wardrobe,10,26170.61,0.14,206121.15,64822.6,51.37,Cash On Delivery,5,False,Cancelled,10
2438,2022-11-24,92064,Rahul Shah,30,Male,West,Mumbai,Electronics,Laptop,10,42734.97,0.19,285560.12,41480.81,68.69,Net Banking,4,False,Delivered,6
833,2021-01-16,53156,Rohan Iyer,44,Male,Central,Raipur,Clothing,Kurta,8,1374.51,0.25,7027.6,2549.49,47.72,Emi,2,False,Delivered,6
689,2020-11-08,6352,Sunita Singh,43,Other,North,Delhi,Groceries,Rice (5Kg),999,195.29,0.1,140042.31,9617.93,60.48,Credit Card,3,False,Delivered,7
3363,2023-12-26,98456,Nikhil Bose,40,Female,South,Chennai,Furniture,Desk,1,8061.02,0.24,5002.7,1155.06,108.12,Credit Card,4,False,Cancelled,6
1678,2022-01-19,69653,Karan Sharma,25,Male,West,Ahmedabad,Sports,Yoga Mat,10,14755.73,0.33,79877.72,17279.41,54.29,Debit Card,5,False,Delivered,6
40,2020-01-15,53328,Shreya Gupta,50,Male,East,Bhubaneswar,Beauty,Shampoo,8,2450.85,0.02,13737.04,5401.03,95.73,Net Banking,2,False,Delivered,6
1163,2021-06-05,43541,Kavya Gupta,36,Male,West,Mumbai,Clothing,T-Shirt,3,3190.15,0.14,12589.64,3253.84,41.0,Upi,1,False,Delivered,6
2426,2022-11-15,17865,Sanjay Pillai,32,Female,South,Bangalore,Groceries,Sugar,5,450.47,0.3,1325.61,106.62,50.58,Cash On Delivery,5,False,Cancelled,7
1903,2022-04-21,83392,Kavya Shah,22,Other,South,Bangalore,Sports,Dumbbells,3,10164.78,0.29,27674.49,4282.27,81.55,Cash On Delivery,3,True,Returned,7
4042,2024-10-20,13143,Rahul Mehta,15,Other,Central,Raipur,Sports,Dumbbells,7,8478.88,0.28,51799.45,12429.32,63.81,Cash On Delivery,3,False,Delivered,10
3152,2023-09-28,23783,Nikhil Kumar,29,Other,West,Surat,Books,Fiction Novel,7,606.81,0.04,4234.64,1593.45,88.92,Emi,4,False,Shipped,3
762,2020-12-11,56124,Rohan Patel,31,Female,North,Ludhiana,Sports,Cycle,5,9275.47,0.32,4385.2,1038.19,42.64,Debit Card,1,True,Returned,6
1874,2022-04-07,43568,Pooja Kapoor,56,Male,East,Bhubaneswar,Books,Textbook,10,781.54,0.38,5556.24,2168.7,78.77,Net Banking,5,False,Delivered,4
910,2021-02-11,43459,Arjun Gupta,71,Female,South,Chennai,Sports,Yoga Mat,2,1368.36,0.21,2751.01,302.67,73.32,Debit Card,5,False,Delivered,3
822,2021-01-12,46373,Ananya Kapoor,17,Female,West,Ahmedabad,Clothing,Kurta,5,3585.04,0.21,12519.02,4000.6,65.28,Net Banking,4,False,Delivered,4
2848,2023-05-26,9047,Ritu Sharma,34,Male,West,Pune,Electronics,Headphones,9,53164.48,0.28,461808.2,47885.66,54.33,Cash On Delivery,2,False,Delivered,10
3082,2023-08-24,93135,Karan Das,33,Male,South,Bangalore,Clothing,Dress,10,3548.29,0.33,32142.13,13918.96,75.2,Net Banking,3,False,Pending,8
2336,2022-10-10,70109,Ananya Bose,52,Female,West,Ahmedabad,Groceries,Tea,8,473.63,0.35,3088.56,221.64,49.07,Net Banking,5,False,Shipped,9
723,2020-11-27,73920,Shreya Joshi,30,Male,West,Pune,Clothing,Dress,2,2740.49,0.21,3954.93,1439.89,70.08,Emi,3,True,Returned,1
3941,2024-08-26,54628,Amit Das,51,Other,South,Kochi,Furniture,Desk,2,17035.15,0.2,43451.64,9088.3,103.64,Debit Card,1,False,Delivered,3
2699,2023-03-15,30292,Aarav Bose,45,Other,North,Amritsar,Sports,Tennis Racket,2,7389.74,0.4,13163.06,2642.15,49.76,Debit Card,4,True,Returned,6
3348,2023-12-19,22988,Rahul Shah,55,Other,Central,Nagpur,Groceries,Rice (5Kg),10,135.28,0.11,1099.56,117.16,52.31,Cash On Delivery,4,False,Cancelled,8
1072,2021-04-29,97294,Priya Kapoor,37,Other,East,Bhubaneswar,Sports,Cricket Bat,1,14885.78,0.36,12389.87,1669.38,87.48,Cash On Delivery,3,False,Cancelled,5
3476,2024-02-17,72336,Priya Nair,43,Male,North,Ludhiana,Books,Textbook,1,649.08,0.07,649.52,331.12,65.5,Upi,4,False,Pending,1
2037,2022-06-17,43812,Kavya Kapoor,18,Female,South,Kochi,Groceries,Tea,10,190.56,0.06,3127.61,256.19,101.94,Emi,3,True,Returned,2
2102,2022-07-14,33411,Karan Bose,48,Male,South,Bangalore,Sports,Yoga Mat,9,3817.71,0.25,41379.36,8384.06,104.35,Upi,5,False,Delivered,9
1099,2021-05-11,12441,Priya Nair,41,Female,South,Chennai,Clothing,Kurta,6,1254.64,0.03,10261.46,3117.09,62.14,Upi,5,False,Shipped,1
296,2020-05-09,10572,Shreya Bose,32,Other,East,Guwahati,Sports,Yoga Mat,10,4628.22,0.21,53982.41,10198.59,81.65,Emi,3,False,Delivered,1
2387,2022-10-30,50482,Aarav Iyer,26,Female,South,Kochi,Sports,Yoga Mat,8,10568.63,0.21,55630.33,14348.89,77.59,Debit Card,4,False,Delivered,1
46,2020-01-18,1705,Priya Iyer,29,Female,West,Pune,Clothing,Dress,1,2597.86,0.22,1513.98,537.05,56.63,Cash On Delivery,4,False,Cancelled,8
3443,2024-02-01,29477,Arjun Iyer,51,Female,South,Bangalore,Sports,Cycle,6,5856.01,0.18,26851.31,8697.76,63.02,Debit Card,3,False,Delivered,2
39,2020-01-15,51057,Aarav Pillai,15,Male,West,Mumbai,Beauty,Perfume,6,1616.14,0.37,4074.48,1744.23,70.31,Net Banking,2,False,Delivered,3
3335,2023-12-13,9205,Aarav Singh,38,Other,South,Hyderabad,Groceries,Rice (5Kg),8,117.19,0.18,525.6,50.27,74.25,Emi,5,False,Delivered,8
1985,2022-05-26,62252,Vikram Mehta,22,Male,Central,Bhopal,Sports,Dumbbells,4,871.51,0.38,3475.68,572.32,44.83,Upi,3,False,Delivered,3
3651,2024-05-05,95089,Amit Verma,40,Female,Central,Nagpur,Beauty,Sunscreen,8,1207.93,0.26,11716.75,4482.22,60.34,Emi,5,False,Delivered,4
855,2021-01-25,20377,Nisha Sharma,33,Other,East,Guwahati,Beauty,Face Cream,9,1589.89,0.08,10590.69,5434.65,87.21,Cash On Delivery,4,False,Delivered,4
2036,2022-06-16,1271,Ritu Gupta,21,Female,South,Chennai,Groceries,Cooking Oil,9,468.64,0.21,5155.01,228.82,46.36,Credit Card,4,False,Delivered,5
2142,2022-07-29,9685,Shreya Gupta,42,Female,North,Chandigarh,Sports,Yoga Mat,3,7955.73,0.22,26168.55,5570.15,48.56,Debit Card,1,False,Delivered,2
33,2020-01-12,74345,Shreya Patel,18,Male,South,Hyderabad,Books,Textbook,2,626.54,0.21,805.43,364.25,56.69,Upi,3,False,Delivered,8
19,2020-01-07,27279,Sunita Iyer,26,Male,Central,Nagpur,Groceries,Sugar,6,435.26,0.24,1450.57,128.4,57.95,Net Banking,5,False,Pending,3
248,2020-04-20,27111,Deepa Reddy,39,Male,West,Pune,Furniture,Bed Frame,9,20578.89,0.1,193354.91,46837.64,76.42,Emi,2,False,Delivered,1
2489,2022-12-16,9533,Nikhil Verma,46,Other,Central,Bhopal,Sports,Football,8,2230.31,0.23,11449.66,2516.27,57.84,Upi,2,False,Pending,5
1253,2021-07-19,22505,Shreya Chatterjee,31,Male,South,Kochi,Groceries,Rice (5Kg),5,443.63,0.36,1854.03,166.1,43.69,Cash On Delivery,2,True,Returned,2
196,2020-03-28,37557,Arjun Chatterjee,45,Other,West,Ahmedabad,Clothing,Kurta,1,1971.81,0.05,1592.69,732.33,57.58,Emi,1,False,Delivered,6
2698,2023-03-15,60455,Meera Kumar,40,Male,North,Ludhiana,Books,Biography,10,1452.95,0.01,18658.74,5761.15,57.81,Net Banking,3,False,Delivered,2
204,2020-03-30,60582,Aditya Sharma,22,Male,Central,Indore,Electronics,Smartwatch,3,9772.16,0.21,30220.53,3821.21,87.89,Credit Card,3,False,Delivered,7
293,2020-05-09,52570,Nikhil Kumar,7,Other,Central,Nagpur,Sports,Yoga Mat,8,2926.82,0.04,27176.51,8084.38,41.11,Emi,1,False,Delivered,1
1346,2021-08-27,63670,Sunita Reddy,53,Male,North,Ludhiana,Furniture,Desk,10,20350.98,0.22,218880.02,43493.86,69.86,Emi,1,False,Delivered,5
913,2021-02-15,25496,Sanjay Pillai,15,Other,West,Ahmedabad,Furniture,Bed Frame,5,17189.6,0.27,55435.55,13684.7,59.73,Credit Card,3,False,Delivered,6
114,2020-02-11,9240,Ananya Das,30,Male,North,Delhi,Books,Textbook,9,334.26,0.33,1656.41,547.21,64.37,Credit Card,3,True,Returned,9
1751,2022-02-16,1506,Sunita Mishra,36,Female,East,Guwahati,Groceries,Flour,10,340.07,0.0,3411.77,221.45,94.4,Upi,1,False,Delivered,10
3697,2024-05-24,35363,Amit Das,43,Other,Central,Nagpur,Books,Textbook,8,734.35,0.3,6592.36,2327.04,53.13,Upi,3,False,Delivered,1
2056,2022-06-25,33480,Pooja Singh,31,Other,West,Surat,Sports,Yoga Mat,1,12201.41,0.38,11448.72,2473.09,54.83,Emi,1,False,Delivered,5
3879,2024-08-09,22795,Nikhil Kumar,18,Male,South,Chennai,Clothing,Jeans,9,892.19,0.29,6933.33,3107.54,67.17,Emi,2,False,Delivered,10
3317,2023-12-05,33429,Sunita Das,34,Female,North,Chandigarh,Furniture,Desk,3,29726.23,0.07,67800.68,22599.39,72.07,Net Banking,3,False,Delivered,10
3514,2024-03-08,77487,Priya Gupta,32,Female,West,Pune,Groceries,Tea,3,248.9,0.0,937.24,91.65,73.94,Credit Card,4,False,Delivered,6
1630,2021-12-27,77556,Arjun Joshi,37,Male,North,Delhi,Groceries,Dal (1Kg),1,461.28,0.06,357.77,41.24,57.7,Cash On Delivery,3,False,Delivered,2
3201,2023-10-16,99262,Sanjay Joshi,19,Male,North,Chandigarh,Clothing,Kurta,7,1104.26,0.13,6551.79,2415.74,58.32,Debit Card,3,False,Delivered,1
3641,2024-05-02,69845,Ananya Nair,25,Female,North,Chandigarh,Beauty,Face Cream,4,867.46,0.22,4462.82,2376.05,52.4,Debit Card,2,False,Delivered,7
5,2020-01-02,66045,Aditya Singh,45,Other,East,Kolkata,Books,Textbook,6,682.59,0.22,2460.25,680.71,76.22,Debit Card,1,True,Returned,3
176,2020-03-18,81366,Vikram Sharma,15,Female,East,Patna,Furniture,Bookshelf,6,14217.54,0.36,54182.97,16528.59,65.56,Emi,5,False,Pending,9
413,2020-07-01,24888,Nisha Mishra,30,Male,East,Guwahati,Beauty,Sunscreen,9,2148.56,0.13,20282.55,9481.52,85.42,Net Banking,5,False,Delivered,6
2231,2022-08-30,6734,Priya Mehta,26,Female,East,Guwahati,Electronics,Camera,7,49602.62,0.08,439375.74,57634.77,76.26,Emi,4,True,Returned,7
1431,2021-10-07,3275,Rohan Mishra,42,Female,West,Ahmedabad,Electronics,Smartwatch,8,32618.21,0.24,175909.3,22171.54,80.63,Credit Card,5,False,Delivered,2
3100,2023-09-01,55749,Rahul Das,38,Other,West,Surat,Groceries,Rice (5Kg),1,166.38,0.11,187.22,18.5,57.01,Debit Card,5,False,Delivered,7
24,2020-01-10,27593,Nikhil Mehta,23,Male,South,Bangalore,Sports,Yoga Mat,9,14375.13,0.19,85772.89,14206.15,58.57,Net Banking,5,False,Delivered,2
3041,2023-08-08,35537,Sunita Nair,24,Male,Central,Raipur,Furniture,Chair,4,33469.07,0.02,211554.01,60337.15,33.54,Emi,3,True,Returned,8
2422,2022-11-12,80806,Deepa Bhat,26,Male,North,Amritsar,Clothing,Dress,6,2781.83,0.34,10384.52,3543.82,47.91,Credit Card,2,False,Delivered,3
2615,2023-02-10,36242,Shreya Iyer,38,Female,North,Chandigarh,Clothing,Jeans,9,924.21,0.25,6848.48,2169.66,33.88,Debit Card,4,False,Delivered,6
4133,2024-12-02,61673,Kavya Joshi,42,Female,Central,Raipur,Sports,Tennis Racket,5,6804.29,0.19,29844.9,8007.3,38.07,Emi,5,False,Delivered,6
2269,2022-09-14,17627,Deepa Kapoor,34,Other,South,Bangalore,Sports,Yoga Mat,3,13367.65,0.27,30351.3,8238.28,76.52,Cash On Delivery,3,False,Delivered,4
27,2020-01-11,34383,Kavya Chatterjee,20,Female,West,Pune,Sports,Football,5,2324.58,0.2,8032.2,1662.26,52.62,Emi,3,False,Cancelled,4
421,2020-07-05,80414,Karan Rao,40,Other,Central,Raipur,Beauty,Face Cream,6,682.35,0.15,4243.13,2395.37,66.53,Cash On Delivery,3,False,Delivered,5
960,2021-03-13,61286,Aarav Singh,11,Male,Central,Nagpur,Electronics,Tablet,4,22676.17,0.17,85348.7,11066.6,67.96,Emi,1,False,Delivered,1
603,2020-09-26,11712,Deepa Nair,44,Male,Central,Raipur,Beauty,Face Cream,9,2256.35,0.31,13508.5,7604.3,80.48,Cash On Delivery,5,True,Returned,2
3058,2023-08-17,75687,Priya Mehta,48,Other,South,Chennai,Clothing,Jacket,4,2277.17,0.19,10944.9,4259.56,68.14,Cash On Delivery,2,True,Returned,3
830,2021-01-15,61741,Sanjay Reddy,47,Female,West,Surat,Sports,Cycle,5,10407.54,0.02,43179.3,9803.14,66.57,Emi,1,True,Returned,6
516,2020-08-16,7356,Aditya Kumar,35,Male,South,Hyderabad,Groceries,Cooking Oil,10,322.15,0.26,2631.92,219.32,72.89,Emi,4,False,Delivered,5
3673,2024-05-15,42403,Shreya Gupta,27,Other,North,Amritsar,Clothing,Saree,1,2208.92,0.2,2768.11,796.01,73.64,Net Banking,5,False,Delivered,1
4052,2024-10-24,70027,Sanjay Verma,58,Other,East,Patna,Books,Biography,5,1349.81,0.08,6739.7,3176.85,79.58,Net Banking,2,False,Cancelled,10
3481,2024-02-22,77456,Priya Mishra,44,Female,Central,Raipur,Groceries,Rice (5Kg),3,74.2,0.24,203.22,12.54,53.05,Emi,2,False,Delivered,10
3266,2023-11-10,94697,Karan Patel,50,Female,West,Pune,Furniture,Chair,6,34185.33,0.21,176966.47,57877.84,63.45,Cash On Delivery,2,False,Delivered,2
1128,2021-05-24,64957,Sanjay Kumar,21,Other,West,Ahmedabad,Books,Fiction Novel,2,810.88,0.39,1381.05,500.04,42.7,Debit Card,5,False,Cancelled,2
2681,2023-03-06,22232,Shreya Verma,43,Male,North,Ludhiana,Beauty,Shampoo,7,142.6,0.04,1268.77,481.8,55.31,Credit Card,2,False,Pending,5
885,2021-02-04,26006,Pooja Nair,34,Male,West,Ahmedabad,Clothing,Saree,9,3473.33,0.26,20518.25,6894.62,54.27,Upi,2,False,Delivered,1
3811,2024-07-14,17506,Ananya Nair,42,Male,East,Kolkata,Sports,Dumbbells,3,2246.75,0.09,10430.01,2923.56,75.87,Net Banking,3,False,Delivered,7
3276,2023-11-16,8733,Pooja Verma,35,Other,South,Kochi,Clothing,T-Shirt,5,2427.77,0.37,6775.69,2397.72,59.3,Emi,3,False,Delivered,2
1577,2021-12-04,22334,Sanjay Kapoor,46,Other,Central,Nagpur,Beauty,Sunscreen,8,2183.25,0.33,9813.33,3029.21,47.17,Upi,2,False,Delivered,5
583,2020-09-17,16103,Sunita Nair,31,Female,West,Ahmedabad,Books,Cook Book,7,477.86,0.36,2149.26,674.69,44.92,Net Banking,3,False,Delivered,3
3374,2023-12-30,19728,Meera Singh,35,Male,Central,Raipur,Clothing,Jeans,6,2039.2,0.25,9153.05,5063.52,61.17,Emi,4,False,Delivered,6
3590,2024-04-10,88984,Aditya Shah,34,Female,West,Mumbai,Beauty,Sunscreen,10,1620.62,0.23,21174.44,5674.7,44.36,Debit Card,1,True,Returned,8
2341,2022-10-11,63955,Arjun Bose,33,Female,East,Guwahati,Books,Self-Help Book,4,417.82,0.02,1766.12,656.08,75.99,Cash On Delivery,2,False,Delivered,3
1090,2021-05-07,81568,Ananya Verma,26,Male,South,Chennai,Beauty,Face Cream,9,1526.75,0.05,20189.33,9972.58,67.44,Upi,3,False,Delivered,8
2009,2022-06-05,2356,Aarav Kapoor,28,Other,East,Kolkata,Furniture,Desk,5,34373.42,0.27,169000.08,50613.06,89.82,Debit Card,1,True,Returned,5
3864,2024-08-05,15933,Aarav Verma,41,Other,East,Bhubaneswar,Electronics,Smartphone,5,64468.92,0.2,374699.96,48329.91,79.41,Net Banking,1,False,Shipped,10
3244,2023-11-02,42835,Meera Rao,38,Male,East,Guwahati,Beauty,Perfume,7,315.92,0.21,1848.67,652.99,76.21,Cash On Delivery,3,False,Delivered,4
698,2020-11-13,94944,Priya Chatterjee,34,Female,Central,Nagpur,Furniture,Bed Frame,5,5883.06,0.15,18273.96,5925.19,69.28,Cash On Delivery,2,False,Shipped,9
3015,2023-07-29,53698,Meera Kapoor,34,Male,East,Bhubaneswar,Sports,Cycle,8,4080.77,0.36,28369.38,7223.68,77.54,Cash On Delivery,2,False,Delivered,10
2569,2023-01-23,55735,Vikram Gupta,21,Male,South,Kochi,Books,Fiction Novel,5,238.01,0.34,658.25,358.98,83.77,Upi,3,False,Delivered,9
3658,2024-05-08,59639,Deepa Chatterjee,33,Male,North,Amritsar,Electronics,Headphones,1,20268.07,0.21,30490.51,5209.56,57.63,Emi,2,False,Delivered,10
455,2020-07-19,20908,Vikram Mehta,37,Female,South,Kochi,Electronics,Smartwatch,10,61673.76,0.15,681333.41,90844.4,76.69,Cash On Delivery,3,False,Delivered,7
3302,2023-11-29,808,Arjun Reddy,31,Female,West,Mumbai,Electronics,Smartwatch,5,5934.23,0.35,18050.43,1851.85,76.64,Upi,3,False,Shipped,2
276,2020-05-02,77008,Meera Bhat,34,Other,Central,Nagpur,Books,Textbook,7,1479.71,0.18,9080.88,3968.87,53.15,Net Banking,4,False,Delivered,2
3325,2023-12-10,66402,Sanjay Nair,11,Female,East,Bhubaneswar,Beauty,Sunscreen,8,1075.9,0.21,8522.19,4754.61,89.59,Credit Card,3,False,Delivered,6
82,2020-02-01,20826,Ananya Bose,38,Female,East,Guwahati,Clothing,Jeans,2,2078.45,0.17,2642.47,1089.57,80.23,Debit Card,5,False,Delivered,4
1677,2022-01-18,23764,Karan Pillai,22,Male,East,Patna,Clothing,Dress,2,2911.58,0.4,2708.74,1155.62,78.02,Cash On Delivery,1,False,Delivered,6
2651,2023-02-21,11133,Nisha Shah,38,Female,Central,Bhopal,Furniture,Desk,9,14262.49,0.23,118898.21,41278.73,79.5,Cash On Delivery,1,True,Returned,10
862,2021-01-29,25585,Shreya Mishra,43,Other,West,Surat,Beauty,Shampoo,1,1381.02,0.28,820.75,385.94,79.14,Cash On Delivery,1,False,Delivered,2
502,2020-08-10,52899,Shreya Kapoor,32,Other,West,Pune,Sports,Football,6,10767.52,0.2,51595.93,13803.27,52.86,Upi,3,False,Shipped,9
3847,2024-07-29,1197,Karan Iyer,21,Other,North,Delhi,Furniture,Wardrobe,6,16429.02,0.27,133325.05,40765.64,32.5,Emi,4,False,Delivered,5
1567,2021-12-01,20735,Aditya Sharma,52,Other,North,Ludhiana,Beauty,Lipstick,7,1393.32,0.21,6778.86,3453.91,40.11,Upi,1,False,Delivered,7
2184,2022-08-13,4059,Nisha Joshi,17,Other,East,Guwahati,Electronics,Laptop,3,73253.06,0.25,209838.58,32607.06,80.92,Credit Card,4,False,Pending,6
3372,2023-12-30,23507,Kavya Bhat,44,Female,Central,Bhopal,Books,Self-Help Book,4,746.29,0.3,1990.92,758.46,47.79,Credit Card,1,False,Delivered,7
2378,2022-10-27,66835,Karan Pillai,50,Male,North,Amritsar,Electronics,Tablet,1,34094.18,0.36,20167.52,2201.52,51.11,Emi,3,False,Delivered,7
3585,2024-04-09,38973,Nikhil Rao,34,Female,North,Ludhiana,Groceries,Rice (5Kg),3,242.04,0.22,845.64,49.63,73.34,Emi,3,False,Pending,6
2183,2022-08-13,73899,Meera Sharma,52,Female,East,Bhubaneswar,Groceries,Sugar,2,245.29,0.28,480.57,45.1,88.28,Net Banking,5,False,Delivered,5
1801,2022-03-08,42354,Pooja Singh,30,Male,South,Chennai,Electronics,Smartphone,6,16805.34,0.37,72535.92,4060.33,71.78,Debit Card,4,False,Delivered,3
1191,2021-06-20,42018,Aarav Iyer,49,Other,Central,Raipur,Books,Textbook,8,1136.87,0.18,9688.33,3919.14,24.54,Cash On Delivery,5,False,Delivered,6
1367,2021-09-08,32462,Shreya Rao,30,Female,Central,Bhopal,Books,Fiction Novel,8,1443.03,0.31,8604.24,3984.16,47.13,Upi,4,True,Returned,10
321,2020-05-21,74301,Deepa Gupta,42,Male,Central,Indore,Electronics,Headphones,2,43853.55,0.03,99867.38,12392.88,71.03,Net Banking,4,False,Delivered,5
3973,2024-09-09,60649,Rohan Verma,59,Male,West,Surat,Books,Biography,3,759.61,0.09,2679.11,696.15,32.82,Debit Card,5,False,Delivered,6
259,2020-04-23,68265,Vikram Rao,37,Female,East,Bhubaneswar,Electronics,Smartphone,3,76008.49,0.07,287543.2,19589.55,67.43,Credit Card,5,False,Shipped,4
1295,2021-08-07,43573,Rohan Das,28,Male,East,Patna,Groceries,Rice (5Kg),1,69.87,0.27,75.65,6.0,69.5,Credit Card,2,False,Cancelled,9
4037,2024-10-17,70226,Shreya Shah,34,Female,North,Ludhiana,Groceries,Rice (5Kg),1,141.61,0.11,141.61,11.5,52.28,Upi,4,False,Delivered,9
3087,2023-08-26,32672,Meera Patel,39,Female,West,Surat,Furniture,Desk,5,21847.95,0.29,103693.59,26491.84,67.66,Upi,2,False,Delivered,9
1162,2021-06-04,45949,Meera Joshi,33,Male,East,Kolkata,Furniture,Chair,4,16298.68,0.03,94253.6,28600.3,95.11,Emi,1,False,Delivered,5
1742,2022-02-13,91415,Aarav Gupta,44,Female,Central,Nagpur,Groceries,Dal (1Kg),9,479.9,0.32,3253.67,232.06,40.19,Credit Card,4,False,Shipped,3
2413,2022-11-09,99486,Nikhil Singh,34,Female,East,Guwahati,Sports,Cricket Bat,5,4583.05,0.3,12705.05,2806.09,59.75,Net Banking,4,False,Delivered,6
933,2021-02-25,94720,Rohan Singh,49,Female,South,Bangalore,Clothing,Kurta,9,2124.88,0.33,10230.52,4454.91,81.17,Debit Card,3,False,Cancelled,6
1933,2022-05-03,20246,Amit Singh,45,Male,Central,Raipur,Beauty,Hair Oil,5,434.1,0.36,2157.36,864.87,41.13,Upi,4,False,Delivered,7
3355,2023-12-22,79039,Nikhil Kumar,35,Male,West,Ahmedabad,Electronics,Tablet,5,28716.0,0.06,118670.05,13016.92,60.44,Net Banking,5,False,Delivered,10
1790,2022-03-04,11770,Nisha Chatterjee,33,Other,Central,Indore,Beauty,Hair Oil,2,2360.33,0.23,4038.37,1837.87,81.05,Emi,3,False,Delivered,3
546,2020-08-29,11171,Kavya Gupta,35,Female,West,Pune,Books,Self-Help Book,8,318.51,0.31,1966.41,790.49,72.37,Debit Card,5,False,Shipped,9
2123,2022-07-23,62186,Sunita Pillai,27,Other,South,Bangalore,Clothing,Kurta,7,1384.84,0.25,11886.58,2574.91,74.62,Net Banking,2,True,Returned,5
2806,2023-05-02,69501,Meera Joshi,29,Other,Central,Indore,Groceries,Tea,5,481.67,0.37,2050.95,141.47,41.15,Emi,3,False,Delivered,8
4085,2024-11-07,20306,Priya Sharma,43,Female,West,Mumbai,Furniture,Bed Frame,2,20043.88,0.36,23212.41,5160.18,25.71,Credit Card,3,False,Delivered,10
1794,2022-03-05,42681,Deepa Joshi,40,Male,West,Pune,Sports,Football,1,1321.99,0.39,995.97,202.59,63.12,Debit Card,4,False,Delivered,7
473,2020-07-28,19554,Arjun Mehta,34,Male,West,Mumbai,Furniture,Chair,1,16334.58,0.09,20183.9,5249.68,61.69,Cash On Delivery,5,False,Cancelled,10
1652,2022-01-07,31119,Arjun Das,33,Other,North,Ludhiana,Electronics,Tablet,5,27023.75,0.03,98800.7,15632.48,68.45,Credit Card,4,False,Delivered,7
310,2020-05-15,1960,Sunita Rao,39,Female,West,Ahmedabad,Electronics,Smartphone,5,30601.06,0.34,118310.73,14746.62,71.09,Cash On Delivery,4,False,Shipped,2
847,2021-01-21,36203,Vikram Mehta,29,Male,Central,Nagpur,Furniture,Chair,7,27103.44,0.07,140013.27,47871.51,45.89,Emi,2,True,Returned,7
1755,2022-02-17,47141,Kavya Rao,24,Male,West,Mumbai,Sports,Yoga Mat,8,4285.05,0.23,24205.27,7134.8,43.11,Cash On Delivery,3,False,Delivered,2
1549,2021-11-26,76040,Meera Chatterjee,19,Male,South,Hyderabad,Beauty,Shampoo,10,2199.23,0.03,17600.22,7462.56,84.56,Emi,4,False,Shipped,10
997,2021-03-29,53232,Vikram Pillai,11,Other,West,Mumbai,Furniture,Sofa,5,24694.95,0.14,21791.52,6733.42,16.03,Upi,2,False,Shipped,10
4029,2024-10-15,20995,Deepa Shah,34,Male,North,Chandigarh,Beauty,Face Cream,2,346.2,0.18,627.35,286.41,60.58,Upi,4,False,Delivered,4
3288,2023-11-21,96629,Karan Gupta,14,Female,South,Chennai,Electronics,Headphones,8,24941.15,0.38,134271.79,19098.95,79.77,Debit Card,4,False,Delivered,4
2314,2022-10-03,99949,Karan Mishra,36,Other,East,Kolkata,Groceries,Cooking Oil,7,490.56,0.36,2209.98,120.11,92.2,Net Banking,3,False,Shipped,2
4092,2024-11-10,89947,Ananya Chatterjee,19,Other,East,Guwahati,Groceries,Tea,5,398.96,0.3,1473.23,123.43,103.58,Cash On Delivery,3,True,Returned,1
308,2020-05-13,7042,Priya Sharma,27,Female,North,Ludhiana,Beauty,Shampoo,4,1944.29,0.17,8759.65,5237.35,87.31,Upi,3,False,Delivered,4
887,2021-02-04,50884,Sanjay Pillai,49,Other,East,Patna,Sports,Yoga Mat,10,12708.22,0.28,91510.11,20206.87,100.24,Emi,2,False,Delivered,3
397,2020-06-20,17107,Ritu Pillai,20,Other,East,Guwahati,Beauty,Face Cream,8,950.66,0.32,7094.52,3770.8,84.8,Debit Card,5,False,Delivered,7
955,2021-03-10,63974,Kavya Gupta,30,Male,East,Kolkata,Sports,Dumbbells,3,14253.13,0.13,45619.3,11131.02,67.22,Emi,1,False,Cancelled,3
875,2021-02-01,89431,Sanjay Bose,43,Female,South,Kochi,Clothing,Jeans,9,2667.5,0.11,20759.02,8438.9,78.87,Cash On Delivery,3,False,Delivered,3
1740,2022-02-12,21895,Sanjay Reddy,56,Male,South,Hyderabad,Clothing,Jeans,2,2432.6,0.26,3968.93,1931.36,84.81,Net Banking,5,False,Delivered,8
169,2020-03-15,14141,Nikhil Das,43,Male,Central,Raipur,Clothing,T-Shirt,2,3471.87,0.15,5928.17,1972.09,48.98,Credit Card,1,False,Shipped,4
626,2020-10-07,10712,Rohan Kapoor,38,Female,North,Chandigarh,Groceries,Dal (1Kg),4,372.01,0.37,823.95,59.95,38.48,Emi,4,False,Pending,8
1142,2021-05-29,59363,Sunita Mehta,12,Female,West,Surat,Electronics,Headphones,10,49305.3,0.37,431186.13,48008.96,69.0,Upi,5,False,Cancelled,7
2077,2022-07-05,6928,Rahul Bhat,29,Other,West,Surat,Clothing,T-Shirt,1,332.88,0.4,306.13,129.76,83.16,Debit Card,2,False,Delivered,6
2987,2023-07-18,78771,Nikhil Gupta,39,Female,West,Surat,Groceries,Sugar,8,455.06,0.01,5619.54,561.84,83.7,Net Banking,3,False,Delivered,10
3554,2024-03-23,2299,Nisha Patel,51,Female,South,Kochi,Sports,Dumbbells,9,560.77,0.19,4861.13,1118.77,78.58,Credit Card,2,False,Delivered,1
3655,2024-05-07,44723,Ritu Singh,42,Male,West,Ahmedabad,Furniture,Sofa,10,15954.1,0.05,267926.31,76735.56,54.78,Debit Card,1,False,Delivered,1
2465,2022-12-05,74998,Kavya Bhat,25,Female,North,Delhi,Clothing,Kurta,1,336.77,0.25,197.49,67.26,67.65,Upi,5,False,Delivered,0
4187,2024-12-25,58320,Pooja Sharma,34,Other,West,Ahmedabad,Furniture,Sofa,8,14656.38,0.05,100424.49,22861.06,54.81,Debit Card,1,False,Delivered,6
94,2020-02-06,12581,Sanjay Gupta,56,Female,West,Ahmedabad,Clothing,Kurta,5,1920.61,0.27,5697.27,2295.66,69.18,Credit Card,5,False,Delivered,10
3410,2024-01-17,69094,Kavya Chatterjee,41,Male,East,Kolkata,Clothing,Jeans,2,3049.88,0.02,5433.3,1313.05,83.88,Emi,4,False,Pending,6
3917,2024-08-20,40587,Shreya Mehta,11,Female,North,Amritsar,Furniture,Chair,9,27363.22,0.29,296392.0,50443.65,53.56,Upi,3,False,Delivered,5
1482,2021-10-27,43427,Pooja Patel,25,Female,South,Bangalore,Beauty,Lipstick,5,2139.28,0.29,6723.8,3518.82,60.66,Debit Card,5,False,Delivered,7
2055,2022-06-24,92237,Arjun Patel,33,Other,South,Chennai,Electronics,Smartwatch,7,54204.8,0.01,574778.48,66152.73,87.36,Emi,1,False,Delivered,8
3552,2024-03-23,47390,Ananya Das,22,Other,West,Ahmedabad,Electronics,Laptop,10,58117.48,0.32,569729.38,56329.27,66.82,Debit Card,1,False,Delivered,3
147,2020-03-01,66395,Arjun Sharma,15,Male,South,Hyderabad,Beauty,Perfume,3,584.36,0.36,1260.05,445.33,92.76,Credit Card,4,False,Shipped,4
3721,2024-06-10,98311,Aarav Mishra,58,Other,East,Patna,Clothing,Kurta,5,1827.87,0.17,14497.49,4727.66,91.8,Credit Card,5,False,Delivered,5
2238,2022-09-02,61636,Karan Singh,55,Female,South,Kochi,Electronics,Smartwatch,4,32640.78,0.24,122369.56,13905.31,46.2,Upi,3,True,Returned,9
193,2020-03-27,20505,Amit Kapoor,21,Other,West,Pune,Furniture,Wardrobe,6,2910.04,0.13,15810.15,5082.48,63.67,Credit Card,5,False,Shipped,4
722,2020-11-26,22239,Kavya Joshi,23,Female,West,Mumbai,Electronics,Smartwatch,8,19009.3,0.0,113780.49,11022.35,57.37,Upi,5,False,Delivered,2
3234,2023-10-30,23301,Sanjay Mishra,40,Male,North,Chandigarh,Groceries,Dal (1Kg),7,230.21,0.35,1210.0,147.47,21.34,Upi,2,False,Pending,4
363,2020-06-04,26055,Ananya Kapoor,49,Female,East,Bhubaneswar,Beauty,Shampoo,7,1638.61,0.04,15243.16,6526.33,72.09,Cash On Delivery,2,False,Shipped,8
3203,2023-10-17,79007,Rahul Chatterjee,47,Other,North,Amritsar,Furniture,Bookshelf,5,30014.4,0.11,131495.05,42093.32,63.465,Credit Card,3,False,Delivered,2
431,2020-07-08,12471,Shreya Bhat,40,Male,East,Kolkata,Clothing,Kurta,5,3727.28,0.39,2837.9,877.47,53.25,Upi,3,False,Delivered,7
442,2020-07-14,98850,Deepa Verma,49,Female,East,Guwahati,Clothing,Jacket,6,831.4,0.21,4736.01,1752.33,85.94,Upi,3,False,Delivered,1
3366,2023-12-29,68537,Rohan Pillai,29,Female,South,Kochi,Clothing,Saree,5,1297.55,0.12,5012.78,1781.1,72.34,Credit Card,3,False,Cancelled,9
1892,2022-04-16,98022,Rahul Reddy,51,Other,West,Surat,Beauty,Shampoo,7,1556.32,0.13,12767.61,6509.98,58.7,Upi,5,False,Delivered,9
1106,2021-05-14,22860,Shreya Patel,33,Other,West,Ahmedabad,Beauty,Shampoo,8,2335.32,0.26,20223.59,8084.22,94.12,Upi,3,True,Returned,2
1362,2021-09-04,75771,Deepa Das,49,Male,East,Kolkata,Sports,Football,2,3995.9,0.28,6264.27,1979.87,89.09,Debit Card,5,False,Delivered,7
1581,2021-12-08,13351,Meera Patel,37,Female,West,Mumbai,Books,Biography,7,762.53,0.39,2355.01,1196.24,65.27,Emi,4,False,Cancelled,5
152,2020-03-03,55982,Meera Bose,33,Male,Central,Nagpur,Sports,Yoga Mat,3,13678.04,0.12,35996.57,7972.68,67.88,Credit Card,4,False,Delivered,8
3040,2023-08-08,92392,Karan Mishra,39,Female,East,Patna,Beauty,Sunscreen,5,781.43,0.3,3859.69,2172.08,63.85,Emi,3,False,Delivered,8
1709,2022-02-01,24292,Kavya Kumar,38,Male,North,Chandigarh,Furniture,Desk,6,33340.2,0.09,161632.18,59885.0,37.52,Credit Card,3,False,Cancelled,7
4130,2024-12-01,33881,Priya Gupta,39,Male,Central,Indore,Beauty,Sunscreen,8,1289.19,0.15,9301.95,4080.67,43.57,Emi,1,False,Cancelled,2
2290,2022-09-20,57859,Arjun Chatterjee,33,Male,South,Bangalore,Furniture,Wardrobe,10,29389.24,0.04,314322.83,104400.15,66.52,Cash On Delivery,1,False,Delivered,6
3083,2023-08-25,78430,Rahul Pillai,51,Male,West,Mumbai,Beauty,Face Cream,4,173.98,0.25,855.12,447.82,73.28,Cash On Delivery,1,False,Delivered,7
1556,2021-11-29,84287,Rohan Gupta,46,Other,West,Ahmedabad,Books,Cook Book,2,756.72,0.33,749.27,238.75,80.16,Upi,2,False,Delivered,2
3820,2024-07-19,780,Sanjay Nair,42,Male,Central,Raipur,Books,Self-Help Book,1,329.58,0.11,558.63,235.62,62.65,Net Banking,1,False,Delivered,10
2483,2022-12-13,37391,Vikram Singh,25,Other,Central,Raipur,Electronics,Camera,3,6718.83,0.21,17014.88,2013.32,59.88,Debit Card,3,False,Delivered,1
360,2020-06-03,65000,Vikram Chatterjee,23,Female,East,Kolkata,Groceries,Rice (5Kg),1,362.29,0.22,379.74,23.08,80.1,Upi,3,False,Delivered,8
2864,2023-05-30,39044,Arjun Kapoor,42,Female,North,Chandigarh,Beauty,Face Cream,5,2006.42,0.04,17279.23,8223.67,34.08,Cash On Delivery,3,False,Delivered,3
2366,2022-10-19,55712,Shreya Bose,39,Other,South,Chennai,Beauty,Hair Oil,7,128.3,0.24,712.63,385.99,51.66,Cash On Delivery,1,False,Cancelled,4
2439,2022-11-24,5236,Meera Rao,15,Female,Central,Raipur,Clothing,Saree,10,1673.29,0.06,12137.21,4599.2,66.5,Credit Card,4,False,Delivered,2
1672,2022-01-17,15767,Pooja Shah,15,Other,East,Kolkata,Clothing,Jacket,1,2361.4,0.32,1313.73,339.86,57.6,Credit Card,3,False,Delivered,3
1368,2021-09-09,2383,Meera Bhat,32,Female,East,Kolkata,Beauty,Sunscreen,10,1927.01,0.23,14983.29,6280.5,52.73,Cash On Delivery,3,False,Delivered,9
4112,2024-11-22,28483,Pooja Gupta,23,Other,Central,Nagpur,Clothing,Jacket,8,3689.55,0.36,22365.27,6339.32,82.16,Debit Card,4,False,Pending,4
2943,2023-06-30,64972,Arjun Das,41,Male,North,Amritsar,Sports,Dumbbells,9,6912.54,0.01,98451.07,24585.48,74.65,Credit Card,5,False,Delivered,6
353,2020-05-31,9451,Arjun Iyer,35,Male,South,Bangalore,Furniture,Desk,4,14963.38,0.04,67902.84,22163.23,68.71,Cash On Delivery,3,False,Delivered,8
520,2020-08-18,37089,Meera Kapoor,49,Other,West,Mumbai,Books,Fiction Novel,1,1155.88,0.37,743.9,208.47,59.74,Debit Card,4,False,Delivered,1
930,2021-02-23,93704,Aarav Gupta,46,Male,South,Bangalore,Electronics,Smartphone,4,69413.05,0.19,236615.76,20189.99,74.25,Emi,2,False,Cancelled,7
3564,2024-03-28,37631,Karan Singh,12,Other,West,Ahmedabad,Clothing,Jacket,6,3699.24,0.33,17538.68,6519.53,44.19,Net Banking,2,False,Delivered,6
1710,2022-02-01,45078,Priya Reddy,36,Male,North,Chandigarh,Electronics,Smartwatch,1,21382.9,0.19,18387.23,1757.16,13.65,Cash On Delivery,5,False,Delivered,6
2303,2022-09-27,73687,Shreya Iyer,35,Male,West,Pune,Furniture,Bed Frame,6,4727.2,0.3,22747.1,6128.52,85.09,Net Banking,5,False,Shipped,9
2596,2023-02-01,81623,Nikhil Mehta,23,Other,Central,Raipur,Books,Fiction Novel,4,246.31,0.32,670.92,214.73,54.41,Upi,3,False,Delivered,9
1373,2021-09-11,56843,Aarav Singh,31,Female,North,Delhi,Electronics,Smartphone,2,20652.77,0.17,36063.91,2449.77,46.55,Credit Card,1,False,Delivered,3
1358,2021-09-04,24273,Ananya Singh,34,Female,South,Kochi,Clothing,Jeans,2,3281.01,0.19,5549.01,1625.36,83.74,Credit Card,2,False,Delivered,9
2472,2022-12-08,85179,Shreya Iyer,40,Male,Central,Indore,Clothing,Kurta,8,3539.5,0.23,17882.7,6353.82,60.26,Net Banking,4,False,Cancelled,9
3876,2024-08-08,87444,Karan Kumar,32,Female,East,Guwahati,Electronics,Laptop,0,60299.29,0.07,91325.87,12487.67,49.76,Upi,1,False,Delivered,4
2435,2022-11-22,20967,Amit Sharma,36,Female,Central,Indore,Sports,Cricket Bat,9,8072.68,0.11,55849.13,10192.2,56.59,Upi,1,False,Delivered,8
2722,2023-03-26,57029,Meera Reddy,28,Male,East,Patna,Groceries,Cooking Oil,10,241.98,0.28,2282.59,137.71,54.31,Credit Card,5,False,Cancelled,4
1260,2021-07-23,55880,Aarav Mishra,32,Male,East,Kolkata,Beauty,Shampoo,3,676.4,0.31,2011.95,671.9,89.11,Emi,3,False,Delivered,7
3688,2024-05-21,87861,Sanjay Mishra,18,Other,East,Patna,Furniture,Sofa,3,27654.89,0.07,139972.33,47884.94,88.4,Upi,3,False,Delivered,7
3284,2023-11-18,26543,Nikhil Mishra,37,Male,South,Bangalore,Beauty,Lipstick,3,1910.31,0.38,3118.32,1686.07,72.57,Cash On Delivery,5,False,Pending,8
2889,2023-06-04,93642,Karan Singh,33,Female,North,Chandigarh,Furniture,Sofa,5,11967.38,0.07,17838.52,3429.62,76.83,Debit Card,1,False,Cancelled,2
2509,2022-12-25,45867,Shreya Rao,25,Male,North,Amritsar,Clothing,Dress,10,1001.16,0.39,4877.97,1751.33,70.65,Credit Card,3,False,Delivered,2
3833,2024-07-24,19407,Shreya Kapoor,39,Other,West,Surat,Sports,Dumbbells,9,7643.25,0.12,102057.62,26038.27,62.54,Debit Card,3,False,Delivered,7
2473,2022-12-08,36383,Sunita Chatterjee,47,Male,East,Guwahati,Clothing,Jacket,8,2955.05,0.21,23271.28,7242.27,69.25,Upi,4,False,Delivered,1
2225,2022-08-28,76092,Amit Iyer,33,Other,West,Surat,Groceries,Tea,6,497.75,0.39,2474.96,216.67,65.8,Cash On Delivery,1,False,Pending,3
1943,2022-05-08,27635,Arjun Chatterjee,36,Female,West,Ahmedabad,Sports,Tennis Racket,4,9134.37,0.29,34788.58,8944.34,65.47,Net Banking,5,False,Delivered,4
2312,2022-10-01,81714,Rohan Kumar,32,Female,East,Patna,Beauty,Shampoo,10,909.09,0.29,6829.99,3214.22,86.69,Cash On Delivery,2,False,Delivered,4
1416,2021-09-30,53700,Aditya Chatterjee,35,Other,North,Ludhiana,Groceries,Tea,4,98.95,0.15,365.47,31.72,78.47,Net Banking,1,True,Returned,4
3584,2024-04-09,44948,Meera Bose,29,Female,West,Mumbai,Books,Self-Help Book,8,807.8,0.01,10104.81,3435.69,55.12,Net Banking,5,True,Returned,10
2320,2022-10-05,1629,Sanjay Patel,20,Male,North,Amritsar,Furniture,Desk,9,14626.63,0.32,81959.99,31885.26,43.74,Net Banking,5,False,Delivered,1
477,2020-07-29,11769,Kavya Rao,29,Female,North,Chandigarh,Groceries,Dal (1Kg),9,171.9,0.03,1613.26,139.65,79.37,Debit Card,3,False,Delivered,9
1470,2021-10-24,64854,Ananya Mehta,15,Male,Central,Indore,Beauty,Lipstick,5,1406.35,0.15,5360.98,3427.48,71.58,Cash On Delivery,3,False,Cancelled,1
2902,2023-06-08,92378,Aarav Patel,37,Other,Central,Nagpur,Sports,Cycle,1,5089.72,0.06,8297.84,2163.06,48.55,Cash On Delivery,3,False,Delivered,6
2493,2022-12-18,53174,Priya Bose,33,Male,East,Patna,Groceries,Dal (1Kg),8,117.88,0.37,478.16,41.29,88.62,Net Banking,1,True,Returned,3
1625,2021-12-26,55070,Nikhil Verma,38,Female,West,Mumbai,Clothing,Saree,9,3852.76,0.08,26003.08,7426.65,50.19,Credit Card,5,False,Delivered,9
641,2020-10-13,42461,Vikram Verma,26,Other,Central,Indore,Sports,Cycle,10,2882.0,0.03,25085.42,5947.27,58.31,Emi,5,False,Delivered,9
1828,2022-03-19,21183,Karan Joshi,50,Male,East,Patna,Furniture,Wardrobe,6,14556.36,0.03,99451.13,38970.92,88.32,Emi,3,False,Delivered,9
1958,2022-05-15,44438,Rahul Mehta,27,Other,West,Surat,Groceries,Flour,7,92.16,0.12,864.08,53.74,65.93,Cash On Delivery,3,False,Delivered,2
380,2020-06-10,14649,Karan Verma,34,Other,Central,Bhopal,Sports,Tennis Racket,3,6440.36,0.07,22706.45,4999.4,42.43,Credit Card,4,False,Delivered,8
184,2020-03-22,684,Ananya Das,27,Other,South,Kochi,Furniture,Wardrobe,2,25170.77,0.27,36389.7,9365.38,87.67,Cash On Delivery,3,False,Delivered,10
4024,2024-10-12,40456,Karan Gupta,50,Female,Central,Indore,Electronics,Headphones,4,40360.7,0.05,182429.15,25030.4,36.28,Debit Card,1,False,Delivered,10
2964,2023-07-07,46382,Aarav Das,39,Male,West,Surat,Sports,Cycle,8,3387.86,0.24,29752.47,7208.56,47.15,Cash On Delivery,5,True,Returned,7
4070,2024-10-30,44343,Rohan Sharma,24,Male,East,Bhubaneswar,Clothing,Jeans,5,1995.56,0.39,1555.54,614.77,64.19,Debit Card,2,False,Delivered,3
899,2021-02-08,12934,Ananya Joshi,20,Other,West,Mumbai,Clothing,Dress,4,781.53,0.03,2842.15,1255.07,61.02,Upi,5,False,Delivered,7
1931,2022-05-03,56329,Amit Shah,36,Other,Central,Indore,Electronics,Laptop,9,58361.52,0.14,656523.77,75288.8,48.7,Cash On Delivery,3,False,Delivered,6
1271,2021-07-28,89833,Shreya Chatterjee,50,Other,Central,Raipur,Books,Biography,9,303.28,0.16,2822.94,1428.88,66.69,Emi,3,False,Cancelled,6
2502,2022-12-22,57769,Kavya Shah,21,Female,North,Amritsar,Electronics,Tablet,5,48591.01,0.14,155853.93,14342.24,67.81,Debit Card,5,False,Delivered,2
2471,2022-12-07,13297,Nikhil Gupta,35,Other,Central,Indore,Groceries,Sugar,1,211.63,0.34,100.19,8.8,38.35,Net Banking,3,False,Delivered,6
278,2020-05-03,14008,Sanjay Reddy,37,Other,East,Guwahati,Beauty,Perfume,4,206.46,0.08,835.93,232.93,62.51,Debit Card,1,False,Delivered,9
1585,2021-12-09,80517,Meera Pillai,25,Female,East,Patna,Sports,Yoga Mat,6,12768.97,0.03,54563.15,14418.02,94.15,Debit Card,5,False,Delivered,2
3822,2024-07-20,66429,Ritu Iyer,20,Female,West,Ahmedabad,Books,Fiction Novel,9,872.17,0.28,9875.31,3131.98,23.1,Cash On Delivery,2,False,Delivered,4
1043,2021-04-18,85718,Amit Rao,44,Female,South,Bangalore,Sports,Dumbbells,1,736.98,0.23,690.69,150.92,65.86,Credit Card,1,True,Returned,7
3219,2023-10-24,75320,Ananya Bose,33,Male,East,Patna,Beauty,Hair Oil,4,1214.7,0.35,3082.23,1134.31,101.88,Emi,4,False,Delivered,4
1774,2022-02-25,82194,Meera Joshi,28,Other,East,Guwahati,Beauty,Hair Oil,2,2223.47,0.28,3216.13,1585.85,71.53,Debit Card,5,False,Delivered,10
137,2020-02-24,764,Karan Bose,40,Male,West,Surat,Clothing,Jeans,7,2365.37,0.23,11584.23,4400.45,58.83,Net Banking,5,False,Delivered,3
2072,2022-07-03,80210,Arjun Pillai,47,Other,East,Bhubaneswar,Groceries,Sugar,9,402.48,0.34,3545.6,235.12,108.84,Credit Card,5,False,Delivered,1
212,2020-04-02,28918,Amit Gupta,27,Female,Central,Nagpur,Groceries,Flour,3,263.48,0.27,622.58,55.39,77.89,Debit Card,2,False,Shipped,3
984,2021-03-24,55320,Amit Bose,36,Female,West,Ahmedabad,Beauty,Hair Oil,8,1335.25,0.12,9435.38,4980.08,64.56,Net Banking,2,False,Cancelled,1
3746,2024-06-20,6683,Ananya Mishra,19,Female,South,Hyderabad,Groceries,Dal (1Kg),9,293.41,0.09,4375.33,353.37,78.57,Emi,5,False,Delivered,8
340,2020-05-27,72613,Kavya Kapoor,34,Other,South,Bangalore,Beauty,Lipstick,9,444.71,0.03,4995.33,3217.96,88.85,Upi,3,False,Delivered,6
3546,2024-03-20,33381,Deepa Kumar,30,Other,East,Guwahati,Electronics,Tablet,6,68505.67,0.28,367164.54,51349.21,111.8,Emi,1,False,Delivered,1
3786,2024-07-04,30148,Vikram Patel,29,Male,West,Ahmedabad,Clothing,T-Shirt,7,3302.83,0.07,35762.76,10582.26,67.27,Debit Card,2,False,Shipped,3
3662,2024-05-11,72198,Ritu Shah,22,Female,West,Ahmedabad,Books,Self-Help Book,1,824.98,0.04,1484.35,718.2,58.06,Emi,5,False,Delivered,3
2558,2023-01-14,46065,Ananya Rao,37,Other,West,Pune,Furniture,Desk,5,9906.71,0.34,6687.73,1816.22,51.63,Emi,3,False,Delivered,8
2482,2022-12-13,15107,Pooja Rao,41,Other,South,Kochi,Sports,Football,5,2414.28,0.09,1901.73,492.59,53.13,Upi,4,False,Delivered,6
3570,2024-03-29,46618,Nisha Sharma,38,Female,Central,Nagpur,Books,Comic Book,9,1349.22,0.35,10275.52,4070.89,35.54,Cash On Delivery,3,False,Delivered,3
3377,2023-12-31,63612,Rohan Iyer,49,Male,South,Hyderabad,Electronics,Camera,9,15045.24,0.38,72139.33,9548.15,70.61,Debit Card,1,False,Delivered,6
4064,2024-10-28,1728,Vikram Nair,38,Female,South,Bangalore,Groceries,Rice (5Kg),10,86.55,0.27,746.03,63.53,71.97,Cash On Delivery,3,False,Delivered,5
2770,2023-04-14,50030,Karan Patel,11,Male,North,Amritsar,Groceries,Cooking Oil,4,201.51,0.18,1001.11,75.38,28.85,Emi,2,False,Cancelled,9
3629,2024-04-28,18225,Ritu Kumar,11,Female,East,Bhubaneswar,Electronics,Tablet,2,73369.4,0.04,252848.3,40757.28,78.31,Emi,5,False,Delivered,3
792,2020-12-27,76017,Rohan Reddy,39,Male,West,Surat,Clothing,Jacket,3,487.67,0.18,822.61,342.21,83.7,Cash On Delivery,3,False,Delivered,7
1760,2022-02-18,10245,Vikram Mehta,45,Other,Central,Bhopal,Beauty,Sunscreen,3,1152.55,0.19,3015.35,955.16,65.06,Cash On Delivery,1,False,Delivered,2
1846,2022-03-27,7057,Karan Joshi,30,Female,Central,Bhopal,Electronics,Headphones,2,58913.07,0.37,86706.37,9273.59,54.91,Cash On Delivery,2,False,Shipped,3
3700,2024-05-26,90578,Amit Reddy,30,Male,East,Patna,Furniture,Sofa,9,10404.8,0.35,103669.31,24976.75,83.45,Credit Card,1,False,Delivered,6
1198,2021-06-24,90801,Vikram Joshi,8,Other,South,Hyderabad,Beauty,Lipstick,8,955.87,0.36,6752.84,2339.64,64.84,Credit Card,2,False,Delivered,8
3617,2024-04-22,82513,Meera Nair,29,Male,North,Ludhiana,Electronics,Headphones,10,74580.77,0.23,804932.74,82687.35,42.09,Debit Card,3,False,Delivered,10
2962,2023-07-07,66452,Rohan Reddy,33,Female,North,Chandigarh,Sports,Yoga Mat,7,8842.83,0.34,62506.61,13120.8,39.72,Credit Card,3,False,Delivered,8
1908,2022-04-23,76107,Rohan Kumar,34,Other,South,Kochi,Sports,Cycle,3,12939.84,0.06,52303.18,13163.15,55.28,Cash On Delivery,1,True,Returned,6
1791,2022-03-04,1822,Priya Reddy,46,Female,West,Ahmedabad,Books,Textbook,9,1062.87,0.06,10261.94,4417.85,54.68,Emi,1,False,Delivered,8
1345,2021-08-27,45352,Rahul Mehta,34,Female,North,Ludhiana,Electronics,Smartphone,3,59808.51,0.34,150513.04,13600.78,53.15,Emi,3,False,Delivered,4
1806,2022-03-10,55100,Rohan Rao,44,Male,West,Pune,Electronics,Laptop,8,33693.65,0.27,241104.48,26410.1,80.85,Emi,4,False,Delivered,4
1817,2022-03-15,33739,Vikram Iyer,33,Other,North,Chandigarh,Books,Textbook,10,1209.42,0.39,9490.36,4575.74,31.85,Credit Card,3,False,Delivered,6
2608,2023-02-06,97191,Rahul Kapoor,27,Male,South,Chennai,Clothing,Saree,7,3168.59,0.27,16375.14,4441.73,88.78,Upi,3,False,Delivered,9
3745,2024-06-20,90657,Nisha Rao,3,Male,East,Kolkata,Books,Self-Help Book,7,1488.69,0.23,14606.35,5456.52,50.25,Cash On Delivery,5,False,Shipped,8
825,2021-01-13,51985,Sunita Rao,27,Female,North,Amritsar,Clothing,Kurta,4,2117.62,0.34,4971.68,1716.37,33.13,Credit Card,5,False,Delivered,7
2399,2022-11-04,55942,Meera Singh,46,Other,South,Kochi,Electronics,Headphones,8,45292.92,0.39,211771.49,23511.04,58.92,Credit Card,4,False,Delivered,6
991,2021-03-28,3567,Shreya Chatterjee,17,Female,North,Amritsar,Clothing,Jacket,4,2764.14,0.15,10170.2,3035.34,56.28,Upi,1,False,Delivered,7
3915,2024-08-19,79020,Priya Verma,35,Female,West,Ahmedabad,Clothing,Jacket,1,2372.34,0.22,2718.27,745.68,55.26,Upi,3,True,Returned,3
818,2021-01-10,7023,Deepa Patel,46,Other,North,Chandigarh,Groceries,Tea,3,437.4,0.24,697.7,69.74,36.51,Cash On Delivery,3,True,Returned,3
937,2021-02-28,46314,Nikhil Gupta,39,Other,West,Ahmedabad,Furniture,Bed Frame,5,20432.76,0.34,61498.27,12694.42,49.26,Upi,4,False,Shipped,7
1069,2021-04-29,92885,Nisha Kapoor,32,Female,South,Chennai,Electronics,Tablet,9,18229.89,0.19,166334.16,22099.86,42.76,Emi,2,True,Returned,2
3613,2024-04-22,46029,Shreya Sharma,24,Other,East,Bhubaneswar,Beauty,Lipstick,10,1772.45,0.25,19172.07,8733.22,67.29,Upi,5,False,Delivered,5
3744,2024-06-19,99332,Priya Shah,31,Male,West,Ahmedabad,Sports,Football,10,2344.7,0.37,24013.4,8412.79,44.13,Debit Card,3,False,Delivered,1
1392,2021-09-20,84604,Ritu Bhat,55,Other,West,Surat,Books,Self-Help Book,4,1424.02,0.18,4662.11,2041.88,54.87,Emi,3,True,Returned,8
1018,2021-04-04,44454,Arjun Mehta,32,Other,Central,Bhopal,Beauty,Face Cream,4,1615.32,0.23,5821.33,2423.94,39.79,Debit Card,3,False,Delivered,8
2461,2022-12-03,40699,Aarav Iyer,39,Female,North,Delhi,Furniture,Wardrobe,10,8976.94,0.1,59488.18,14335.73,53.25,Upi,5,False,Delivered,3
3162,2023-10-01,64139,Aarav Reddy,45,Other,West,Ahmedabad,Clothing,Saree,4,3292.57,0.28,11158.23,3813.16,38.43,Upi,2,True,Returned,2
408,2020-06-25,53614,Aditya Bhat,25,Other,North,Chandigarh,Clothing,Saree,1,338.51,0.27,309.09,73.93,31.18,Upi,4,False,Delivered,9
3774,2024-06-30,67934,Shreya Verma,13,Male,South,Kochi,Electronics,Smartphone,7,65719.06,0.19,568045.49,73500.33,74.03,Cash On Delivery,4,False,Delivered,5
3936,2024-08-26,41339,Nikhil Reddy,34,Other,North,Amritsar,Beauty,Face Cream,10,1495.3,0.02,21442.1,8864.04,49.29,Net Banking,5,False,Delivered,3
332,2020-05-24,41074,Vikram Kumar,15,Female,East,Guwahati,Groceries,Flour,9,156.95,0.25,1244.96,125.48,101.17,Debit Card,3,False,Delivered,7
3979,2024-09-11,11949,Rohan Iyer,31,Female,Central,Bhopal,Books,Biography,10,1101.37,0.36,8920.66,4181.57,53.45,Emi,5,False,Delivered,10
2583,2023-01-28,12302,Ananya Bose,36,Other,East,Bhubaneswar,Clothing,Kurta,2,3753.91,0.2,5209.29,1157.2,78.02,Upi,5,False,Delivered,4
168,2020-03-15,93790,Nisha Singh,33,Female,Central,Indore,Clothing,Jeans,2,344.95,0.01,675.21,315.71,45.42,Upi,3,False,Delivered,3
3195,2023-10-14,34227,Karan Verma,31,Female,South,Hyderabad,Beauty,Sunscreen,10,1369.42,0.21,14115.57,6057.11,77.84,Net Banking,1,False,Cancelled,1
3568,2024-03-29,25934,Ananya Patel,23,Other,North,Chandigarh,Beauty,Hair Oil,1,1431.02,0.25,1421.67,657.95,43.1,Debit Card,2,False,Cancelled,7
3574,2024-04-01,89268,Sanjay Bose,30,Other,North,Ludhiana,Furniture,Wardrobe,6,17399.76,0.22,137113.34,33401.93,68.4,Upi,4,False,Delivered,6
297,2020-05-10,79842,Aditya Sharma,26,Other,West,Mumbai,Sports,Yoga Mat,7,2073.13,0.36,10684.14,1902.76,39.27,Upi,3,True,Returned,2
1214,2021-07-02,35473,Rahul Iyer,26,Male,North,Amritsar,Sports,Cycle,3,9622.05,0.13,36572.47,7201.38,38.22,Credit Card,1,False,Delivered,6
576,2020-09-15,60901,Amit Mishra,38,Male,North,Delhi,Furniture,Bookshelf,10,2950.98,0.23,23921.04,3847.48,63.465,Credit Card,3,False,Delivered,9
320,2020-05-20,42313,Karan Das,34,Other,North,Chandigarh,Furniture,Chair,1,5675.07,0.05,6213.75,1926.22,53.4,Credit Card,1,True,Returned,4
4068,2024-10-29,38940,Aditya Kumar,35,Male,Central,Nagpur,Furniture,Desk,1,15458.12,0.11,13583.09,3718.13,49.57,Emi,2,True,Returned,5
831,2021-01-15,89108,Ananya Kumar,41,Other,North,Ludhiana,Clothing,Dress,3,1065.38,0.01,2521.39,658.85,38.14,Debit Card,2,False,Delivered,3
663,2020-10-28,83467,Shreya Rao,41,Other,West,Pune,Groceries,Dal (1Kg),1,462.13,0.38,250.84,21.71,65.96,Emi,3,True,Returned,10
1197,2021-06-23,79216,Arjun Mehta,25,Female,South,Bangalore,Clothing,Jeans,2,1500.45,0.33,2399.51,625.12,70.56,Emi,1,False,Delivered,9
3301,2023-11-29,23165,Rohan Kumar,35,Female,West,Pune,Furniture,Chair,6,9674.09,0.13,45840.04,10521.95,82.91,Credit Card,5,False,Delivered,4
1301,2021-08-10,3306,Meera Iyer,34,Female,West,Pune,Clothing,Dress,6,851.31,0.03,6109.24,2057.43,55.78,Cash On Delivery,3,False,Delivered,1
2652,2023-02-21,68660,Nisha Kumar,33,Other,North,Chandigarh,Electronics,Headphones,1,23168.24,0.12,22315.35,1911.92,65.2,Credit Card,2,False,Cancelled,2
3334,2023-12-13,68810,Karan Bose,37,Male,North,Ludhiana,Books,Comic Book,2,478.86,0.24,581.38,256.04,27.77,Credit Card,5,True,Returned,2
3776,2024-07-01,73430,Sanjay Nair,33,Female,South,Hyderabad,Electronics,Laptop,7,51364.38,0.29,439744.01,43544.12,63.03,Credit Card,4,True,Returned,5
536,2020-08-24,36425,Nikhil Bose,20,Female,North,Ludhiana,Clothing,Jacket,10,3376.68,0.25,25205.24,7511.03,52.49,Emi,2,False,Delivered,6
2061,2022-06-28,88965,Nisha Nair,28,Male,East,Patna,Sports,Dumbbells,10,6754.43,0.27,62381.81,13614.67,90.67,Upi,2,True,Returned,5
1588,2021-12-10,52878,Karan Das,25,Female,East,Patna,Furniture,Bookshelf,1,22660.17,0.02,14757.73,4052.14,91.15,Cash On Delivery,4,False,Pending,10
333,2020-05-24,88068,Priya Kumar,28,Male,South,Chennai,Groceries,Tea,10,162.52,0.09,1867.23,150.49,86.74,Net Banking,5,False,Delivered,10
2953,2023-07-03,69533,Amit Kumar,31,Other,Central,Raipur,Clothing,Jeans,1,362.3,0.37,319.67,152.66,52.96,Credit Card,4,False,Delivered,3
1264,2021-07-24,96144,Rohan Singh,3,Female,North,Chandigarh,Sports,Cricket Bat,5,4265.04,0.06,24870.66,5110.16,40.03,Net Banking,4,False,Delivered,6
2904,2023-06-08,88828,Pooja Reddy,41,Female,North,Amritsar,Groceries,Sugar,9,193.51,0.35,2061.0,255.36,60.83,Debit Card,5,False,Shipped,3
2919,2023-06-16,99491,Deepa Shah,48,Other,West,Ahmedabad,Beauty,Sunscreen,10,1834.25,0.11,24185.57,12598.93,80.64,Upi,1,False,Delivered,8
1655,2022-01-08,92097,Ritu Das,6,Male,South,Bangalore,Clothing,Jacket,4,2590.7,0.01,8555.42,3097.74,67.93,Net Banking,4,False,Delivered,9
2612,2023-02-08,4336,Vikram Rao,46,Other,East,Kolkata,Furniture,Desk,5,25731.5,0.15,25153.93,6532.8,67.79,Upi,2,False,Delivered,2
938,2021-02-28,93635,Ritu Nair,38,Female,East,Bhubaneswar,Beauty,Hair Oil,3,892.77,0.28,1753.17,830.67,58.34,Net Banking,2,False,Pending,7
3313,2023-12-04,96995,Aarav Sharma,34,Female,South,Kochi,Electronics,Laptop,5,9244.78,0.33,27641.06,3683.19,66.35,Credit Card,3,False,Delivered,7
4097,2024-11-13,91716,Priya Reddy,38,Female,North,Chandigarh,Clothing,Kurta,4,485.84,0.21,1531.45,454.16,69.77,Emi,3,False,Shipped,1
2965,2023-07-07,90321,Karan Bose,23,Female,South,Kochi,Books,Biography,3,224.89,0.21,1128.03,458.02,65.2,Upi,4,False,Cancelled,6
521,2020-08-18,3527,Arjun Rao,16,Male,East,Bhubaneswar,Clothing,Saree,8,3254.74,0.38,17118.02,5544.03,75.02,Credit Card,2,True,Returned,4
2257,2022-09-10,98457,Nikhil Nair,45,Other,North,Ludhiana,Electronics,Tablet,4,37633.82,0.33,125197.09,14972.92,53.12,Upi,4,False,Delivered,2
561,2020-09-06,12729,Amit Kumar,36,Male,East,Guwahati,Books,Comic Book,8,224.05,0.35,1031.47,454.3,63.62,Cash On Delivery,3,False,Delivered,6
4197,2024-12-28,98908,Rohan Sharma,33,Female,West,Mumbai,Groceries,Sugar,1,51.21,0.14,42.95,2.98,49.87,Emi,4,False,Pending,8
2512,2022-12-26,90307,Nisha Mehta,33,Female,North,Delhi,Clothing,Jacket,4,1099.84,0.38,2509.02,890.82,49.1,Debit Card,1,False,Cancelled,8
961,2021-03-13,15494,Aarav Nair,33,Male,East,Bhubaneswar,Groceries,Sugar,1,314.79,0.34,241.87,12.49,85.01,Upi,2,False,Delivered,2
1161,2021-06-04,99492,Deepa Das,22,Male,West,Surat,Groceries,Cooking Oil,4,246.85,0.34,775.23,66.87,76.63,Cash On Delivery,3,True,Returned,3
2518,2022-12-29,8264,Shreya Rao,44,Male,South,Kochi,Books,Fiction Novel,3,893.48,0.25,1609.93,529.43,71.12,Upi,3,False,Delivered,8
1776,2022-02-27,91761,Priya Patel,27,Female,East,Bhubaneswar,Sports,Dumbbells,10,5565.04,0.32,39181.0,7825.8,71.62,Credit Card,4,False,Delivered,3
2954,2023-07-03,48148,Sunita Joshi,37,Other,West,Ahmedabad,Books,Fiction Novel,4,258.16,0.2,1147.42,452.37,71.77,Net Banking,5,True,Returned,7
1442,2021-10-13,7818,Rahul Mehta,49,Female,West,Surat,Books,Cook Book,10,1078.36,0.39,5300.77,2043.67,59.94,Credit Card,1,False,Delivered,2
2480,2022-12-12,142,Arjun Sharma,24,Female,South,Kochi,Groceries,Sugar,5,256.82,0.05,1034.27,102.49,85.67,Upi,5,False,Pending,6
3130,2023-09-14,42331,Deepa Pillai,27,Other,North,Delhi,Groceries,Sugar,2,188.27,0.27,372.56,23.33,48.93,Cash On Delivery,5,False,Delivered,8
1332,2021-08-20,68136,Sunita Verma,26,Female,East,Guwahati,Beauty,Lipstick,9,296.29,0.39,2124.79,1395.29,84.16,Debit Card,4,False,Delivered,10
2126,2022-07-24,82300,Aditya Verma,54,Other,West,Pune,Beauty,Sunscreen,2,1392.89,0.22,3170.9,1551.48,64.72,Upi,3,False,Cancelled,3
17,2020-01-07,24691,Pooja Reddy,40,Female,West,Ahmedabad,Furniture,Desk,5,5040.09,0.17,16406.42,4616.87,51.71,Upi,3,False,Delivered,9
3471,2024-02-15,34890,Sanjay Kapoor,64,Other,South,Kochi,Clothing,Saree,10,649.39,0.08,6250.27,1461.59,89.12,Net Banking,5,False,Delivered,1
1132,2021-05-25,78632,Pooja Kumar,42,Other,Central,Indore,Furniture,Bed Frame,1,28223.81,0.01,41826.38,10977.5,68.34,Net Banking,4,False,Delivered,8
4116,2024-11-26,40250,Karan Joshi,42,Female,Central,Indore,Beauty,Lipstick,4,2248.41,0.29,6511.18,3980.78,20.27,Emi,3,False,Cancelled,1
658,2020-10-22,16403,Ananya Sharma,22,Other,South,Chennai,Groceries,Flour,7,388.2,0.05,2233.08,175.74,74.16,Emi,2,False,Pending,4
1656,2022-01-08,94727,Karan Singh,30,Female,East,Guwahati,Clothing,Dress,5,2059.67,0.04,9298.94,5107.08,80.05,Credit Card,4,False,Delivered,3
3442,2024-02-01,90404,Pooja Das,38,Male,South,Chennai,Furniture,Chair,3,23851.04,0.2,59295.25,20111.35,64.77,Cash On Delivery,5,False,Delivered,4
3180,2023-10-07,65855,Deepa Sharma,28,Other,South,Chennai,Beauty,Hair Oil,8,1575.79,0.24,9914.18,4246.21,73.87,Cash On Delivery,4,False,Delivered,4
393,2020-06-17,84712,Arjun Mishra,27,Female,West,Surat,Clothing,Saree,1,1409.39,0.1,1762.59,761.88,58.09,Upi,3,False,Delivered,3
1696,2022-01-28,42627,Shreya Verma,41,Male,North,Chandigarh,Books,Comic Book,2,921.77,0.34,1063.82,488.6,72.61,Credit Card,4,False,Delivered,1
1296,2021-08-07,28222,Nisha Pillai,27,Female,West,Surat,Electronics,Laptop,3,54652.78,0.01,192332.91,11105.11,56.52,Debit Card,1,False,Delivered,9
844,2021-01-20,33448,Rahul Joshi,48,Other,South,Hyderabad,Clothing,Saree,2,2685.53,0.16,3463.77,1147.86,69.17,Cash On Delivery,2,True,Returned,6
1428,2021-10-06,77645,Ananya Bhat,35,Female,West,Surat,Books,Fiction Novel,10,268.47,0.24,1754.08,598.81,69.44,Credit Card,5,False,Delivered,6
1590,2021-12-10,86639,Sanjay Bose,32,Male,West,Mumbai,Beauty,Face Cream,7,1768.37,0.03,7423.51,3260.02,49.67,Emi,2,True,Returned,2
3472,2024-02-15,99763,Meera Kumar,14,Female,South,Kochi,Beauty,Sunscreen,6,2380.95,0.37,9957.12,3205.02,104.41,Upi,5,False,Cancelled,8
181,2020-03-20,9112,Sanjay Gupta,47,Other,Central,Nagpur,Beauty,Sunscreen,10,1799.76,0.15,15785.6,5681.65,56.65,Credit Card,4,False,Delivered,1
1632,2021-12-28,95874,Aditya Bhat,41,Female,East,Bhubaneswar,Sports,Football,8,6352.95,0.12,31396.56,5551.7,90.42,Net Banking,1,True,Returned,9
1293,2021-08-06,71906,Nikhil Iyer,39,Other,North,Chandigarh,Beauty,Face Cream,2,853.19,0.29,1266.22,518.13,54.57,Net Banking,3,False,Delivered,6
2271,2022-09-14,64969,Amit Gupta,37,Other,East,Kolkata,Electronics,Headphones,7,44012.8,0.02,388387.0,49485.75,89.27,Cash On Delivery,1,False,Delivered,7
3525,2024-03-11,5396,Rahul Mehta,42,Other,South,Hyderabad,Groceries,Flour,2,389.26,0.24,771.78,80.46,71.53,Debit Card,4,False,Delivered,3
3683,2024-05-18,23854,Karan Nair,42,Female,North,Delhi,Sports,Dumbbells,1,9307.03,0.19,13905.79,3331.01,47.05,Emi,2,False,Delivered,1
555,2020-09-03,68739,Deepa Chatterjee,27,Other,West,Surat,Electronics,Camera,5,56264.15,0.28,197944.28,23405.15,58.56,Credit Card,4,False,Delivered,8
3016,2023-07-30,64559,Kavya Joshi,25,Male,South,Hyderabad,Books,Textbook,7,654.28,0.3,4385.24,1478.39,57.8,Emi,3,False,Delivered,6
2284,2022-09-19,37893,Deepa Rao,30,Male,East,Patna,Electronics,Camera,8,32204.55,0.02,332387.04,37369.29,86.45,Upi,3,False,Delivered,6
3157,2023-09-29,79492,Sanjay Bhat,24,Male,North,Ludhiana,Sports,Tennis Racket,1,13020.42,0.2,14018.12,3020.91,61.72,Emi,2,False,Delivered,1
3392,2024-01-06,98375,Nikhil Kapoor,43,Male,East,Patna,Electronics,Smartwatch,10,61190.11,0.19,507797.13,61885.87,74.94,Debit Card,1,True,Returned,1
2810,2023-05-03,60489,Karan Das,27,Other,South,Kochi,Clothing,T-Shirt,2,1416.76,0.08,3388.3,1544.37,52.35,Net Banking,4,False,Delivered,6
993,2021-03-28,44486,Rahul Kapoor,47,Other,West,Surat,Books,Self-Help Book,1,246.87,0.39,147.13,63.7,81.45,Debit Card,1,False,Delivered,6
3359,2023-12-24,32879,Deepa Shah,49,Male,East,Guwahati,Beauty,Face Cream,10,1236.98,0.08,8816.24,3251.41,62.69,Upi,2,False,Cancelled,9
2602,2023-02-04,51085,Deepa Reddy,30,Male,South,Chennai,Sports,Cycle,8,11980.53,0.03,84384.27,25026.93,61.24,Credit Card,2,False,Delivered,3
171,2020-03-15,76866,Rohan Pillai,42,Female,Central,Indore,Sports,Tennis Racket,7,3287.47,0.13,20381.48,5046.53,38.67,Emi,3,False,Delivered,7
687,2020-11-07,92441,Nikhil Kumar,41,Female,North,Delhi,Electronics,Headphones,2,33488.83,0.15,43647.67,5482.23,46.65,Emi,2,False,Delivered,6
2294,2022-09-22,45988,Sanjay Das,33,Male,North,Amritsar,Beauty,Hair Oil,7,437.18,0.02,3874.82,1697.95,54.03,Cash On Delivery,2,False,Delivered,8
2358,2022-10-16,18994,Priya Rao,34,Other,South,Bangalore,Books,Self-Help Book,7,1297.73,0.09,8533.63,3189.67,93.17,Upi,3,False,Delivered,5
3764,2024-06-27,98746,Deepa Bhat,8,Female,South,Hyderabad,Electronics,Smartwatch,7,76987.29,0.37,593268.71,84490.85,41.74,Net Banking,1,False,Delivered,1
3720,2024-06-10,38522,Nikhil Gupta,33,Male,South,Bangalore,Beauty,Shampoo,8,548.42,0.06,7473.19,4783.7,67.67,Debit Card,3,False,Cancelled,4
3005,2023-07-24,48500,Sunita Mehta,30,Other,East,Bhubaneswar,Books,Fiction Novel,7,748.66,0.03,7011.74,2220.64,86.38,Upi,4,False,Delivered,7
3696,2024-05-24,19992,Kavya Reddy,22,Other,North,Amritsar,Furniture,Desk,1,24499.78,0.05,38719.41,9078.79,41.62,Cash On Delivery,3,False,Delivered,8
720,2020-11-25,10417,Ananya Verma,61,Male,North,Delhi,Groceries,Tea,8,463.67,0.39,1629.41,107.01,45.72,Net Banking,3,False,Delivered,10
2517,2022-12-29,41813,Rohan Shah,21,Other,South,Kochi,Books,Biography,4,1305.05,0.07,4009.71,758.37,39.85,Upi,2,False,Pending,6
526,2020-08-20,44854,Aditya Sharma,26,Other,Central,Indore,Books,Cook Book,3,1190.85,0.12,3828.22,1665.32,77.79,Credit Card,3,False,Delivered,3
670,2020-10-30,29205,Nisha Sharma,18,Female,Central,Nagpur,Furniture,Bookshelf,9,33383.42,0.18,235297.53,79526.38,58.3,Upi,2,False,Delivered,3
3328,2023-12-11,92130,Nisha Pillai,19,Other,North,Ludhiana,Clothing,Jacket,2,350.76,0.26,437.15,113.04,72.77,Credit Card,2,False,Cancelled,9
2597,2023-02-03,48131,Arjun Kumar,34,Other,Central,Nagpur,Clothing,Dress,5,3467.44,0.22,15431.87,4362.76,70.28,Credit Card,1,False,Delivered,1
999,2021-03-30,40323,Rohan Rao,39,Male,South,Kochi,Groceries,Sugar,3,105.18,0.02,322.97,31.12,57.45,Net Banking,5,False,Delivered,8
3827,2024-07-22,3364,Arjun Gupta,44,Male,North,Amritsar,Beauty,Shampoo,4,467.13,0.35,2125.39,857.43,18.28,Upi,4,False,Shipped,3
3474,2024-02-17,68381,Deepa Joshi,36,Male,South,Chennai,Sports,Cricket Bat,8,10455.97,0.38,58029.61,11501.7,55.15,Credit Card,2,False,Delivered,10
2421,2022-11-12,94458,Ritu Pillai,42,Male,South,Hyderabad,Electronics,Smartphone,4,76493.84,0.09,272766.46,29631.74,60.2,Cash On Delivery,4,False,Delivered,3
54,2020-01-21,65539,Meera Patel,37,Other,East,Guwahati,Furniture,Chair,5,27804.49,0.3,77191.05,24198.91,77.82,Upi,3,False,Delivered,4
2745,2023-04-03,89552,Sanjay Mishra,51,Male,West,Ahmedabad,Furniture,Wardrobe,7,9306.42,0.37,66850.76,15497.67,63.06,Debit Card,4,True,Returned,4
3803,2024-07-11,18219,Pooja Singh,40,Other,South,Kochi,Electronics,Smartwatch,5,14932.93,0.35,77317.66,5613.46,85.87,Upi,2,False,Delivered,9
1825,2022-03-17,98135,Aarav Mehta,17,Other,South,Bangalore,Groceries,Dal (1Kg),2,57.7,0.13,117.1,5.26,69.54,Cash On Delivery,4,False,Pending,4
3007,2023-07-25,57212,Amit Sharma,51,Male,West,Surat,Sports,Football,5,590.97,0.32,599.05,132.99,70.58,Credit Card,3,False,Delivered,4
2587,2023-01-30,42705,Rahul Das,39,Other,East,Guwahati,Groceries,Sugar,6,253.83,0.19,1077.34,92.56,70.48,Upi,2,False,Shipped,1
3614,2024-04-22,4682,Vikram Patel,38,Female,South,Chennai,Clothing,T-Shirt,3,1489.86,0.2,4679.31,2296.34,74.38,Cash On Delivery,1,False,Cancelled,10
3494,2024-02-27,6002,Nisha Gupta,41,Other,South,Kochi,Books,Fiction Novel,6,1461.81,0.04,9112.71,3389.16,67.03,Debit Card,3,False,Delivered,4
3984,2024-09-12,54260,Ananya Singh,10,Other,East,Patna,Sports,Football,9,2515.48,0.28,22131.2,4682.26,80.27,Emi,5,False,Shipped,1
1832,2022-03-24,40044,Meera Bhat,25,Female,Central,Indore,Sports,Yoga Mat,5,2358.95,0.27,9997.67,1971.24,32.52,Cash On Delivery,3,False,Pending,9
3161,2023-09-30,77629,Shreya Iyer,36,Other,South,Kochi,Groceries,Sugar,2,384.04,0.03,819.11,70.23,67.84,Upi,2,False,Delivered,5
1193,2021-06-20,13957,Aditya Das,28,Female,East,Guwahati,Furniture,Bed Frame,10,8582.4,0.22,82620.44,29287.56,68.43,Emi,4,False,Delivered,8
4108,2024-11-18,2996,Sunita Mehta,42,Male,South,Chennai,Clothing,Jacket,5,3079.53,0.11,2711.38,987.61,68.17,Credit Card,5,False,Cancelled,1
2875,2023-06-01,97371,Sunita Chatterjee,50,Other,South,Bangalore,Books,Textbook,1,430.84,0.37,479.27,212.94,47.32,Upi,2,False,Delivered,7
1889,2022-04-15,95351,Amit Bhat,40,Male,North,Amritsar,Sports,Yoga Mat,5,7694.53,0.2,39253.99,7429.11,45.05,Net Banking,2,True,Returned,2
3814,2024-07-18,84704,Nikhil Kumar,60,Other,South,Kochi,Books,Biography,9,1373.0,0.06,17944.78,4726.75,32.78,Cash On Delivery,5,False,Delivered,8
3899,2024-08-14,68293,Deepa Singh,42,Other,East,Guwahati,Furniture,Desk,8,32976.81,0.11,345009.69,104290.26,89.17,Debit Card,4,True,Returned,2
4063,2024-10-28,86629,Priya Bhat,8,Female,South,Chennai,Furniture,Bed Frame,8,24455.4,0.02,218854.99,70450.23,72.02,Emi,2,False,Delivered,5
2859,2023-05-28,98103,Nisha Reddy,30,Female,Central,Nagpur,Sports,Cycle,7,5477.01,0.23,47648.68,10592.45,58.19,Emi,1,False,Delivered,1
3258,2023-11-06,96311,Ritu Chatterjee,35,Other,North,Chandigarh,Furniture,Desk,2,19200.92,0.3,29270.92,9828.67,57.73,Cash On Delivery,1,False,Delivered,4
3938,2024-08-26,11052,Rahul Gupta,42,Female,Central,Nagpur,Furniture,Wardrobe,4,16102.25,0.05,99545.13,31612.91,51.44,Net Banking,3,False,Delivered,3
1276,2021-07-29,57127,Sunita Joshi,30,Female,East,Bhubaneswar,Books,Fiction Novel,5,1321.61,0.39,6316.69,1989.53,80.34,Upi,2,False,Cancelled,1
739,2020-12-03,79943,Meera Kapoor,49,Male,North,Ludhiana,Clothing,Saree,5,836.99,0.39,1880.14,686.79,30.4,Emi,2,False,Delivered,8
3845,2024-07-29,16479,Priya Verma,21,Male,Central,Raipur,Sports,Football,5,12528.36,0.21,80527.42,9443.81,90.11,Emi,2,False,Delivered,7
992,2021-03-28,50288,Sanjay Kumar,29,Female,Central,Indore,Clothing,Jeans,10,2005.76,0.22,15986.56,5111.22,51.92,Debit Card,3,False,Delivered,10
2051,2022-06-21,76675,Rohan Kapoor,51,Male,South,Chennai,Groceries,Flour,1,341.43,0.34,376.21,32.95,85.56,Credit Card,4,False,Cancelled,7
3996,2024-09-21,21024,Karan Iyer,33,Other,West,Pune,Electronics,Camera,2,79639.72,0.34,134225.29,11600.84,87.92,Net Banking,3,False,Delivered,4
1177,2021-06-10,30988,Nikhil Kumar,18,Male,South,Chennai,Clothing,T-Shirt,1,1289.4,0.33,1062.19,406.18,102.55,Upi,3,False,Delivered,6
48,2020-01-19,66040,Amit Chatterjee,39,Female,West,Surat,Furniture,Wardrobe,2,27360.86,0.37,23527.01,6855.56,58.81,Upi,4,False,Cancelled,4
606,2020-09-26,28576,Rohan Singh,41,Female,South,Bangalore,Books,Cook Book,7,1438.1,0.3,6674.12,3006.9,76.06,Credit Card,3,False,Delivered,3
3939,2024-08-26,3602,Aarav Bose,15,Male,South,Kochi,Furniture,Bookshelf,2,29932.19,0.21,83916.22,32124.06,76.91,Net Banking,2,True,Returned,10
3994,2024-09-20,52703,Nisha Iyer,36,Other,East,Patna,Beauty,Sunscreen,3,1494.83,0.26,3664.34,2210.93,96.38,Net Banking,1,False,Delivered,8
673,2020-10-31,95082,Pooja Pillai,47,Female,South,Kochi,Furniture,Bookshelf,6,14372.23,0.35,39890.37,9362.87,62.14,Cash On Delivery,1,False,Cancelled,1
488,2020-08-03,37691,Vikram Iyer,6,Female,West,Pune,Groceries,Dal (1Kg),5,237.36,0.18,1026.71,69.95,52.18,Emi,3,False,Delivered,9
300,2020-05-10,3819,Aarav Sharma,33,Male,South,Hyderabad,Groceries,Dal (1Kg),10,107.2,0.33,906.06,68.75,76.37,Upi,3,True,Returned,5
2840,2023-05-21,58515,Sunita Chatterjee,56,Female,North,Ludhiana,Beauty,Sunscreen,3,2042.61,0.3,6276.07,1964.0,43.44,Credit Card,4,True,Returned,7
3537,2024-03-16,44168,Sunita Shah,27,Male,North,Ludhiana,Sports,Football,3,7222.19,0.14,26770.77,4462.69,53.66,Upi,4,True,Returned,10
2383,2022-10-28,86276,Aarav Chatterjee,33,Female,North,Chandigarh,Beauty,Sunscreen,5,240.15,0.22,946.09,433.08,72.99,Cash On Delivery,3,False,Delivered,2
1930,2022-05-03,18686,Nisha Nair,31,Male,West,Pune,Electronics,Smartwatch,6,38455.1,0.3,229987.15,31419.38,73.75,Credit Card,3,False,Delivered,10
3183,2023-10-08,13349,Rohan Pillai,32,Other,South,Bangalore,Furniture,Bookshelf,5,12843.58,0.22,54184.88,11377.39,67.77,Debit Card,5,True,Returned,4
2855,2023-05-28,40126,Vikram Bhat,35,Male,South,Hyderabad,Books,Comic Book,7,1017.23,0.04,11341.51,5245.65,86.02,Debit Card,5,False,Delivered,3
3256,2023-11-06,28145,Kavya Nair,56,Other,East,Bhubaneswar,Groceries,Flour,10,220.19,0.34,1171.24,111.88,89.4,Emi,5,False,Delivered,9
107,2020-02-10,65665,Aarav Reddy,42,Male,North,Chandigarh,Books,Fiction Novel,6,1324.58,0.04,5636.59,2151.68,32.81,Net Banking,1,False,Delivered,5
607,2020-09-28,28390,Nikhil Bose,26,Other,North,Delhi,Beauty,Face Cream,8,2212.58,0.27,13305.74,8573.91,56.29,Upi,3,False,Delivered,1
2533,2023-01-04,12043,Vikram Patel,35,Female,West,Mumbai,Beauty,Lipstick,6,2135.86,0.17,10370.78,5319.35,62.28,Upi,2,False,Delivered,8
1222,2021-07-06,75358,Ritu Kapoor,48,Female,West,Pune,Groceries,Flour,5,207.03,0.1,234.91,17.95,59.41,Net Banking,3,False,Delivered,3
3974,2024-09-10,86540,Pooja Singh,38,Female,South,Hyderabad,Clothing,Saree,2,3110.73,0.31,5626.31,2678.85,48.57,Cash On Delivery,2,False,Delivered,3
3165,2023-10-01,41533,Sunita Iyer,40,Male,East,Guwahati,Clothing,Saree,9,2536.02,0.14,21413.39,5628.93,110.12,Net Banking,3,False,Delivered,8
79,2020-01-29,80503,Sunita Bhat,32,Other,Central,Raipur,Books,Biography,10,1068.22,0.28,6120.48,1959.21,71.19,Net Banking,5,False,Delivered,10
32,2020-01-12,11636,Deepa Rao,33,Female,South,Chennai,Clothing,Jacket,5,982.12,0.14,3024.95,1479.25,87.03,Debit Card,1,False,Cancelled,6
2726,2023-03-28,9504,Sunita Kumar,34,Other,West,Mumbai,Groceries,Dal (1Kg),6,66.94,0.24,432.75,44.13,58.7,Cash On Delivery,2,True,Returned,8
3946,2024-08-28,42531,Deepa Das,43,Male,West,Pune,Furniture,Bookshelf,5,10461.44,0.36,47377.21,9996.02,42.47,Debit Card,3,False,Delivered,8
2717,2023-03-23,63078,Arjun Mehta,43,Other,North,Delhi,Furniture,Sofa,10,19976.93,0.21,225188.99,74873.4,56.52,Upi,4,False,Delivered,6
1735,2022-02-09,25514,Nikhil Bhat,49,Male,North,Ludhiana,Electronics,Headphones,6,56561.21,0.28,224338.28,29151.1,44.91,Emi,3,False,Pending,6
390,2020-06-15,27791,Karan Patel,36,Male,West,Ahmedabad,Electronics,Headphones,5,75995.31,0.07,97596.74,12634.7,57.66,Net Banking,2,False,Delivered,6
2136,2022-07-27,11127,Karan Singh,20,Female,East,Kolkata,Furniture,Bed Frame,2,31495.21,0.33,64795.12,24291.07,75.12,Cash On Delivery,2,False,Delivered,2
45,2020-01-18,28149,Amit Nair,35,Male,West,Ahmedabad,Beauty,Sunscreen,4,1072.98,0.33,2172.24,728.67,54.1,Net Banking,2,False,Delivered,8
1988,2022-05-28,56529,Sunita Bose,29,Other,Central,Bhopal,Sports,Yoga Mat,3,1982.04,0.26,6584.46,1776.74,74.51,Net Banking,1,True,Returned,2
1960,2022-05-16,87825,Karan Kumar,35,Female,South,Chennai,Groceries,Tea,4,88.31,0.38,308.15,28.01,51.4,Emi,3,True,Returned,5
2327,2022-10-07,19975,Priya Kumar,23,Other,Central,Raipur,Furniture,Chair,8,14019.33,0.14,89382.21,25883.45,54.76,Cash On Delivery,5,False,Cancelled,4
3030,2023-08-04,86844,Pooja Iyer,28,Male,Central,Indore,Clothing,Saree,9,3487.12,0.33,31127.41,10643.66,62.57,Cash On Delivery,4,False,Delivered,7
3531,2024-03-14,79922,Arjun Joshi,25,Other,Central,Raipur,Beauty,Shampoo,7,140.28,0.09,1117.68,498.94,53.41,Debit Card,1,False,Shipped,3
708,2020-11-19,56942,Deepa Kumar,40,Other,West,Ahmedabad,Books,Biography,2,1299.05,0.27,1164.72,514.4,72.21,Net Banking,4,False,Delivered,10
811,2021-01-07,59025,Ananya Bose,35,Female,West,Pune,Sports,Cricket Bat,9,14339.86,0.04,107237.51,27378.18,59.88,Cash On Delivery,5,False,Delivered,7
2632,2023-02-15,24212,Nikhil Joshi,44,Male,Central,Indore,Books,Biography,5,488.16,0.06,418.25,197.75,62.93,Emi,2,False,Delivered,7
3666,2024-05-13,44030,Aditya Sharma,19,Female,North,Amritsar,Clothing,Dress,1,1396.08,0.02,2286.71,826.31,32.4,Credit Card,2,False,Delivered,4
3215,2023-10-22,12249,Vikram Bhat,21,Male,North,Delhi,Sports,Football,7,3704.66,0.33,18963.56,3880.05,61.03,Emi,3,False,Delivered,10
3132,2023-09-15,70495,Rahul Reddy,40,Other,Central,Bhopal,Books,Self-Help Book,3,662.97,0.22,1602.1,682.08,60.4,Upi,3,False,Delivered,8
2586,2023-01-29,42525,Kavya Patel,25,Female,West,Ahmedabad,Beauty,Shampoo,0,633.38,0.04,637.16,306.98,63.48,Emi,4,False,Delivered,7
4103,2024-11-16,86891,Sanjay Mehta,53,Female,North,Delhi,Sports,Tennis Racket,6,6418.63,0.12,31683.87,6743.34,60.52,Credit Card,3,False,Delivered,5
3116,2023-09-08,84463,Arjun Chatterjee,14,Male,Central,Raipur,Groceries,Sugar,2,120.67,0.21,311.53,18.16,59.48,Cash On Delivery,5,False,Delivered,10
851,2021-01-23,39419,Aditya Nair,48,Female,South,Kochi,Furniture,Bookshelf,1,6917.97,0.23,4191.15,1571.77,96.28,Emi,5,False,Delivered,5
1297,2021-08-08,93424,Aditya Kapoor,33,Male,South,Kochi,Clothing,Dress,9,1576.8,0.31,14192.8,7027.01,63.25,Upi,2,False,Delivered,6
4065,2024-10-28,38659,Aditya Kapoor,45,Female,East,Patna,Electronics,Camera,1,60978.4,0.18,58454.57,4430.27,89.37,Cash On Delivery,3,False,Delivered,6
1732,2022-02-08,51801,Shreya Gupta,18,Male,South,Bangalore,Books,Fiction Novel,999,709.64,0.16,533420.31,141347.64,82.77,Debit Card,2,True,Returned,2
258,2020-04-23,53446,Pooja Patel,25,Male,East,Kolkata,Books,Fiction Novel,8,885.34,0.21,7887.35,4410.62,92.67,Emi,3,False,Delivered,10
3737,2024-06-17,37666,Ananya Shah,39,Other,West,Pune,Beauty,Perfume,1,1139.19,0.02,2138.54,958.64,47.9,Emi,2,False,Delivered,6
3105,2023-09-04,41278,Amit Singh,4,Female,West,Surat,Clothing,T-Shirt,10,3436.98,0.13,36428.87,12821.7,64.09,Net Banking,4,False,Delivered,8
2816,2023-05-08,17433,Aarav Reddy,32,Female,North,Chandigarh,Furniture,Desk,9,16799.04,0.32,158612.18,38942.27,38.06,Net Banking,1,True,Returned,6
1067,2021-04-27,21073,Ananya Gupta,28,Female,Central,Nagpur,Electronics,Headphones,8,55099.88,0.08,534701.88,62826.35,64.28,Upi,5,False,Cancelled,2
1706,2022-01-30,4976,Meera Kumar,49,Male,East,Guwahati,Books,Fiction Novel,7,367.79,0.06,2017.48,811.84,81.31,Cash On Delivery,3,False,Shipped,8
2419,2022-11-11,71186,Ananya Chatterjee,30,Male,Central,Nagpur,Sports,Cycle,2,9107.15,0.1,14915.74,3305.13,61.84,Cash On Delivery,1,False,Delivered,1
1646,2022-01-04,16475,Nisha Reddy,37,Male,Central,Nagpur,Beauty,Face Cream,8,2293.23,0.01,15979.96,7902.58,42.27,Emi,3,False,Delivered,2
2927,2023-06-20,53444,Nisha Mehta,38,Female,West,Mumbai,Sports,Tennis Racket,10,12849.18,0.17,162026.24,55613.66,50.59,Upi,1,True,Returned,6
703,2020-11-15,23905,Vikram Joshi,27,Female,West,Ahmedabad,Beauty,Face Cream,8,577.09,0.31,1937.2,752.28,44.38,Emi,3,False,Delivered,3
719,2020-11-24,77326,Deepa Sharma,41,Female,North,Delhi,Furniture,Wardrobe,5,13802.21,0.01,49453.99,11156.02,53.42,Net Banking,4,False,Delivered,2
2689,2023-03-13,30478,Shreya Kapoor,39,Female,West,Ahmedabad,Sports,Dumbbells,5,7209.98,0.1,44585.53,6266.72,101.5,Net Banking,3,False,Delivered,8
3636,2024-04-30,94587,Vikram Singh,5,Male,South,Chennai,Electronics,Laptop,8,29438.87,0.27,265801.33,17629.48,66.34,Emi,2,False,Delivered,10
4174,2024-12-19,60428,Deepa Pillai,17,Other,South,Kochi,Furniture,Bed Frame,5,22094.81,0.05,95653.07,32975.78,89.18,Net Banking,3,False,Delivered,3
3142,2023-09-20,26022,Rahul Bose,27,Other,Central,Raipur,Electronics,Smartwatch,5,21332.99,0.06,21555.19,2209.49,64.82,Net Banking,4,False,Delivered,5
3076,2023-08-21,49954,Shreya Iyer,37,Other,West,Ahmedabad,Sports,Yoga Mat,8,11625.18,0.01,129797.26,30345.04,35.4,Cash On Delivery,1,True,Returned,10
2882,2023-06-03,50309,Deepa Joshi,32,Male,Central,Indore,Beauty,Lipstick,6,458.32,0.39,2879.46,1655.48,66.8,Upi,5,False,Delivered,4
4023,2024-10-11,25803,Pooja Patel,30,Other,South,Chennai,Electronics,Headphones,9,59350.94,0.39,398128.01,49023.97,67.32,Credit Card,2,False,Pending,3
3957,2024-09-03,42062,Pooja Joshi,33,Other,Central,Bhopal,Groceries,Flour,3,428.57,0.38,1124.8,97.77,52.97,Emi,4,False,Cancelled,6
3482,2024-02-22,84959,Pooja Verma,24,Other,Central,Nagpur,Clothing,Saree,8,1195.52,0.21,11174.44,4209.57,36.91,Upi,3,False,Delivered,9
972,2021-03-20,58228,Arjun Das,34,Male,East,Patna,Beauty,Lipstick,3,1728.65,0.09,5386.67,2960.24,87.0,Debit Card,3,False,Delivered,1
3460,2024-02-09,25321,Rahul Pillai,32,Other,Central,Indore,Clothing,Kurta,7,1122.22,0.17,7195.72,2557.08,47.28,Cash On Delivery,5,False,Delivered,8
2189,2022-08-14,72195,Rahul Shah,39,Male,East,Guwahati,Beauty,Lipstick,6,553.63,0.36,2469.37,684.81,53.3,Debit Card,5,False,Shipped,4
231,2020-04-11,27455,Ritu Bose,29,Female,East,Kolkata,Books,Self-Help Book,3,859.03,0.07,3048.93,1479.26,81.27,Upi,4,False,Delivered,7
3591,2024-04-10,8962,Vikram Pillai,48,Other,North,Ludhiana,Groceries,Cooking Oil,4,266.5,0.2,1241.25,67.67,73.91,Net Banking,4,True,Returned,8
954,2021-03-10,75813,Aditya Singh,21,Male,South,Chennai,Furniture,Chair,5,10002.31,0.4,30147.32,7265.89,45.96,Cash On Delivery,1,False,Pending,6
2240,2022-09-04,70797,Sunita Bhat,20,Female,North,Delhi,Furniture,Sofa,3,18846.39,0.36,38600.0,11313.95,56.75,Cash On Delivery,5,False,Delivered,4
3889,2024-08-10,81355,Rahul Singh,25,Male,West,Pune,Clothing,Kurta,3,2244.17,0.28,8279.04,2388.36,62.4,Credit Card,2,False,Delivered,3
1543,2021-11-22,69055,Amit Pillai,37,Female,Central,Indore,Clothing,T-Shirt,2,2623.58,0.37,2762.31,713.47,62.67,Credit Card,1,True,Returned,3
1216,2021-07-03,87398,Rahul Rao,24,Other,North,Ludhiana,Books,Textbook,7,902.94,0.07,8693.53,4021.37,58.45,Debit Card,4,False,Delivered,4
2143,2022-07-30,46675,Pooja Rao,12,Male,Central,Bhopal,Electronics,Headphones,10,30900.53,0.18,388463.02,37366.2,64.67,Emi,1,True,Returned,6
1621,2021-12-26,91294,Karan Kumar,32,Female,South,Bangalore,Books,Self-Help Book,8,1023.77,0.35,4221.36,1605.93,33.93,Credit Card,2,False,Cancelled,4
4182,2024-12-24,64358,Deepa Chatterjee,38,Other,North,Ludhiana,Groceries,Flour,9,65.35,0.0,550.67,52.12,35.68,Net Banking,5,False,Delivered,6
437,2020-07-10,55232,Rahul Nair,4,Male,South,Hyderabad,Beauty,Shampoo,5,1799.48,0.27,7877.59,3429.6,68.34,Upi,3,False,Delivered,2
1604,2021-12-16,18532,Deepa Kumar,33,Other,South,Kochi,Clothing,Jacket,6,2208.63,0.22,8220.71,2656.63,50.49,Credit Card,3,False,Delivered,1
821,2021-01-11,7868,Aarav Pillai,34,Other,North,Chandigarh,Groceries,Flour,4,249.86,0.17,572.04,50.92,67.97,Credit Card,5,False,Delivered,3
3794,2024-07-07,94259,Ritu Patel,45,Other,East,Patna,Beauty,Sunscreen,5,1542.35,0.39,8050.97,2791.48,68.0,Upi,3,False,Delivered,6
282,2020-05-05,51993,Ritu Kapoor,53,Other,East,Bhubaneswar,Beauty,Hair Oil,3,842.68,0.35,2239.49,716.54,89.81,Upi,4,False,Delivered,10
1982,2022-05-26,60037,Shreya Singh,45,Other,South,Chennai,Books,Cook Book,2,567.24,0.14,1366.97,547.22,86.26,Net Banking,4,False,Delivered,3
1249,2021-07-17,24069,Vikram Chatterjee,58,Female,North,Ludhiana,Sports,Dumbbells,10,4548.04,0.13,54271.82,14354.18,56.47,Upi,2,False,Delivered,10
1494,2021-11-02,49312,Shreya Das,34,Other,North,Amritsar,Sports,Cycle,6,4549.08,0.16,21213.25,2811.21,61.26,Cash On Delivery,2,False,Shipped,9
3255,2023-11-06,68003,Pooja Nair,38,Other,North,Amritsar,Electronics,Smartphone,7,45852.67,0.17,273026.12,30112.39,26.23,Emi,3,False,Delivered,6
3287,2023-11-19,45543,Arjun Gupta,5,Male,North,Amritsar,Groceries,Dal (1Kg),1,430.64,0.35,270.6,25.24,54.23,Credit Card,2,False,Delivered,4
1027,2021-04-10,39229,Rohan Iyer,39,Male,South,Hyderabad,Books,Fiction Novel,7,790.89,0.23,5121.1,2369.15,74.08,Debit Card,3,False,Cancelled,2
2372,2022-10-22,49286,Shreya Chatterjee,34,Female,Central,Bhopal,Sports,Yoga Mat,6,9589.48,0.15,48651.38,11292.58,25.65,Emi,3,True,Returned,2
1210,2021-06-30,18457,Rohan Das,35,Female,Central,Raipur,Furniture,Wardrobe,3,21424.67,0.06,89031.36,26411.55,50.15,Debit Card,4,False,Delivered,100
3956,2024-09-03,78830,Ritu Singh,36,Female,West,Ahmedabad,Furniture,Sofa,10,3353.32,0.24,34535.76,8625.62,64.38,Credit Card,4,False,Delivered,1
1136,2021-05-27,75145,Nisha Das,29,Female,West,Mumbai,Beauty,Sunscreen,4,801.79,0.15,3581.26,1505.99,60.89,Debit Card,5,False,Delivered,5
3515,2024-03-08,85880,Aditya Chatterjee,38,Female,Central,Nagpur,Beauty,Lipstick,9,1996.05,0.21,24431.83,12158.15,78.33,Debit Card,4,False,Delivered,9
302,2020-05-11,45098,Ritu Singh,34,Female,Central,Nagpur,Electronics,Smartphone,3,7852.34,0.26,16893.75,1987.72,55.88,Emi,3,False,Delivered,3
3127,2023-09-11,95818,Meera Nair,37,Other,South,Hyderabad,Electronics,Tablet,2,73717.77,0.14,145540.46,16844.1,84.06,Credit Card,4,False,Delivered,7
3245,2023-11-02,51623,Deepa Mehta,57,Male,West,Ahmedabad,Books,Textbook,8,784.92,0.2,4517.75,1812.28,66.51,Net Banking,2,False,Shipped,5
2263,2022-09-11,80227,Karan Joshi,37,Male,North,Amritsar,Groceries,Dal (1Kg),3,466.4,0.19,1143.9,83.86,52.43,Emi,5,False,Delivered,10
852,2021-01-23,80007,Arjun Mishra,25,Other,West,Ahmedabad,Clothing,Dress,2,1329.5,0.28,1346.05,364.15,72.34,Cash On Delivery,4,False,Pending,9
2724,2023-03-27,36410,Deepa Rao,37,Male,South,Kochi,Electronics,Laptop,2,35502.95,0.33,63960.07,8566.02,90.85,Credit Card,3,False,Delivered,9
4027,2024-10-14,22444,Meera Iyer,41,Female,North,Chandigarh,Clothing,Kurta,5,720.42,0.21,3357.38,988.15,51.08,Upi,1,True,Returned,8
81,2020-01-29,60867,Deepa Sharma,34,Male,Central,Indore,Electronics,Laptop,9,61637.72,0.29,298694.87,29985.13,20.79,Emi,4,False,Cancelled,5
884,2021-02-03,13555,Aarav Kapoor,54,Other,North,Delhi,Furniture,Bed Frame,6,32916.71,0.08,176331.64,48719.54,48.18,Debit Card,5,False,Delivered,3
1962,2022-05-16,39536,Sunita Rao,53,Female,North,Ludhiana,Books,Cook Book,6,308.33,0.17,2120.28,875.63,48.94,Credit Card,4,False,Delivered,5
3308,2023-12-01,41593,Sanjay Bose,24,Other,Central,Raipur,Furniture,Chair,10,23621.89,0.03,192313.69,56375.97,73.91,Upi,2,False,Delivered,2
3542,2024-03-19,99848,Nisha Chatterjee,15,Other,North,Delhi,Books,Fiction Novel,1,886.23,0.09,1242.55,479.18,71.07,Credit Card,2,False,Delivered,2
980,2021-03-22,55402,Arjun Patel,43,Female,East,Guwahati,Sports,Yoga Mat,4,9423.81,0.4,23341.98,3961.16,92.67,Emi,5,False,Delivered,1
2627,2023-02-14,23490,Meera Reddy,29,Male,North,Delhi,Sports,Dumbbells,5,11924.73,0.29,39073.02,7762.52,63.8,Upi,2,False,Delivered,9
2553,2023-01-12,10304,Pooja Reddy,53,Female,North,Amritsar,Groceries,Tea,1,114.17,0.1,90.79,8.1,44.85,Emi,4,False,Delivered,9
216,2020-04-04,86362,Rahul Bose,44,Male,West,Surat,Clothing,Jacket,1,1784.28,0.07,2034.49,543.72,26.17,Debit Card,3,False,Delivered,10
3247,2023-11-04,92610,Rahul Chatterjee,36,Other,North,Delhi,Beauty,Perfume,7,2068.81,0.28,7932.49,3524.81,40.22,Credit Card,2,False,Shipped,5
839,2021-01-19,85913,Pooja Pillai,31,Male,South,Chennai,Furniture,Bookshelf,6,2676.31,0.08,10381.04,3229.7,70.15,Net Banking,1,False,Shipped,10
3063,2023-08-17,46790,Nikhil Rao,14,Female,East,Kolkata,Furniture,Bookshelf,2,12069.0,0.33,20925.93,6044.5,67.0,Debit Card,5,False,Pending,6
3985,2024-09-14,56825,Nisha Das,41,Other,South,Hyderabad,Electronics,Camera,1,39155.85,0.34,30626.0,4110.35,83.36,Credit Card,4,True,Returned,9
1915,2022-04-27,50959,Rahul Kapoor,35,Male,North,Chandigarh,Sports,Dumbbells,8,13974.28,0.21,125535.27,26988.18,63.87,Upi,4,False,Pending,3
2706,2023-03-17,55586,Karan Singh,25,Other,East,Kolkata,Clothing,T-Shirt,3,3828.11,0.2,10968.02,3716.33,90.35,Cash On Delivery,4,False,Delivered,7
1687,2022-01-22,88552,Vikram Singh,48,Male,West,Mumbai,Beauty,Face Cream,9,2217.86,0.24,11510.54,6314.77,50.57,Net Banking,3,False,Delivered,3
1530,2021-11-18,71272,Shreya Verma,10,Female,Central,Indore,Books,Biography,10,585.04,0.23,3609.86,1772.37,44.39,Credit Card,2,False,Delivered,10
635,2020-10-11,99442,Priya Singh,15,Male,Central,Raipur,Beauty,Lipstick,5,453.47,0.26,1615.85,704.58,30.43,Net Banking,1,False,Delivered,6
3013,2023-07-28,43350,Karan Bose,47,Male,North,Delhi,Books,Fiction Novel,1,657.4,0.21,1050.25,432.13,66.82,Upi,5,False,Delivered,8
3561,2024-03-27,9606,Karan Kapoor,26,Female,West,Pune,Sports,Tennis Racket,1,13730.08,0.33,11658.53,2595.3,49.66,Upi,2,True,Returned,5
3475,2024-02-17,36492,Arjun Chatterjee,51,Other,Central,Nagpur,Electronics,Camera,3,18251.7,0.04,57280.67,7183.26,47.7,Emi,3,False,Delivered,10
3639,2024-04-30,46406,Ananya Das,44,Male,West,Mumbai,Beauty,Shampoo,1,1276.89,0.14,1679.21,753.07,91.51,Upi,2,False,Delivered,1
4067,2024-10-29,49069,Ritu Iyer,43,Female,North,Amritsar,Clothing,Jacket,2,899.53,0.23,1788.88,523.65,68.44,Cash On Delivery,5,False,Shipped,10
1539,2021-11-20,68441,Aditya Shah,52,Male,South,Hyderabad,Books,Comic Book,2,1067.13,0.35,1180.61,481.98,91.57,Debit Card,2,False,Delivered,10
1254,2021-07-19,21375,Aditya Joshi,38,Female,East,Guwahati,Electronics,Camera,10,14508.42,0.2,157988.2,19642.09,83.47,Cash On Delivery,1,False,Delivered,8
426,2020-07-08,45896,Shreya Chatterjee,29,Male,Central,Bhopal,Beauty,Sunscreen,9,267.99,0.08,2666.59,1181.37,39.67,Net Banking,1,False,Cancelled,4
3000,2023-07-23,14868,Shreya Joshi,32,Other,South,Chennai,Sports,Cycle,7,12914.01,0.22,122070.77,24152.84,53.5,Emi,4,False,Delivered,7
4007,2024-09-27,26263,Arjun Singh,34,Male,South,Hyderabad,Books,Self-Help Book,4,1464.19,0.04,7046.17,3076.89,76.93,Emi,4,False,Delivered,8
230,2020-04-10,62810,Meera Kumar,31,Female,North,Delhi,Sports,Football,6,13425.83,0.09,83316.58,14180.23,54.3,Net Banking,5,False,Delivered,8
2318,2022-10-04,67509,Vikram Pillai,32,Male,South,Hyderabad,Furniture,Bed Frame,3,18611.53,0.04,52590.42,13887.81,99.49,Debit Card,3,False,Delivered,4
4055,2024-10-25,17101,Nikhil Bhat,30,Female,South,Kochi,Electronics,Smartwatch,9,7482.02,0.01,79475.61,9278.45,68.05,Debit Card,3,True,Returned,10
3090,2023-08-28,80368,Sunita Das,63,Male,Central,Indore,Sports,Dumbbells,8,12368.25,0.22,109073.66,19645.66,21.52,Cash On Delivery,3,False,Delivered,1
2152,2022-08-02,59332,Nikhil Chatterjee,33,Female,East,Patna,Beauty,Hair Oil,8,1706.51,0.21,20065.84,6411.9,85.58,Cash On Delivery,3,False,Delivered,2
1327,2021-08-18,26929,Rohan Kapoor,25,Female,East,Guwahati,Books,Textbook,6,729.34,0.04,5901.9,2786.64,104.25,Net Banking,5,False,Delivered,3
1206,2021-06-29,64199,Rahul Chatterjee,34,Female,North,Chandigarh,Sports,Dumbbells,7,10917.25,0.27,71889.86,15066.86,40.78,Cash On Delivery,3,False,Delivered,6
3569,2024-03-29,54474,Nisha Das,38,Male,South,Kochi,Electronics,Camera,3,12872.17,0.07,43511.94,5535.12,64.47,Debit Card,2,True,Returned,1
877,2021-02-01,26337,Aarav Bhat,32,Male,West,Mumbai,Groceries,Dal (1Kg),1,50.26,0.13,39.45,1.56,76.23,Debit Card,1,False,Delivered,7
475,2020-07-28,88974,Arjun Reddy,48,Other,East,Patna,Clothing,Saree,6,3799.36,0.28,19572.07,5911.72,88.51,Net Banking,3,False,Shipped,5
1480,2021-10-26,85847,Ananya Das,47,Male,North,Ludhiana,Clothing,Jacket,7,1774.08,0.21,8124.61,3210.86,46.79,Net Banking,1,False,Delivered,3
1053,2021-04-21,27057,Arjun Pillai,58,Other,West,Mumbai,Furniture,Wardrobe,3,10104.68,0.39,21793.75,6667.44,61.07,Net Banking,5,True,Returned,10
570,2020-09-10,24704,Kavya Iyer,47,Other,South,Chennai,Sports,Cricket Bat,1,13770.41,0.07,14059.26,2621.88,56.12,Upi,1,False,Cancelled,7
106,2020-02-10,55820,Deepa Reddy,24,Other,West,Pune,Books,Comic Book,1,747.6,0.35,467.87,188.11,49.6,Debit Card,1,False,Delivered,9
2202,2022-08-17,31801,Karan Joshi,25,Male,East,Patna,Groceries,Dal (1Kg),5,51.58,0.3,237.06,24.71,82.67,Credit Card,2,True,Returned,6
3436,2024-01-29,95683,Nikhil Kapoor,42,Other,North,Amritsar,Electronics,Laptop,1,74101.95,0.38,43145.98,5536.43,47.69,Emi,3,False,Pending,7
254,2020-04-22,17284,Nikhil Bhat,44,Other,West,Surat,Groceries,Rice (5Kg),4,270.71,0.07,1316.63,117.56,77.76,Net Banking,2,False,Shipped,3
1972,2022-05-21,38989,Shreya Pillai,47,Female,West,Pune,Groceries,Rice (5Kg),2,209.57,0.4,406.36,24.52,47.01,Emi,3,False,Delivered,8
1423,2021-10-03,36676,Aditya Kapoor,35,Male,North,Ludhiana,Groceries,Dal (1Kg),6,204.17,0.32,703.05,59.99,27.12,Debit Card,4,False,Delivered,1
1287,2021-08-03,98013,Shreya Bose,52,Male,Central,Indore,Beauty,Lipstick,2,725.19,0.38,1066.16,607.3,27.53,Upi,2,False,Shipped,10
2196,2022-08-15,89124,Ananya Sharma,18,Other,North,Amritsar,Beauty,Sunscreen,1,1639.28,0.06,1994.57,1129.16,33.72,Credit Card,5,False,Delivered,7
3462,2024-02-09,54484,Sanjay Joshi,24,Other,Central,Bhopal,Furniture,Chair,8,6926.63,0.2,48142.68,9087.93,44.2,Net Banking,5,False,Delivered,6
3148,2023-09-27,35235,Meera Shah,39,Female,West,Surat,Sports,Cricket Bat,5,5613.08,0.01,6520.08,1789.36,81.58,Upi,2,False,Cancelled,3
1764,2022-02-19,85243,Meera Mehta,34,Male,North,Delhi,Groceries,Tea,10,459.8,0.32,3495.22,314.0,45.01,Upi,1,False,Delivered,6
2436,2022-11-22,21059,Sanjay Gupta,31,Other,South,Bangalore,Groceries,Flour,9,51.92,0.31,278.98,26.11,58.05,Debit Card,2,False,Delivered,8
1313,2021-08-13,70748,Ananya Kumar,46,Male,Central,Bhopal,Electronics,Laptop,10,25085.8,0.25,207921.9,24463.52,67.24,Upi,3,False,Pending,4
3681,2024-05-17,54460,Karan Mishra,35,Other,South,Bangalore,Clothing,Jacket,2,2532.85,0.05,6919.55,2112.78,67.93,Upi,5,False,Delivered,2
3671,2024-05-14,25446,Meera Joshi,40,Other,North,Amritsar,Beauty,Perfume,9,1744.29,0.18,21619.82,8141.08,64.2,Debit Card,5,False,Cancelled,4
2673,2023-03-02,85212,Ananya Bhat,36,Female,South,Kochi,Furniture,Chair,7,4557.27,0.2,31187.49,9092.43,65.62,Upi,3,False,Delivered,10
2564,2023-01-16,30884,Priya Singh,34,Other,East,Patna,Clothing,Dress,1,3320.34,0.13,2592.3,1110.93,91.86,Credit Card,4,False,Delivered,6
2405,2022-11-05,698,Nikhil Joshi,46,Female,Central,Raipur,Beauty,Face Cream,10,1470.73,0.21,9648.06,5328.61,34.42,Upi,5,False,Delivered,8
391,2020-06-15,29649,Rahul Kapoor,42,Female,Central,Bhopal,Sports,Yoga Mat,3,13341.26,0.15,48831.45,11505.37,59.51,Net Banking,5,False,Delivered,1
2449,2022-11-28,58842,Aarav Iyer,16,Male,West,Ahmedabad,Electronics,Smartwatch,4,78431.71,0.06,265701.03,29588.2,70.58,Upi,1,False,Shipped,10
3813,2024-07-17,58830,Rahul Reddy,18,Other,South,Hyderabad,Sports,Tennis Racket,5,2795.92,0.32,2822.44,697.8,71.72,Cash On Delivery,2,False,Delivered,7
3835,2024-07-25,19222,Nikhil Reddy,59,Other,Central,Indore,Beauty,Sunscreen,4,575.06,0.02,3788.19,1608.33,74.42,Debit Card,2,False,Cancelled,7
7,2020-01-02,36722,Pooja Nair,40,Male,West,Mumbai,Clothing,Saree,8,3870.61,0.06,21825.83,9142.0,72.61,Net Banking,1,True,Returned,2
2298,2022-09-24,36266,Ritu Verma,31,Other,East,Guwahati,Sports,Yoga Mat,10,4545.91,0.01,55303.33,13195.84,71.77,Emi,3,False,Delivered,9
3553,2024-03-23,14583,Arjun Joshi,38,Female,West,Mumbai,Electronics,Tablet,2,50847.56,0.29,99290.01,11766.04,62.35,Debit Card,5,False,Delivered,3
661,2020-10-27,14505,Vikram Chatterjee,15,Male,West,Surat,Beauty,Shampoo,3,1818.6,0.34,2901.08,1203.53,54.2,Net Banking,5,False,Delivered,8
3950,2024-08-31,58511,Ananya Pillai,59,Female,Central,Indore,Furniture,Wardrobe,10,4875.22,0.39,49256.25,15655.19,54.49,Upi,1,False,Delivered,10
2353,2022-10-13,90384,Arjun Verma,36,Female,Central,Nagpur,Furniture,Wardrobe,2,24650.72,0.23,33579.52,8642.75,35.1,Debit Card,5,False,Delivered,2
185,2020-03-23,40829,Nikhil Bhat,37,Female,Central,Nagpur,Sports,Football,8,7246.65,0.34,43301.82,7525.66,68.12,Net Banking,2,True,Returned,1
2549,2023-01-12,27551,Deepa Chatterjee,48,Female,South,Bangalore,Sports,Cycle,4,13669.75,0.17,43819.54,8792.51,72.71,Net Banking,3,True,Returned,10
2351,2022-10-13,84589,Ritu Joshi,55,Other,Central,Bhopal,Electronics,Tablet,10,13324.53,0.06,123315.72,14023.48,55.67,Upi,5,False,Delivered,4
1202,2021-06-26,40333,Sunita Verma,39,Female,East,Patna,Electronics,Smartwatch,9,72194.4,0.15,787787.19,113907.22,83.94,Credit Card,3,False,Delivered,5
3380,2024-01-02,31806,Sanjay Bose,35,Other,East,Kolkata,Electronics,Smartphone,2,12932.65,0.1,23560.5,2257.37,92.17,Emi,3,True,Returned,2
274,2020-05-01,60735,Aditya Reddy,35,Male,West,Surat,Clothing,Kurta,4,729.42,0.07,3601.48,1162.92,76.61,Emi,4,False,Delivered,3
1689,2022-01-23,51141,Kavya Verma,28,Female,West,Mumbai,Furniture,Wardrobe,4,9575.92,0.13,30650.77,8465.15,71.9,Upi,1,False,Delivered,5
1424,2021-10-03,12417,Sanjay Kumar,54,Other,Central,Bhopal,Clothing,Dress,2,3491.48,0.16,4903.58,1061.09,82.05,Debit Card,2,False,Delivered,9
2753,2023-04-06,30170,Vikram Iyer,47,Other,North,Chandigarh,Furniture,Bookshelf,7,10705.21,0.35,75316.07,14354.3,39.52,Upi,3,False,Delivered,6
2165,2022-08-06,76665,Meera Kumar,41,Other,South,Kochi,Clothing,T-Shirt,3,3296.83,0.21,11607.78,3249.52,63.52,Cash On Delivery,3,False,Pending,8
1284,2021-08-01,80616,Nisha Gupta,50,Other,South,Hyderabad,Sports,Cricket Bat,9,10928.77,0.26,93398.29,13807.62,73.25,Emi,3,False,Delivered,2
2416,2022-11-09,19301,Sanjay Shah,35,Male,East,Patna,Sports,Tennis Racket,1,11954.34,0.15,9288.4,2396.12,82.67,Net Banking,5,False,Delivered,6
1768,2022-02-22,56693,Amit Bhat,50,Male,Central,Indore,Clothing,T-Shirt,7,3304.59,0.12,18587.24,8409.65,54.71,Debit Card,2,False,Delivered,9
2936,2023-06-28,18941,Ananya Mishra,30,Female,South,Chennai,Groceries,Cooking Oil,9,452.13,0.25,4808.83,248.08,97.53,Debit Card,1,True,Returned,9
3817,2024-07-19,73190,Ananya Rao,55,Male,West,Mumbai,Electronics,Tablet,3,56831.24,0.19,238477.33,35537.62,65.07,Net Banking,1,False,Delivered,6
828,2021-01-14,36600,Karan Iyer,16,Male,South,Kochi,Groceries,Sugar,6,322.95,0.32,1085.35,97.61,72.44,Credit Card,2,False,Delivered,6
2169,2022-08-09,26086,Aarav Verma,45,Male,West,Ahmedabad,Clothing,Jeans,3,3376.07,0.07,13544.47,5495.51,69.6,Emi,5,False,Delivered,3
2309,2022-09-30,6929,Priya Verma,24,Other,Central,Raipur,Furniture,Desk,3,34037.07,0.1,115980.74,26885.75,49.16,Upi,2,False,Delivered,8
1056,2021-04-22,25647,Meera Pillai,30,Other,North,Delhi,Books,Textbook,6,1073.03,0.26,5286.85,1947.67,45.82,Credit Card,3,True,Returned,3
981,2021-03-22,13256,Pooja Kumar,30,Male,Central,Indore,Sports,Cricket Bat,1,12561.13,0.13,10989.14,2498.78,68.19,Debit Card,3,False,Delivered,7
3778,2024-07-02,84717,Amit Reddy,25,Other,South,Hyderabad,Furniture,Sofa,4,28275.08,0.24,147352.35,53042.72,97.32,Cash On Delivery,2,False,Delivered,2
4186,2024-12-25,56795,Meera Das,26,Other,North,Amritsar,Sports,Tennis Racket,1,5533.14,0.17,4162.69,628.33,62.44,Emi,4,False,Cancelled,6
2967,2023-07-08,52334,Nisha Patel,33,Male,South,Hyderabad,Electronics,Camera,2,56614.17,0.28,144440.74,23219.18,57.08,Credit Card,1,False,Cancelled,10
2790,2023-04-22,65266,Arjun Mishra,54,Female,West,Mumbai,Clothing,T-Shirt,8,567.17,0.08,6261.36,1397.16,86.75,Upi,4,False,Shipped,9
721,2020-11-25,21865,Deepa Patel,38,Female,Central,Indore,Clothing,T-Shirt,3,388.2,0.11,726.0,291.01,45.27,Upi,4,False,Delivered,10
469,2020-07-26,18174,Meera Reddy,36,Male,North,Amritsar,Groceries,Sugar,7,118.71,0.24,795.47,48.6,62.14,Upi,5,False,Delivered,1
1859,2022-04-01,93119,Nisha Joshi,46,Female,West,Ahmedabad,Groceries,Cooking Oil,4,330.31,0.23,1343.96,143.62,54.53,Upi,2,False,Delivered,9
2093,2022-07-09,94639,Arjun Singh,33,Male,Central,Raipur,Groceries,Sugar,8,369.94,0.26,3428.74,224.86,71.66,Emi,2,False,Delivered,5
1778,2022-02-28,75473,Nisha Kapoor,41,Other,East,Patna,Books,Textbook,8,1067.22,0.26,5458.98,2138.94,104.44,Debit Card,4,False,Cancelled,4
3046,2023-08-10,98613,Sanjay Mehta,23,Male,East,Guwahati,Furniture,Desk,7,15156.04,0.15,114775.93,33669.82,85.32,Debit Card,5,False,Delivered,5
127,2020-02-18,88548,Shreya Mishra,30,Other,East,Guwahati,Beauty,Hair Oil,3,1886.27,0.33,3436.09,1565.04,95.79,Net Banking,2,False,Delivered,3
3705,2024-05-28,12809,Ritu Reddy,17,Male,North,Delhi,Beauty,Perfume,6,1898.74,0.34,10406.29,5251.12,29.46,Credit Card,3,False,Delivered,10
1987,2022-05-28,54169,Meera Pillai,23,Male,West,Mumbai,Electronics,Headphones,6,5871.14,0.18,43719.56,4755.5,68.01,Debit Card,2,False,Delivered,5
652,2020-10-19,29202,Rohan Chatterjee,41,Male,North,Delhi,Clothing,Kurta,8,1138.09,0.36,5187.76,1423.15,52.7,Net Banking,4,False,Delivered,9
235,2020-04-12,75902,Kavya Das,1,Female,South,Hyderabad,Furniture,Sofa,9,5556.57,0.21,63448.11,17305.03,66.44,Credit Card,4,False,Delivered,10
1405,2021-09-25,15111,Sunita Patel,43,Other,Central,Bhopal,Clothing,Dress,10,3186.14,0.28,22148.24,6072.78,50.45,Upi,1,False,Cancelled,9
3407,2024-01-16,97699,Nisha Shah,40,Female,West,Ahmedabad,Groceries,Cooking Oil,7,173.44,0.05,1132.82,55.67,58.19,Emi,3,False,Delivered,9
3850,2024-07-29,65624,Arjun Das,38,Female,East,Patna,Sports,Yoga Mat,3,6269.53,0.24,23681.14,4768.11,85.33,Net Banking,4,False,Delivered,9
199,2020-03-29,55694,Aarav Bhat,39,Female,North,Chandigarh,Sports,Dumbbells,2,2591.38,0.13,4195.59,758.43,65.22,Debit Card,3,False,Delivered,6
3865,2024-08-05,15771,Ananya Sharma,30,Male,North,Amritsar,Clothing,Jacket,8,621.6,0.38,4928.83,1949.33,65.22,Debit Card,5,False,Delivered,3
2095,2022-07-10,53657,Meera Nair,0,Other,West,Surat,Electronics,Smartphone,1,48337.97,0.32,44955.59,5471.73,70.75,Cash On Delivery,3,False,Cancelled,2
1643,2022-01-01,47779,Vikram Iyer,16,Other,East,Guwahati,Clothing,Jacket,2,2623.07,0.38,3223.71,1450.69,53.01,Emi,2,False,Delivered,5
3810,2024-07-14,8609,Arjun Rao,23,Female,West,Mumbai,Electronics,Smartphone,10,57591.46,0.13,797146.87,88464.11,76.68,Emi,2,True,Returned,6
775,2020-12-18,5760,Deepa Verma,34,Other,North,Chandigarh,Books,Textbook,3,446.15,0.33,591.1,239.69,53.12,Debit Card,3,False,Shipped,3
1098,2021-05-11,73609,Nisha Das,38,Other,Central,Bhopal,Electronics,Tablet,3,54861.77,0.25,147965.94,19461.73,30.94,Cash On Delivery,5,False,Cancelled,2
2186,2022-08-14,37457,Pooja Singh,35,Other,Central,Raipur,Beauty,Sunscreen,1,2306.84,0.07,3142.24,1403.38,57.67,Credit Card,5,False,Delivered,10
2455,2022-11-30,78730,Ananya Shah,30,Male,North,Delhi,Beauty,Perfume,9,489.2,0.11,3465.11,1799.02,53.71,Emi,5,False,Delivered,1
1364,2021-09-05,64778,Nisha Bose,26,Female,North,Delhi,Groceries,Dal (1Kg),1,110.62,0.3,75.53,6.99,52.75,Emi,3,True,Returned,9
694,2020-11-10,85469,Pooja Bose,40,Other,Central,Bhopal,Sports,Dumbbells,3,1501.94,0.1,3166.64,579.92,43.07,Net Banking,4,False,Delivered,5
3055,2023-08-14,44516,Ananya Iyer,30,Male,East,Guwahati,Groceries,Rice (5Kg),1,228.52,0.09,307.76,24.8,61.3,Cash On Delivery,1,False,Delivered,6
43,2020-01-17,34094,Ananya Pillai,34,Other,East,Guwahati,Furniture,Chair,9,20878.86,0.0,146912.47,46428.4,74.6,Credit Card,2,False,Cancelled,4
3051,2023-08-12,77025,Pooja Chatterjee,18,Female,West,Mumbai,Sports,Football,9,10111.78,0.32,83964.06,20724.63,28.35,Credit Card,4,True,Returned,1
1095,2021-05-08,71557,Nikhil Sharma,17,Other,Central,Bhopal,Beauty,Hair Oil,1,860.28,0.25,905.35,407.45,84.23,Debit Card,2,False,Delivered,9
1448,2021-10-17,1241,Ritu Singh,21,Male,South,Hyderabad,Electronics,Smartwatch,7,71550.38,0.26,327610.97,28214.57,95.86,Debit Card,3,False,Shipped,8
3120,2023-09-09,93065,Rohan Bhat,42,Female,Central,Bhopal,Books,Textbook,8,919.94,0.39,5037.13,2359.89,74.61,Credit Card,3,False,Shipped,9
249,2020-04-20,9291,Arjun Mehta,46,Female,West,Mumbai,Books,Biography,6,877.7,0.34,3376.89,1107.53,53.93,Credit Card,4,False,Cancelled,1
709,2020-11-19,65141,Pooja Patel,9,Female,North,Amritsar,Clothing,Kurta,7,1944.27,0.09,8367.72,3099.18,41.07,Emi,4,True,Returned,9
1180,2021-06-14,50029,Aditya Nair,47,Male,East,Kolkata,Sports,Yoga Mat,10,11322.84,0.32,101284.81,16342.96,65.25,Net Banking,5,False,Delivered,8
3451,2024-02-05,41962,Meera Verma,25,Other,West,Ahmedabad,Electronics,Headphones,6,29123.87,0.27,151990.83,18816.93,65.28,Credit Card,1,True,Returned,3
2127,2022-07-24,94881,Aditya Das,24,Female,South,Bangalore,Books,Self-Help Book,5,1265.36,0.03,8924.63,3374.31,72.97,Cash On Delivery,2,False,Delivered,5
1450,2021-10-18,4445,Rahul Shah,55,Other,North,Amritsar,Beauty,Shampoo,8,2387.85,0.03,16986.77,9892.56,51.89,Cash On Delivery,4,False,Cancelled,1
3628,2024-04-26,29710,Aarav Mehta,30,Male,North,Chandigarh,Furniture,Desk,7,3546.07,0.36,24765.72,7503.38,51.04,Debit Card,4,False,Delivered,9
2448,2022-11-28,48568,Priya Chatterjee,37,Other,South,Hyderabad,Books,Biography,1,1315.36,0.14,962.09,365.81,67.33,Cash On Delivery,4,True,Returned,2
224,2020-04-07,28783,Rahul Rao,25,Female,West,Ahmedabad,Groceries,Cooking Oil,2,62.44,0.3,90.55,8.37,56.9,Credit Card,5,True,Returned,7
3193,2023-10-14,32406,Deepa Singh,34,Other,West,Pune,Beauty,Perfume,7,2256.81,0.2,13177.14,8944.51,59.68,Upi,4,False,Delivered,10
690,2020-11-08,28753,Priya Verma,34,Other,West,Ahmedabad,Sports,Cycle,4,12892.31,0.01,32649.55,7568.86,62.34,Upi,3,False,Delivered,3
665,2020-10-28,66018,Aditya Joshi,29,Female,North,Amritsar,Groceries,Cooking Oil,8,421.35,0.33,1863.59,143.5,62.73,Upi,1,True,Returned,7
3860,2024-08-04,32006,Priya Bose,16,Male,North,Chandigarh,Groceries,Dal (1Kg),5,390.62,0.13,2661.75,149.41,72.2,Upi,5,False,Delivered,5
1877,2022-04-07,48958,Ritu Sharma,39,Male,South,Bangalore,Books,Fiction Novel,1,801.96,0.04,1115.18,461.7,65.93,Cash On Delivery,5,False,Delivered,2
3189,2023-10-11,5334,Shreya Joshi,31,Male,North,Ludhiana,Books,Biography,9,991.57,0.36,6481.41,2354.05,85.05,Debit Card,1,False,Delivered,4
1437,2021-10-09,7360,Meera Kapoor,34,Other,West,Pune,Books,Biography,10,1010.53,0.01,9699.87,4504.03,38.09,Credit Card,3,False,Pending,1
3003,2023-07-24,8739,Meera Kapoor,34,Other,South,Chennai,Electronics,Headphones,10,76450.07,0.02,1182709.24,198109.98,72.05,Net Banking,2,False,Delivered,3
3345,2023-12-18,37057,Kavya Kapoor,53,Female,North,Amritsar,Electronics,Headphones,1,23254.63,0.01,20122.42,2165.17,35.38,Debit Card,5,False,Delivered,7
4129,2024-11-30,74208,Kavya Bose,12,Male,North,Delhi,Electronics,Laptop,2,20309.39,0.15,30407.42,3438.98,38.43,Debit Card,2,False,Delivered,4
3173,2023-10-04,89046,Shreya Mishra,44,Female,West,Pune,Sports,Football,4,12573.57,0.38,32140.85,8492.72,47.0,Credit Card,3,False,Delivered,4
429,2020-07-08,64265,Ritu Iyer,43,Other,North,Chandigarh,Beauty,Hair Oil,10,353.1,0.21,3859.71,2002.38,60.45,Debit Card,2,False,Delivered,8
3332,2023-12-12,93234,Aditya Patel,20,Female,Central,Bhopal,Electronics,Laptop,9,19431.42,0.21,144718.36,17340.49,58.66,Upi,2,False,Shipped,9
2074,2022-07-04,45847,Ananya Bose,53,Other,East,Guwahati,Groceries,Cooking Oil,1,365.27,0.16,496.1,27.14,70.65,Net Banking,4,False,Cancelled,2
2787,2023-04-21,78026,Amit Nair,31,Female,Central,Raipur,Electronics,Tablet,3,57936.22,0.01,270335.19,40002.8,70.99,Net Banking,1,True,Returned,6
2623,2023-02-12,26102,Vikram Rao,24,Female,West,Surat,Groceries,Rice (5Kg),9,278.27,0.36,1742.13,147.02,66.79,Upi,4,True,Returned,3
1963,2022-05-16,48981,Rahul Bhat,34,Female,West,Ahmedabad,Clothing,Saree,6,3595.66,0.08,28857.83,14157.85,33.61,Net Banking,3,False,Delivered,5
2140,2022-07-28,21643,Shreya Mehta,26,Female,North,Amritsar,Books,Fiction Novel,6,868.63,0.18,5798.0,3070.0,44.25,Net Banking,4,False,Shipped,7
1017,2021-04-04,14507,Meera Mishra,39,Female,East,Patna,Books,Self-Help Book,2,742.65,0.39,1191.31,548.78,71.69,Upi,4,False,Delivered,7
1728,2022-02-08,8152,Arjun Pillai,14,Female,East,Kolkata,Beauty,Sunscreen,5,2361.07,0.36,6532.57,2671.52,102.42,Credit Card,4,False,Delivered,1
2277,2022-09-16,41635,Priya Pillai,22,Female,North,Amritsar,Electronics,Laptop,4,63972.59,0.28,208355.63,16914.36,37.35,Upi,1,False,Cancelled,7
3550,2024-03-22,71158,Ananya Bose,10,Other,North,Amritsar,Books,Textbook,4,306.02,0.39,1006.23,419.1,74.93,Debit Card,3,False,Delivered,9
2675,2023-03-02,2795,Karan Mehta,36,Other,South,Bangalore,Groceries,Cooking Oil,9,57.61,0.29,449.35,35.51,88.76,Emi,1,False,Delivered,4
1124,2021-05-23,87218,Vikram Patel,34,Other,Central,Indore,Furniture,Desk,1,21498.18,0.38,20079.84,4432.74,52.5,Debit Card,1,False,Cancelled,1
2920,2023-06-16,13418,Aarav Pillai,26,Other,South,Kochi,Books,Self-Help Book,6,254.61,0.35,1558.67,563.7,74.55,Upi,4,False,Cancelled,7
3057,2023-08-16,99865,Nikhil Reddy,23,Other,East,Patna,Electronics,Laptop,10,67990.05,0.1,962865.37,103582.22,91.72,Upi,3,False,Delivered,8
598,2020-09-24,89742,Vikram Sharma,29,Female,East,Guwahati,Books,Biography,4,1449.53,0.39,3044.42,1101.47,58.44,Upi,3,False,Delivered,7
1726,2022-02-07,66954,Kavya Singh,28,Female,East,Kolkata,Furniture,Bed Frame,3,22715.24,0.26,47070.16,14935.41,83.56,Upi,4,False,Delivered,8
3498,2024-02-29,3536,Karan Das,55,Male,West,Pune,Beauty,Face Cream,1,356.08,0.16,293.48,113.23,49.34,Upi,3,False,Delivered,8
588,2020-09-19,24071,Pooja Joshi,40,Male,West,Ahmedabad,Beauty,Shampoo,3,2164.72,0.31,3914.75,2019.53,42.56,Cash On Delivery,1,False,Shipped,7
667,2020-10-29,93755,Amit Nair,47,Female,South,Kochi,Beauty,Shampoo,8,155.44,0.23,882.09,419.32,56.84,Debit Card,4,False,Delivered,7
18,2020-01-07,36404,Pooja Iyer,13,Other,West,Pune,Electronics,Laptop,9,77654.78,0.22,381614.84,51058.62,52.7,Credit Card,2,False,Cancelled,10
2708,2023-03-20,34073,Amit Sharma,27,Male,South,Chennai,Books,Textbook,3,435.38,0.27,1015.42,374.01,46.53,Net Banking,1,False,Delivered,10
1956,2022-05-15,35857,Nisha Patel,48,Other,East,Kolkata,Beauty,Face Cream,2,722.06,0.2,2091.67,471.88,87.98,Net Banking,5,False,Shipped,3
2113,2022-07-19,19165,Aditya Kapoor,28,Female,South,Hyderabad,Groceries,Cooking Oil,3,187.48,0.13,717.47,70.37,77.82,Emi,1,False,Delivered,10
1255,2021-07-19,86441,Kavya Patel,36,Male,North,Amritsar,Electronics,Smartphone,1,60275.27,0.06,74194.61,8194.66,64.8,Net Banking,4,False,Pending,1
3575,2024-04-02,61605,Kavya Reddy,46,Female,East,Guwahati,Sports,Yoga Mat,7,13076.37,0.06,136693.89,34072.35,89.88,Credit Card,5,False,Delivered,8
3837,2024-07-26,54910,Rahul Bhat,29,Female,East,Patna,Sports,Tennis Racket,1,14799.57,0.31,18615.04,2577.83,93.94,Net Banking,1,False,Cancelled,4
2205,2022-08-19,91054,Shreya Chatterjee,14,Other,North,Ludhiana,Beauty,Face Cream,4,894.71,0.06,4573.8,2107.23,40.06,Debit Card,1,True,Returned,3
1498,2021-11-03,49593,Arjun Kapoor,29,Male,North,Delhi,Beauty,Hair Oil,1,1351.86,0.02,984.4,308.39,59.52,Credit Card,4,False,Delivered,8
1344,2021-08-27,50875,Aditya Sharma,24,Male,West,Surat,Sports,Tennis Racket,3,13785.98,0.06,45600.79,9994.78,77.7,Cash On Delivery,5,False,Delivered,8
1770,2022-02-23,16064,Ananya Pillai,53,Other,West,Surat,Furniture,Bookshelf,2,26063.7,0.01,55430.07,15320.6,52.28,Cash On Delivery,3,False,Delivered,2
2414,2022-11-09,28757,Meera Kapoor,43,Other,Central,Bhopal,Books,Textbook,6,1444.95,0.19,6041.34,2352.2,58.8,Upi,3,False,Delivered,4
646,2020-10-15,29116,Shreya Gupta,30,Male,East,Guwahati,Sports,Football,7,14669.86,0.03,88163.95,19639.12,61.0,Emi,5,False,Delivered,2
457,2020-07-20,62741,Meera Pillai,39,Male,West,Pune,Books,Comic Book,6,214.61,0.1,1705.11,803.75,59.79,Net Banking,1,True,Returned,5
2034,2022-06-15,52824,Sanjay Rao,45,Male,East,Bhubaneswar,Clothing,Kurta,3,3907.45,0.07,16325.84,7720.27,94.28,Emi,4,False,Delivered,5
1319,2021-08-15,97277,Pooja Pillai,31,Other,East,Guwahati,Groceries,Sugar,1,446.2,0.12,424.33,36.33,85.34,Cash On Delivery,4,False,Delivered,7
3381,2024-01-02,337,Aditya Mishra,44,Other,South,Kochi,Sports,Cycle,2,2101.38,0.37,2358.43,543.2,90.14,Credit Card,1,True,Returned,6
813,2021-01-08,99023,Nikhil Nair,29,Female,North,Amritsar,Furniture,Bookshelf,3,6110.59,0.37,8446.52,2197.3,23.22,Net Banking,3,False,Delivered,9
309,2020-05-14,17538,Amit Verma,27,Female,North,Delhi,Books,Textbook,1,255.93,0.37,191.35,73.83,46.7,Cash On Delivery,5,False,Cancelled,10
1007,2021-04-01,38810,Pooja Patel,9,Male,North,Amritsar,Beauty,Perfume,5,1211.87,0.13,6847.04,3005.89,58.29,Cash On Delivery,4,False,Delivered,2
3273,2023-11-15,10941,Karan Shah,38,Female,North,Delhi,Furniture,Wardrobe,5,10929.41,0.11,46559.15,13560.07,34.1,Upi,4,False,Cancelled,10
4066,2024-10-28,43387,Rahul Das,19,Female,East,Guwahati,Beauty,Hair Oil,4,2333.0,0.37,6101.49,1874.65,119.62,Credit Card,3,False,Delivered,3
4013,2024-09-30,80488,Ananya Chatterjee,18,Male,South,Hyderabad,Groceries,Rice (5Kg),4,497.25,0.32,1775.14,168.64,81.5,Credit Card,1,False,Pending,3
1218,2021-07-04,69231,Pooja Bose,40,Male,North,Amritsar,Beauty,Perfume,2,2060.77,0.24,3603.29,1268.67,69.45,Emi,2,False,Delivered,2
3199,2023-10-16,93632,Rohan Bose,61,Female,West,Pune,Beauty,Shampoo,8,1354.9,0.31,8717.93,4918.95,41.01,Upi,3,False,Delivered,1
3446,2024-02-03,54039,Vikram Shah,48,Male,North,Ludhiana,Furniture,Desk,7,34101.69,0.16,221777.76,50413.18,63.76,Credit Card,1,False,Delivered,5
4162,2024-12-11,14967,Kavya Kumar,15,Other,North,Delhi,Groceries,Sugar,10,273.14,0.28,1532.4,100.08,54.94,Emi,4,False,Delivered,5
1886,2022-04-12,7676,Pooja Sharma,39,Other,West,Pune,Sports,Dumbbells,3,3135.03,0.09,11451.49,2694.43,82.19,Debit Card,1,True,Returned,3
3026,2023-08-04,65223,Karan Bose,52,Male,West,Mumbai,Clothing,Jacket,5,1505.76,0.17,9211.72,3763.52,52.62,Cash On Delivery,3,False,Pending,6
2957,2023-07-04,77083,Priya Chatterjee,60,Female,East,Patna,Groceries,Tea,9,462.67,0.04,6520.25,574.64,60.51,Debit Card,2,False,Delivered,8
3687,2024-05-20,45246,Priya Verma,30,Other,South,Chennai,Clothing,Jeans,2,511.88,0.33,1034.06,311.79,75.89,Net Banking,1,False,Delivered,7
1238,2021-07-12,512,Karan Pillai,31,Other,Central,Raipur,Sports,Football,4,10424.37,0.04,54861.75,13787.38,52.02,Upi,3,False,Delivered,1
1226,2021-07-07,93943,Aditya Kumar,51,Female,West,Mumbai,Furniture,Desk,3,7678.25,0.06,32400.33,9162.54,49.32,Credit Card,3,False,Pending,4
2385,2022-10-28,1228,Nikhil Bose,27,Other,West,Mumbai,Groceries,Cooking Oil,5,69.84,0.3,256.11,21.93,48.03,Debit Card,1,False,Delivered,5
920,2021-02-21,85930,Pooja Shah,33,Other,East,Guwahati,Clothing,Dress,1,1520.56,0.38,857.74,372.68,82.69,Cash On Delivery,3,True,Returned,8
1929,2022-05-02,34607,Amit Das,15,Other,East,Guwahati,Furniture,Bed Frame,3,20759.26,0.28,64376.44,13716.94,81.77,Net Banking,3,False,Delivered,10
1619,2021-12-25,88221,Sunita Verma,36,Other,North,Chandigarh,Groceries,Dal (1Kg),3,113.16,0.21,223.33,19.47,50.52,Cash On Delivery,3,False,Delivered,3
85,2020-02-03,18248,Ananya Mehta,48,Other,East,Patna,Sports,Football,2,4104.31,0.08,5892.6,1384.77,72.46,Emi,1,False,Delivered,6
2824,2023-05-12,94776,Ananya Mishra,41,Other,North,Delhi,Clothing,Jacket,6,1809.68,0.31,12448.65,4684.85,37.16,Cash On Delivery,1,False,Delivered,4
674,2020-10-31,87680,Meera Kapoor,9,Other,North,Amritsar,Furniture,Bookshelf,3,22435.51,0.11,45857.22,14691.15,19.24,Debit Card,5,False,Delivered,5
3338,2023-12-14,84437,Karan Chatterjee,34,Male,South,Bangalore,Clothing,T-Shirt,5,416.65,0.01,1999.94,825.09,59.89,Emi,5,False,Delivered,5
4084,2024-11-07,3465,Deepa Mehta,39,Female,West,Mumbai,Clothing,Dress,9,3359.16,0.06,30905.25,7947.77,64.84,Upi,5,False,Delivered,6
2733,2023-03-30,12771,Meera Singh,40,Female,West,Surat,Books,Textbook,5,971.23,0.35,3832.92,1442.59,59.73,Cash On Delivery,1,False,Delivered,4
4080,2024-11-03,9163,Sunita Pillai,34,Other,East,Patna,Groceries,Cooking Oil,2,275.55,0.02,545.95,40.63,75.84,Debit Card,4,False,Delivered,3
1089,2021-05-07,29692,Priya Mehta,36,Female,East,Guwahati,Furniture,Bookshelf,5,4812.43,0.27,22526.71,6783.1,109.38,Cash On Delivery,4,False,Delivered,4
620,2020-10-04,68733,Amit Patel,55,Male,South,Hyderabad,Groceries,Dal (1Kg),9,410.87,0.09,3133.82,346.09,74.58,Debit Card,5,True,Returned,6
3140,2023-09-19,76392,Rohan Kapoor,14,Other,South,Bangalore,Furniture,Desk,9,18114.9,0.35,131109.37,44210.57,60.14,Debit Card,3,False,Cancelled,10
2960,2023-07-06,73492,Ritu Patel,35,Female,South,Chennai,Groceries,Dal (1Kg),8,421.42,0.14,4774.27,467.76,84.51,Cash On Delivery,3,False,Shipped,8
1215,2021-07-03,92946,Aarav Mehta,38,Male,East,Bhubaneswar,Beauty,Shampoo,5,205.05,0.37,875.73,336.22,58.05,Debit Card,1,True,Returned,10
1703,2022-01-30,78614,Arjun Iyer,47,Female,West,Pune,Clothing,Dress,4,1960.32,0.03,7027.87,2732.62,65.85,Debit Card,2,False,Delivered,1
2066,2022-06-30,80371,Pooja Pillai,22,Male,West,Pune,Groceries,Cooking Oil,4,291.88,0.37,1107.62,79.28,60.21,Emi,2,True,Returned,1
784,2020-12-22,57890,Ritu Das,21,Other,Central,Bhopal,Books,Textbook,3,1412.16,0.21,3187.62,1429.35,53.18,Debit Card,2,True,Returned,1
3278,2023-11-17,28845,Rohan Singh,36,Other,Central,Indore,Groceries,Cooking Oil,3,362.83,0.33,704.3,51.58,40.17,Credit Card,2,False,Delivered,3
2693,2023-03-14,31367,Sunita Pillai,57,Female,East,Kolkata,Groceries,Sugar,3,451.94,0.07,1470.9,132.82,72.18,Debit Card,2,False,Shipped,8
2996,2023-07-21,44301,Kavya Iyer,44,Other,Central,Raipur,Clothing,Kurta,6,2551.46,0.28,16184.75,5763.29,52.45,Credit Card,1,False,Delivered,8
1580,2021-12-07,43143,Sanjay Bose,46,Female,South,Kochi,Sports,Cycle,3,11079.73,0.28,19386.16,3946.3,44.65,Debit Card,1,False,Delivered,5
3204,2023-10-18,20726,Pooja Rao,30,Male,West,Mumbai,Electronics,Laptop,1,48359.17,0.06,51500.8,6586.38,81.7,Net Banking,3,False,Delivered,9
4102,2024-11-16,19687,Shreya Reddy,25,Other,East,Guwahati,Electronics,Headphones,6,76147.08,0.3,275656.14,33935.62,79.39,Net Banking,4,False,Pending,5
2530,2023-01-03,3671,Rohan Mehta,21,Female,North,Chandigarh,Clothing,Jacket,8,3811.17,0.21,25749.39,11463.62,63.21,Cash On Delivery,2,False,Delivered,5
2995,2023-07-20,1120,Nikhil Sharma,19,Female,South,Hyderabad,Beauty,Shampoo,1,581.9,0.39,573.91,321.44,61.08,Cash On Delivery,5,False,Delivered,2
2396,2022-11-02,15736,Deepa Kapoor,33,Other,East,Bhubaneswar,Furniture,Chair,3,4404.99,0.04,10146.47,2903.13,93.9,Debit Card,3,False,Shipped,5
625,2020-10-07,251,Aditya Nair,14,Male,Central,Raipur,Groceries,Tea,7,478.47,0.19,2419.7,144.22,78.9,Upi,3,False,Delivered,8
1366,2021-09-07,19666,Amit Sharma,21,Other,West,Ahmedabad,Electronics,Headphones,10,69111.01,0.18,610027.66,80887.73,59.74,Upi,1,False,Delivered,2
2221,2022-08-27,3778,Sanjay Gupta,39,Male,South,Chennai,Clothing,Dress,2,2544.65,0.09,5282.35,1652.06,68.22,Debit Card,3,False,Delivered,3
2182,2022-08-13,10127,Sunita Pillai,39,Other,East,Guwahati,Electronics,Laptop,9,56874.87,0.3,478142.34,58158.93,63.71,Net Banking,4,True,Returned,2
2494,2022-12-18,57358,Sanjay Pillai,11,Male,Central,Bhopal,Electronics,Smartphone,5,75416.45,0.26,239407.24,34252.66,50.75,Credit Card,3,False,Delivered,5
3684,2024-05-18,27580,Ananya Shah,37,Female,West,Mumbai,Groceries,Flour,9,362.34,0.16,4473.38,319.47,62.52,Debit Card,3,False,Delivered,5
2893,2023-06-06,15263,Arjun Mehta,36,Female,South,Hyderabad,Electronics,Tablet,9,39846.87,0.24,452014.92,43093.98,51.7,Upi,4,False,Delivered,3
3643,2024-05-03,93078,Rohan Nair,47,Female,West,Surat,Books,Fiction Novel,7,377.0,0.23,3325.2,1638.79,55.63,Emi,5,False,Delivered,7
355,2020-06-02,29275,Sunita Nair,28,Other,South,Chennai,Groceries,Cooking Oil,6,457.1,0.17,3525.53,394.03,69.69,Upi,2,False,Delivered,8
2634,2023-02-15,87463,Aditya Kapoor,18,Female,South,Kochi,Clothing,Kurta,9,630.67,0.34,4097.13,1593.87,69.77,Emi,3,False,Delivered,6
1268,2021-07-26,13250,Ritu Mehta,33,Female,East,Kolkata,Beauty,Shampoo,10,1776.76,0.09,24043.07,7186.83,76.78,Emi,5,False,Cancelled,8
3154,2023-09-29,59117,Nisha Joshi,42,Female,West,Surat,Groceries,Cooking Oil,8,424.28,0.38,2407.56,178.57,64.6,Upi,3,False,Delivered,4
459,2020-07-20,5833,Pooja Mehta,28,Male,East,Bhubaneswar,Sports,Yoga Mat,7,10622.1,0.23,72296.8,14967.8,76.84,Cash On Delivery,3,False,Delivered,10
9,2020-01-02,92855,Rahul Chatterjee,57,Female,Central,Indore,Electronics,Smartphone,7,7248.51,0.04,35721.05,2520.31,54.45,Cash On Delivery,1,False,Cancelled,3
2167,2022-08-08,40588,Nisha Reddy,12,Other,East,Guwahati,Sports,Cycle,1,14470.85,0.3,15068.8,2928.52,80.56,Cash On Delivery,1,False,Delivered,10
3848,2024-07-29,92309,Aditya Shah,35,Male,South,Bangalore,Beauty,Perfume,2,423.08,0.25,1086.7,513.6,65.64,Cash On Delivery,5,False,Delivered,6
2898,2023-06-06,27445,Rohan Joshi,26,Male,South,Kochi,Furniture,Desk,3,28004.75,0.31,94421.01,29532.44,43.07,Net Banking,2,False,Delivered,6
3727,2024-06-13,15010,Ananya Rao,18,Other,Central,Raipur,Beauty,Face Cream,5,2311.74,0.4,2656.59,685.77,57.12,Debit Card,2,False,Delivered,8
1542,2021-11-21,20530,Kavya Sharma,20,Other,West,Pune,Groceries,Tea,9,291.31,0.13,2013.93,153.84,74.73,Emi,3,True,Returned,2
2431,2022-11-17,33602,Ananya Chatterjee,31,Male,West,Mumbai,Clothing,Dress,9,2890.57,0.09,22605.25,10028.13,70.61,Emi,1,False,Shipped,9
716,2020-11-23,94113,Priya Pillai,19,Other,Central,Raipur,Electronics,Headphones,1,40524.35,0.12,24819.03,3365.1,36.23,Upi,3,True,Returned,3
444,2020-07-14,81670,Sunita Joshi,31,Male,Central,Bhopal,Books,Fiction Novel,4,1113.43,0.15,4962.42,2141.31,34.15,Emi,1,False,Delivered,7
2815,2023-05-08,75268,Karan Rao,30,Other,West,Pune,Sports,Yoga Mat,3,6620.8,0.27,22527.03,3790.08,89.03,Emi,4,False,Delivered,8
4069,2024-10-29,61722,Karan Joshi,54,Other,Central,Nagpur,Electronics,Smartwatch,2,11751.86,0.26,19687.8,2001.28,73.23,Net Banking,4,False,Delivered,5
3630,2024-04-28,62637,Aditya Gupta,27,Male,East,Kolkata,Groceries,Sugar,1,373.86,0.25,400.65,34.77,90.23,Net Banking,4,False,Shipped,1
2063,2022-06-29,13406,Rahul Kumar,18,Male,South,Hyderabad,Groceries,Cooking Oil,4,122.82,0.04,681.47,47.66,66.72,Net Banking,5,False,Delivered,10
192,2020-03-27,62597,Ritu Mishra,51,Male,South,Chennai,Electronics,Camera,5,25706.78,0.21,121013.9,12672.89,90.75,Emi,2,True,Returned,8
2097,2022-07-11,68451,Priya Nair,31,Female,West,Mumbai,Electronics,Tablet,8,38458.65,0.01,393796.17,61743.21,78.22,Upi,3,True,Returned,6
425,2020-07-06,69172,Pooja Sharma,30,Female,West,Mumbai,Electronics,Camera,6,65523.97,0.22,395580.05,39810.19,79.0,Cash On Delivery,1,False,Delivered,7
1073,2021-04-29,74821,Deepa Nair,24,Other,West,Mumbai,Clothing,Jeans,5,1564.77,0.08,9104.38,2408.11,46.89,Upi,2,False,Delivered,4
1644,2022-01-02,20877,Vikram Gupta,36,Male,North,Delhi,Electronics,Camera,6,72040.03,0.01,368787.75,39292.14,53.76,Cash On Delivery,5,False,Shipped,9
1390,2021-09-20,50244,Shreya Bose,45,Other,North,Ludhiana,Electronics,Smartwatch,6,15447.02,0.04,95920.86,5842.37,80.21,Cash On Delivery,3,False,Pending,5
182,2020-03-21,63049,Arjun Reddy,61,Male,East,Kolkata,Sports,Yoga Mat,9,2019.71,0.21,14642.06,3698.35,55.65,Upi,2,False,Delivered,3
1681,2022-01-20,96522,Karan Gupta,56,Other,West,Ahmedabad,Furniture,Sofa,2,27991.06,0.24,34746.07,12370.47,77.48,Emi,2,True,Returned,6
2568,2023-01-20,63565,Vikram Mehta,24,Other,Central,Nagpur,Books,Comic Book,9,493.03,0.21,3326.77,1860.71,83.24,Debit Card,3,False,Delivered,8
3369,2023-12-29,12624,Sunita Chatterjee,25,Male,North,Delhi,Furniture,Sofa,10,26482.96,0.39,159573.04,39420.71,31.73,Cash On Delivery,1,False,Delivered,9
788,2020-12-25,62453,Pooja Joshi,26,Female,West,Mumbai,Groceries,Rice (5Kg),7,79.95,0.03,404.31,30.99,45.31,Emi,2,False,Shipped,2
1351,2021-08-31,5251,Kavya Singh,31,Female,North,Chandigarh,Furniture,Chair,2,11559.97,0.37,19813.12,6537.8,64.47,Credit Card,5,False,Delivered,6
1491,2021-10-31,70333,Sunita Bose,43,Male,North,Chandigarh,Beauty,Sunscreen,8,902.95,0.02,6609.67,3273.83,49.46,Debit Card,5,False,Delivered,4
3649,2024-05-04,250,Arjun Kapoor,33,Other,East,Patna,Clothing,Dress,5,3459.1,0.09,5625.2,2101.1,59.55,Debit Card,4,False,Delivered,7
4153,2024-12-08,73466,Aditya Pillai,24,Male,West,Pune,Groceries,Dal (1Kg),10,390.96,0.37,2025.46,195.36,83.81,Credit Card,2,False,Delivered,1
1601,2021-12-15,25228,Meera Kumar,45,Female,Central,Raipur,Beauty,Sunscreen,8,1478.6,0.07,8581.43,3617.51,72.32,Upi,2,False,Delivered,8
4168,2024-12-15,39751,Meera Iyer,34,Female,West,Ahmedabad,Sports,Tennis Racket,2,10972.39,0.3,11894.53,2981.58,43.93,Emi,2,False,Delivered,10
2540,2023-01-08,48928,Aditya Shah,14,Female,North,Amritsar,Books,Textbook,5,1137.99,0.18,3823.42,1103.46,47.49,Credit Card,3,False,Delivered,6
4193,2024-12-28,18192,Nikhil Bose,25,Female,East,Patna,Beauty,Perfume,5,724.63,0.1,3163.89,1918.69,48.49,Credit Card,5,False,Delivered,6
2432,2022-11-18,26395,Amit Kumar,33,Other,Central,Nagpur,Clothing,T-Shirt,4,2693.03,0.24,8454.01,2808.17,71.64,Debit Card,3,False,Delivered,6
59,2020-01-22,44752,Rahul Chatterjee,17,Male,East,Kolkata,Furniture,Sofa,8,16934.64,0.35,65194.48,16163.86,73.23,Debit Card,5,True,Returned,4
523,2020-08-19,62159,Priya Verma,24,Female,North,Delhi,Groceries,Flour,9,418.36,0.05,3968.83,273.7,69.24,Net Banking,3,False,Delivered,7
1901,2022-04-20,72800,Vikram Rao,46,Other,East,Kolkata,Books,Biography,2,231.44,0.36,417.99,155.21,103.55,Emi,3,False,Cancelled,8
4180,2024-12-22,1003,Priya Pillai,28,Female,Central,Bhopal,Groceries,Sugar,10,194.61,0.27,1329.87,143.25,23.86,Emi,2,False,Delivered,5
2827,2023-05-14,71925,Deepa Shah,32,Female,West,Ahmedabad,Beauty,Perfume,3,975.85,0.14,3386.22,2179.66,87.45,Credit Card,2,False,Shipped,10
3493,2024-02-27,44061,Kavya Rao,29,Female,West,Ahmedabad,Beauty,Lipstick,1,848.25,0.04,894.07,422.93,74.23,Cash On Delivery,5,False,Delivered,9
3484,2024-02-23,42985,Rohan Chatterjee,35,Female,Central,Nagpur,Electronics,Camera,9,70923.4,0.34,506257.71,52952.38,42.34,Upi,2,False,Delivered,3
123,2020-02-16,54173,Meera Chatterjee,58,Other,West,Ahmedabad,Groceries,Sugar,1,373.23,0.32,203.4,19.53,44.95,Emi,3,False,Delivered,6
1002,2021-03-30,22154,Ananya Patel,19,Female,West,Mumbai,Books,Self-Help Book,6,1364.16,0.39,5115.87,1835.6,62.5,Upi,4,False,Pending,2
1374,2021-09-11,68198,Rahul Chatterjee,13,Male,Central,Raipur,Electronics,Laptop,7,48956.77,0.24,279788.19,38368.45,86.46,Net Banking,4,False,Delivered,9
917,2021-02-17,45413,Aditya Singh,14,Female,North,Chandigarh,Sports,Cricket Bat,10,10161.64,0.01,88906.61,14067.58,19.18,Emi,5,False,Delivered,9
827,2021-01-14,71416,Aditya Kapoor,43,Female,South,Kochi,Electronics,Headphones,2,43066.95,0.25,50066.36,6929.76,69.88,Net Banking,2,False,Delivered,7
527,2020-08-20,81582,Karan Pillai,46,Male,East,Bhubaneswar,Electronics,Tablet,1,39870.46,0.14,42279.37,4768.46,76.58,Debit Card,4,False,Delivered,1
2423,2022-11-14,98860,Nikhil Nair,16,Female,South,Kochi,Clothing,T-Shirt,6,3572.55,0.21,17702.51,4881.96,72.4,Net Banking,2,False,Delivered,7
2002,2022-06-02,93495,Karan Mehta,24,Other,Central,Nagpur,Electronics,Smartphone,4,79903.31,0.19,381040.75,46291.37,49.66,Credit Card,2,False,Delivered,9
1547,2021-11-25,82417,Deepa Reddy,32,Female,South,Chennai,Beauty,Hair Oil,8,1747.96,0.04,10534.51,5549.08,70.95,Upi,5,False,Delivered,9
2671,2023-03-01,19942,Deepa Joshi,29,Other,West,Mumbai,Books,Cook Book,7,286.55,0.19,1865.14,943.5,60.27,Cash On Delivery,1,False,Shipped,1
1137,2021-05-28,9710,Nikhil Reddy,24,Other,Central,Raipur,Clothing,Dress,10,3901.77,0.23,39791.15,11924.12,26.2,Credit Card,3,False,Delivered,3
2688,2023-03-12,1507,Ritu Kapoor,30,Female,West,Mumbai,Books,Comic Book,1,1377.62,0.12,1266.17,565.49,53.93,Credit Card,4,False,Shipped,3
3878,2024-08-08,9035,Priya Mehta,35,Male,North,Chandigarh,Furniture,Desk,3,19778.53,0.22,67218.58,15015.41,30.24,Upi,3,False,Delivered,5
279,2020-05-03,43418,Priya Gupta,47,Male,East,Kolkata,Clothing,Saree,5,1209.84,0.26,5409.13,1839.27,70.07,Credit Card,1,False,Delivered,7
2890,2023-06-05,22330,Aarav Sharma,61,Female,East,Guwahati,Beauty,Face Cream,1,830.66,0.15,1004.6,465.76,56.2,Cash On Delivery,5,False,Shipped,10
883,2021-02-03,25736,Rohan Bose,43,Other,North,Amritsar,Beauty,Hair Oil,9,1071.88,0.21,6143.09,3577.85,64.18,Debit Card,5,False,Delivered,9
738,2020-12-03,90925,Amit Iyer,45,Male,Central,Indore,Sports,Cricket Bat,2,2618.63,0.37,2183.04,381.86,63.43,Emi,1,False,Delivered,10
3295,2023-11-25,19218,Aditya Verma,41,Female,North,Amritsar,Sports,Cricket Bat,5,7855.23,0.26,24768.64,5747.72,37.97,Credit Card,1,True,Returned,2
2609,2023-02-06,96498,Meera Kapoor,34,Female,South,Chennai,Clothing,Kurta,1,398.12,0.2,370.05,160.84,61.44,Debit Card,5,False,Delivered,6
295,2020-05-09,86265,Nikhil Verma,30,Male,East,Kolkata,Books,Cook Book,6,717.06,0.14,4062.73,993.44,65.95,Emi,3,False,Delivered,4
505,2020-08-12,37735,Kavya Mehta,51,Other,East,Bhubaneswar,Electronics,Tablet,8,43322.03,0.27,257970.06,20962.59,81.23,Credit Card,5,False,Cancelled,3
1660,2022-01-10,7883,Aditya Joshi,35,Female,Central,Nagpur,Sports,Yoga Mat,3,14314.59,0.28,24565.05,6700.1,49.08,Debit Card,2,True,Returned,7
2120,2022-07-22,74638,Rohan Verma,40,Male,East,Guwahati,Groceries,Flour,8,473.04,0.33,4049.28,301.36,76.1,Cash On Delivery,5,False,Delivered,9
1718,2022-02-02,91928,Vikram Kapoor,39,Male,West,Surat,Sports,Football,7,6522.84,0.09,37840.55,7201.91,45.29,Emi,3,True,Returned,3
2730,2023-03-29,20266,Sanjay Bose,11,Female,Central,Bhopal,Books,Biography,4,1044.75,0.05,6061.68,2610.28,55.23,Cash On Delivery,3,False,Delivered,6
1183,2021-06-15,36587,Amit Rao,9,Male,East,Kolkata,Furniture,Desk,2,27005.32,0.13,70592.55,21121.9,60.02,Credit Card,3,False,Delivered,6
548,2020-08-30,25946,Aarav Gupta,27,Female,Central,Indore,Groceries,Cooking Oil,1,387.88,0.39,293.72,15.64,65.68,Credit Card,4,False,Delivered,7
4,2020-01-01,59539,Aarav Rao,43,Male,Central,Raipur,Beauty,Shampoo,1,2179.09,0.26,1240.0,548.45,71.0,Debit Card,5,False,Pending,9
979,2021-03-22,8503,Sanjay Iyer,48,Other,South,Bangalore,Beauty,Perfume,5,357.2,0.25,1350.29,473.38,95.58,Upi,3,False,Delivered,8
1144,2021-05-30,45935,Aarav Kumar,15,Other,East,Patna,Sports,Football,9,12309.47,0.39,88216.48,23774.29,64.35,Emi,5,False,Delivered,4
4114,2024-11-25,90879,Aarav Pillai,38,Other,West,Pune,Clothing,Jacket,8,2242.21,0.08,15849.85,5745.26,58.08,Upi,3,False,Cancelled,5
3044,2023-08-09,65535,Vikram Joshi,31,Other,South,Kochi,Groceries,Dal (1Kg),6,180.04,0.37,955.97,84.65,65.57,Emi,2,False,Cancelled,7
1574,2021-12-04,51745,Sanjay Mishra,34,Other,West,Surat,Sports,Tennis Racket,10,8246.76,0.29,47232.4,10000.85,76.69,Net Banking,3,False,Delivered,3
2571,2023-01-25,27786,Nikhil Shah,27,Male,Central,Nagpur,Groceries,Tea,2,419.88,0.03,701.1,57.86,49.02,Cash On Delivery,2,False,Shipped,7
3212,2023-10-20,59899,Shreya Kapoor,37,Male,West,Surat,Groceries,Sugar,3,309.69,0.18,839.42,69.64,50.8,Upi,1,False,Delivered,1
836,2021-01-17,64754,Pooja Reddy,52,Other,West,Pune,Sports,Football,4,9859.42,0.1,30461.87,8214.61,75.89,Net Banking,5,False,Delivered,7
198,2020-03-29,42117,Pooja Gupta,34,Other,South,Chennai,Furniture,Desk,9,20805.29,0.24,146348.3,36051.94,59.05,Upi,5,False,Delivered,7
612,2020-09-30,14600,Sanjay Kumar,46,Other,West,Surat,Sports,Dumbbells,2,1417.62,0.33,1983.4,404.4,38.22,Upi,1,False,Delivered,4
2525,2023-01-01,46864,Aditya Patel,26,Female,Central,Raipur,Clothing,Jeans,8,2369.91,0.35,12912.46,4497.08,59.82,Debit Card,1,False,Delivered,10
2913,2023-06-12,21693,Deepa Kumar,43,Other,North,Ludhiana,Beauty,Perfume,4,623.3,0.32,3062.97,1736.95,52.12,Upi,2,False,Delivered,3
1803,2022-03-08,75917,Nikhil Iyer,48,Female,North,Amritsar,Groceries,Sugar,1,259.95,0.3,210.74,16.68,40.85,Net Banking,3,False,Delivered,9
1141,2021-05-29,4487,Meera Verma,34,Female,West,Ahmedabad,Books,Biography,7,846.48,0.2,6420.7,2975.81,30.99,Credit Card,3,False,Delivered,1
1022,2021-04-07,91541,Aarav Sharma,23,Other,Central,Indore,Clothing,Jacket,9,2816.32,0.13,29155.08,5473.17,58.3,Debit Card,3,False,Cancelled,3
3638,2024-04-30,6952,Deepa Pillai,42,Other,South,Bangalore,Furniture,Bookshelf,4,15880.17,0.08,96311.3,34839.09,69.26,Debit Card,4,False,Delivered,4
3505,2024-03-03,59852,Nikhil Das,25,Male,Central,Indore,Groceries,Tea,7,126.08,0.08,1012.38,81.39,55.37,Credit Card,2,False,Delivered,9
2440,2022-11-24,91846,Karan Nair,48,Other,North,Amritsar,Sports,Tennis Racket,2,1682.52,0.04,3162.9,650.21,69.29,Debit Card,2,False,Delivered,2
1819,2022-03-15,63222,Priya Reddy,39,Female,East,Bhubaneswar,Furniture,Desk,3,5315.14,0.2,17403.33,5876.17,97.08,Credit Card,5,False,Delivered,6
2785,2023-04-20,80688,Rahul Gupta,17,Female,North,Delhi,Sports,Dumbbells,4,14577.36,0.33,50624.06,7342.63,51.26,Credit Card,4,False,Delivered,6
3793,2024-07-06,34536,Priya Nair,27,Female,South,Hyderabad,Beauty,Sunscreen,7,1042.17,0.38,7279.6,3363.37,71.04,Emi,5,False,Pending,5
2711,2023-03-22,25704,Kavya Iyer,0,Female,South,Kochi,Beauty,Face Cream,10,1958.8,0.39,14393.92,7311.62,56.07,Upi,5,False,Delivered,7
3507,2024-03-04,15344,Deepa Singh,53,Male,West,Surat,Clothing,Dress,7,2771.26,0.15,21782.06,8460.21,35.65,Credit Card,5,False,Delivered,7
2636,2023-02-15,87391,Meera Das,26,Other,North,Ludhiana,Beauty,Hair Oil,3,1142.82,0.23,2958.07,1291.21,53.34,Cash On Delivery,5,True,Returned,9
3103,2023-09-03,1278,Aarav Verma,18,Other,East,Patna,Beauty,Lipstick,6,993.05,0.01,7148.92,2268.41,82.4,Upi,5,False,Delivered,1
3650,2024-05-04,58829,Sanjay Kapoor,57,Female,Central,Bhopal,Books,Fiction Novel,8,1190.92,0.22,14021.08,5817.67,76.18,Upi,3,True,Returned,1
1571,2021-12-03,56653,Nisha Sharma,30,Male,Central,Raipur,Clothing,T-Shirt,8,3931.3,0.21,17747.79,5566.53,73.66,Upi,3,True,Returned,6
63,2020-01-23,82089,Ritu Gupta,20,Female,West,Mumbai,Books,Self-Help Book,4,1208.46,0.01,3212.12,1192.21,60.86,Credit Card,3,False,Delivered,10
2696,2023-03-14,64855,Sunita Shah,46,Other,West,Ahmedabad,Books,Comic Book,2,1077.11,0.3,1827.02,727.8,61.35,Upi,5,False,Delivered,6
714,2020-11-23,61590,Amit Reddy,47,Other,South,Kochi,Groceries,Rice (5Kg),7,368.78,0.12,1528.79,127.54,66.03,Upi,4,False,Delivered,9
753,2020-12-07,57450,Kavya Sharma,31,Male,North,Delhi,Beauty,Face Cream,8,1138.01,0.11,5468.92,1289.66,49.38,Net Banking,2,False,Delivered,2
1223,2021-07-06,92686,Sanjay Bose,39,Female,South,Chennai,Furniture,Bookshelf,7,20357.47,0.03,174471.77,45868.32,75.4,Credit Card,4,False,Delivered,9
3378,2023-12-31,54270,Arjun Sharma,40,Male,South,Hyderabad,Furniture,Wardrobe,9,13849.98,0.25,72465.97,23060.68,47.19,Upi,2,False,Delivered,5
809,2021-01-05,99388,Ritu Kapoor,33,Male,South,Chennai,Clothing,Jeans,999,3280.13,0.03,2586345.13,921794.6,83.69,Emi,1,True,Returned,7
2106,2022-07-16,15065,Amit Verma,36,Female,Central,Nagpur,Sports,Cricket Bat,6,7187.46,0.27,45280.94,7760.51,48.71,Emi,3,False,Delivered,5
1928,2022-05-02,6307,Ananya Reddy,56,Male,South,Bangalore,Sports,Cycle,1,9069.14,0.29,8752.76,1861.72,32.62,Debit Card,4,False,Pending,5
1189,2021-06-19,3077,Amit Pillai,34,Female,Central,Nagpur,Groceries,Tea,10,203.58,0.01,2770.83,255.25,18.95,Debit Card,3,False,Delivered,6
1971,2022-05-21,35736,Pooja Verma,28,Other,Central,Nagpur,Furniture,Chair,10,28073.85,0.05,383279.0,108417.14,54.05,Emi,1,False,Delivered,8
3270,2023-11-14,56619,Rohan Sharma,32,Male,East,Bhubaneswar,Clothing,Dress,5,1851.88,0.29,6571.19,2703.37,85.66,Credit Card,3,True,Returned,2
1447,2021-10-16,92723,Priya Patel,42,Other,West,Pune,Furniture,Bed Frame,5,5397.15,0.35,15752.78,4521.5,33.64,Emi,5,False,Delivered,3
717,2020-11-24,23500,Rahul Chatterjee,47,Other,South,Chennai,Furniture,Bookshelf,5,20390.29,0.07,66216.67,23720.97,102.38,Upi,3,False,Delivered,3
1883,2022-04-10,3672,Amit Shah,24,Male,West,Pune,Furniture,Bookshelf,9,11907.81,0.18,119048.66,42582.04,73.86,Cash On Delivery,5,False,Delivered,10
1300,2021-08-10,98101,Deepa Bose,30,Female,West,Pune,Groceries,Sugar,6,303.35,0.13,2102.56,144.04,55.2,Credit Card,1,True,Returned,3
1676,2022-01-18,65261,Shreya Chatterjee,30,Other,Central,Indore,Furniture,Sofa,3,30465.56,0.24,48391.98,16835.51,57.1,Cash On Delivery,5,False,Delivered,3
987,2021-03-25,4483,Priya Joshi,29,Male,Central,Nagpur,Furniture,Wardrobe,4,7372.62,0.11,32182.82,11067.17,75.03,Emi,2,False,Delivered,9
141,2020-02-25,83686,Ananya Iyer,42,Other,East,Guwahati,Beauty,Face Cream,9,900.37,0.12,6635.38,2823.39,81.17,Cash On Delivery,5,False,Delivered,2
1924,2022-04-30,39294,Amit Reddy,30,Female,South,Chennai,Groceries,Sugar,1,306.96,0.37,278.33,24.24,44.4,Upi,1,False,Delivered,3
3134,2023-09-16,94057,Kavya Bose,29,Male,South,Bangalore,Sports,Cycle,5,11278.57,0.2,57170.08,13004.09,76.71,Debit Card,2,False,Cancelled,4
1112,2021-05-16,48929,Kavya Reddy,21,Other,West,Pune,Furniture,Sofa,10,29768.42,0.21,404913.22,105876.32,66.42,Cash On Delivery,5,False,Delivered,8
378,2020-06-10,11134,Arjun Singh,34,Other,East,Guwahati,Electronics,Smartwatch,9,16985.93,0.21,184331.59,16161.85,75.65,Cash On Delivery,5,False,Shipped,9
1800,2022-03-08,93477,Sunita Joshi,29,Female,South,Kochi,Books,Self-Help Book,1,1151.01,0.17,1165.98,528.79,79.86,Net Banking,5,False,Delivered,1
1637,2021-12-30,5372,Ritu Shah,18,Other,Central,Indore,Books,Comic Book,5,679.37,0.17,1782.03,915.89,55.83,Emi,2,False,Delivered,8
4113,2024-11-22,10274,Arjun Gupta,13,Other,Central,Bhopal,Groceries,Rice (5Kg),8,185.5,0.29,1001.02,79.89,48.43,Debit Card,5,False,Pending,6
500,2020-08-07,80941,Ananya Sharma,56,Male,South,Chennai,Sports,Yoga Mat,10,10625.78,0.17,105870.48,26797.52,51.49,Cash On Delivery,5,False,Delivered,8
2067,2022-07-01,70593,Shreya Nair,34,Male,West,Surat,Electronics,Smartwatch,5,38796.6,0.21,209644.29,25458.48,62.35,Upi,4,False,Cancelled,8
1280,2021-07-31,18652,Rahul Iyer,21,Other,Central,Nagpur,Clothing,Dress,2,3825.43,0.38,5477.43,1454.06,57.72,Cash On Delivery,3,False,Delivered,2
145,2020-02-28,49284,Meera Bhat,25,Male,South,Kochi,Electronics,Camera,6,35454.89,0.15,175411.87,19968.6,54.28,Credit Card,5,False,Delivered,1
3921,2024-08-20,65997,Rahul Chatterjee,41,Other,East,Guwahati,Groceries,Tea,3,392.38,0.12,1567.64,108.65,81.44,Cash On Delivery,4,False,Pending,5
2335,2022-10-09,67913,Priya Shah,27,Female,West,Pune,Electronics,Laptop,3,79758.61,0.33,167128.86,19212.28,56.24,Debit Card,1,False,Cancelled,2
367,2020-06-06,80217,Meera Mishra,53,Female,South,Chennai,Groceries,Cooking Oil,9,324.66,0.14,3440.59,225.96,74.78,Debit Card,1,True,Returned,5
3343,2023-12-17,67045,Amit Kapoor,54,Male,Central,Indore,Electronics,Tablet,5,39863.48,0.33,99121.04,11921.37,75.46,Cash On Delivery,4,False,Cancelled,10
1675,2022-01-18,33813,Nikhil Reddy,36,Other,West,Pune,Beauty,Perfume,5,1392.93,0.4,3575.81,1461.67,71.76,Net Banking,3,False,Delivered,10
2430,2022-11-17,93527,Deepa Verma,28,Other,South,Bangalore,Beauty,Sunscreen,9,113.69,0.22,699.53,335.72,40.1,Upi,5,True,Returned,7
2619,2023-02-10,88761,Meera Kumar,50,Female,Central,Raipur,Clothing,T-Shirt,6,1362.12,0.04,7638.08,3612.77,61.28,Credit Card,4,False,Delivered,8
967,2021-03-17,90596,Ananya Sharma,21,Male,East,Guwahati,Beauty,Hair Oil,2,119.38,0.13,236.95,137.69,86.43,Emi,3,False,Pending,10
2226,2022-08-29,46124,Rahul Mehta,26,Male,North,Amritsar,Books,Cook Book,9,830.37,0.25,6671.85,3182.54,37.06,Cash On Delivery,2,False,Delivered,2
2599,2023-02-03,92468,Sunita Nair,39,Female,East,Kolkata,Furniture,Desk,7,12553.02,0.22,71332.69,19645.47,85.94,Emi,3,False,Delivered,1
4127,2024-11-30,7792,Priya Joshi,34,Male,West,Surat,Beauty,Lipstick,4,1854.35,0.04,6462.23,3552.01,32.77,Net Banking,5,False,Delivered,2
238,2020-04-14,4066,Nisha Reddy,32,Other,North,Delhi,Sports,Football,10,14961.46,0.01,161945.63,26205.1,35.42,Net Banking,2,False,Delivered,6
2334,2022-10-09,20367,Karan Gupta,21,Other,South,Kochi,Sports,Cricket Bat,5,13397.51,0.34,43451.18,7788.1,73.66,Net Banking,4,False,Delivered,5
1019,2021-04-04,72581,Sunita Kapoor,35,Other,Central,Nagpur,Books,Textbook,2,1240.07,0.27,2086.49,966.59,50.83,Cash On Delivery,4,False,Delivered,9
2346,2022-10-11,57309,Meera Bose,14,Female,North,Amritsar,Electronics,Camera,4,15142.49,0.12,54212.43,5733.17,98.24,Emi,2,False,Pending,6
3762,2024-06-26,95973,Nikhil Singh,36,Male,East,Bhubaneswar,Beauty,Face Cream,5,506.32,0.23,3615.35,1883.1,101.92,Cash On Delivery,3,False,Pending,8
2935,2023-06-28,75718,Aarav Das,27,Female,North,Delhi,Sports,Dumbbells,1,8268.89,0.21,14813.92,3926.85,52.82,Emi,3,False,Delivered,7
1146,2021-05-30,14306,Pooja Verma,32,Female,Central,Bhopal,Clothing,Jeans,3,2929.95,0.06,12682.78,4420.51,33.4,Cash On Delivery,2,False,Cancelled,10
3466,2024-02-10,49074,Rohan Kumar,27,Male,South,Chennai,Clothing,Dress,5,1140.39,0.08,5942.91,2945.59,66.62,Debit Card,1,True,Returned,2
306,2020-05-12,49089,Meera Pillai,32,Male,North,Amritsar,Clothing,Dress,1,2507.91,0.29,2231.21,589.57,42.69,Emi,2,False,Delivered,3
4001,2024-09-23,65012,Sanjay Bose,39,Male,South,Kochi,Clothing,Dress,6,633.62,0.11,4634.74,1771.15,66.09,Debit Card,2,False,Delivered,3
3305,2023-11-30,44322,Rahul Joshi,59,Male,North,Amritsar,Electronics,Smartphone,9,45871.33,0.21,349237.43,41287.55,42.69,Emi,1,False,Shipped,9
1454,2021-10-20,23242,Meera Singh,43,Female,North,Ludhiana,Sports,Cricket Bat,3,6413.38,0.13,14627.15,3690.83,28.34,Cash On Delivery,5,False,Shipped,2
2968,2023-07-08,30076,Priya Singh,21,Male,East,Guwahati,Clothing,Kurta,8,306.88,0.19,2993.13,1019.95,53.78,Credit Card,3,True,Returned,8
4121,2024-11-27,46430,Arjun Iyer,42,Male,East,Guwahati,Electronics,Laptop,7,26719.46,0.32,125839.81,16743.79,87.4,Credit Card,1,False,Delivered,9
1496,2021-11-02,57725,Kavya Nair,43,Other,North,Ludhiana,Beauty,Hair Oil,2,870.66,0.04,1465.34,696.19,29.61,Credit Card,1,True,Returned,10
890,2021-02-04,21364,Arjun Shah,33,Other,South,Hyderabad,Electronics,Tablet,1,41541.62,0.18,29525.13,3792.31,88.25,Net Banking,2,False,Cancelled,6
3736,2024-06-17,82654,Deepa Verma,28,Other,Central,Nagpur,Groceries,Dal (1Kg),5,303.44,0.06,2686.06,221.12,32.81,Upi,4,False,Delivered,9
2939,2023-06-28,99269,Ananya Mishra,42,Other,North,Chandigarh,Electronics,Headphones,3,28197.79,0.16,103938.59,17181.51,73.99,Credit Card,4,False,Shipped,1
1481,2021-10-27,71792,Nikhil Kumar,34,Other,West,Ahmedabad,Clothing,Jeans,5,2473.16,0.34,1735.97,545.85,67.96,Cash On Delivery,5,True,Returned,10
1427,2021-10-06,62447,Aditya Mehta,25,Other,South,Kochi,Clothing,Kurta,3,1683.92,0.01,5129.49,1700.69,84.8,Cash On Delivery,3,False,Pending,8
1514,2021-11-12,41703,Ritu Nair,34,Female,East,Guwahati,Furniture,Chair,8,15110.2,0.07,77607.19,18792.98,87.16,Upi,4,False,Delivered,6
654,2020-10-21,92572,Rohan Kapoor,36,Female,Central,Nagpur,Furniture,Wardrobe,6,29603.47,0.09,131775.14,31425.24,72.71,Cash On Delivery,4,False,Delivered,2
1501,2021-11-04,9268,Meera Iyer,47,Other,South,Chennai,Electronics,Camera,4,32627.08,0.15,92706.13,13307.57,72.28,Debit Card,3,True,Returned,8
631,2020-10-10,25609,Ananya Sharma,60,Male,North,Amritsar,Books,Biography,4,902.54,0.33,1938.35,751.4,75.5,Emi,1,False,Delivered,2
1235,2021-07-12,68009,Karan Patel,30,Female,East,Kolkata,Groceries,Dal (1Kg),10,359.56,0.08,4470.56,416.18,62.31,Debit Card,1,True,Returned,9
3504,2024-03-03,34451,Nikhil Iyer,31,Other,West,Mumbai,Sports,Dumbbells,7,1704.58,0.39,10255.26,3143.81,60.24,Cash On Delivery,1,False,Delivered,4
4190,2024-12-26,1943,Amit Reddy,21,Other,North,Ludhiana,Sports,Cricket Bat,6,5492.54,0.09,25243.43,6104.49,71.5,Emi,5,False,Delivered,1
1579,2021-12-05,34002,Shreya Das,12,Male,South,Chennai,Electronics,Tablet,5,64878.88,0.37,154831.0,19600.91,55.95,Net Banking,1,False,Delivered,8
1804,2022-03-10,98137,Amit Mishra,21,Female,North,Delhi,Books,Self-Help Book,1,268.61,0.02,281.46,81.29,49.64,Emi,5,False,Delivered,1
3541,2024-03-19,20196,Nikhil Patel,39,Female,Central,Raipur,Beauty,Sunscreen,5,2034.91,0.36,7446.29,2266.42,51.38,Cash On Delivery,3,False,Delivered,7
3750,2024-06-21,58867,Meera Das,47,Other,Central,Raipur,Beauty,Sunscreen,9,2060.87,0.1,28144.0,10192.2,37.8,Cash On Delivery,4,False,Pending,4
1104,2021-05-13,46318,Vikram Shah,21,Other,West,Surat,Electronics,Laptop,2,78594.04,0.05,193777.03,25135.71,35.32,Credit Card,3,False,Delivered,8
567,2020-09-09,22945,Meera Kumar,52,Female,South,Kochi,Books,Fiction Novel,9,955.64,0.15,8375.59,2836.26,75.79,Credit Card,4,False,Pending,9
1662,2022-01-12,29153,Deepa Iyer,26,Other,Central,Raipur,Beauty,Face Cream,6,779.63,0.18,3057.53,1544.23,28.85,Emi,2,True,Returned,9
3139,2023-09-18,16592,Sunita Iyer,22,Other,West,Surat,Furniture,Bed Frame,6,8704.76,0.23,52701.51,16266.5,67.26,Credit Card,1,False,Pending,9
3409,2024-01-17,78204,Meera Patel,52,Female,Central,Nagpur,Electronics,Smartphone,10,9943.85,0.05,93726.28,11320.82,33.45,Upi,4,True,Returned,6
2418,2022-11-10,18934,Sunita Kumar,14,Male,West,Pune,Sports,Football,2,1772.04,0.27,2303.4,352.8,47.87,Cash On Delivery,2,False,Delivered,8
1612,2021-12-21,27676,Meera Bose,33,Female,North,Chandigarh,Groceries,Sugar,6,377.46,0.31,1187.16,62.24,64.09,Net Banking,2,False,Shipped,5
3761,2024-06-25,71732,Ritu Gupta,27,Female,South,Bangalore,Groceries,Cooking Oil,1,389.09,0.33,384.54,33.54,93.62,Credit Card,5,False,Delivered,3
569,2020-09-10,30901,Ananya Kumar,49,Male,Central,Nagpur,Clothing,Dress,9,1086.28,0.01,10096.41,2991.15,60.79,Upi,5,False,Shipped,5
2038,2022-06-17,4354,Meera Verma,50,Other,East,Bhubaneswar,Beauty,Face Cream,2,884.91,0.29,2004.25,1116.42,82.19,Credit Card,2,False,Shipped,3
1570,2021-12-03,84183,Amit Shah,21,Male,North,Amritsar,Electronics,Smartwatch,9,53847.63,0.31,246850.13,37649.52,59.17,Upi,4,False,Delivered,2
3115,2023-09-08,63946,Amit Sharma,45,Other,North,Ludhiana,Clothing,Kurta,6,828.79,0.19,4849.25,1887.14,32.64,Emi,5,False,Cancelled,6
826,2021-01-13,30306,Amit Joshi,22,Other,South,Chennai,Beauty,Sunscreen,8,920.84,0.23,4710.2,2543.38,46.86,Credit Card,5,False,Delivered,8
1160,2021-06-04,213,Shreya Chatterjee,24,Female,North,Ludhiana,Books,Cook Book,4,514.84,0.08,2778.42,1048.18,49.45,Debit Card,5,False,Delivered,7
4043,2024-10-20,23084,Vikram Patel,28,Other,North,Ludhiana,Books,Textbook,2,1282.63,0.29,1929.76,782.47,19.68,Debit Card,4,False,Delivered,6
1352,2021-09-01,17309,Sunita Singh,31,Female,East,Bhubaneswar,Books,Fiction Novel,1,1491.06,0.04,1674.24,498.53,77.85,Debit Card,3,False,Delivered,10
223,2020-04-07,38820,Rahul Verma,34,Male,East,Guwahati,Sports,Cricket Bat,3,567.58,0.18,1455.2,417.04,71.54,Upi,5,False,Pending,7
1797,2022-03-07,91049,Arjun Bhat,30,Female,Central,Nagpur,Electronics,Smartphone,7,56508.01,0.17,346370.5,51195.31,55.94,Emi,1,False,Cancelled,5
1143,2021-05-30,25482,Karan Reddy,44,Other,Central,Indore,Books,Textbook,9,1098.38,0.3,8954.36,4025.08,53.61,Emi,4,False,Delivered,2
3370,2023-12-30,29187,Vikram Bhat,38,Female,South,Kochi,Groceries,Sugar,4,447.49,0.26,1195.23,126.56,87.92,Credit Card,5,False,Shipped,3
2090,2022-07-09,3478,Sunita Mishra,33,Female,Central,Nagpur,Books,Comic Book,5,1491.38,0.11,2043.42,838.22,72.14,Upi,5,False,Delivered,3
3176,2023-10-05,24094,Amit Bose,42,Other,Central,Indore,Sports,Dumbbells,5,10121.78,0.14,46514.29,14209.66,67.27,Net Banking,1,False,Delivered,6
965,2021-03-17,1123,Sunita Das,37,Male,South,Kochi,Furniture,Bed Frame,4,14435.97,0.01,62179.84,17618.77,57.05,Net Banking,3,False,Delivered,7
900,2021-02-08,52346,Shreya Gupta,39,Other,West,Ahmedabad,Electronics,Smartphone,3,76079.41,0.07,168287.61,15094.0,31.95,Upi,2,True,Returned,8
250,2020-04-20,60360,Aditya Pillai,54,Female,Central,Indore,Beauty,Sunscreen,5,1643.32,0.11,9008.47,4000.95,84.55,Cash On Delivery,4,False,Delivered,4
1805,2022-03-10,13304,Sanjay Nair,44,Other,South,Hyderabad,Sports,Cycle,3,10264.85,0.09,30609.29,8490.63,39.51,Net Banking,5,False,Delivered,8
462,2020-07-21,21355,Rohan Singh,15,Male,North,Chandigarh,Furniture,Bookshelf,6,13817.71,0.04,89542.82,19508.64,43.47,Net Banking,5,False,Delivered,3
3206,2023-10-19,74267,Deepa Bhat,29,Male,Central,Raipur,Electronics,Tablet,1,75894.5,0.12,69743.96,8164.31,36.14,Upi,1,False,Delivered,5
3680,2024-05-16,34978,Arjun Mishra,19,Female,North,Chandigarh,Groceries,Sugar,4,237.91,0.2,1123.61,104.78,61.7,Credit Card,5,True,Returned,4
3072,2023-08-19,71775,Aditya Joshi,25,Male,South,Hyderabad,Beauty,Hair Oil,6,1067.32,0.1,9986.14,3581.4,84.82,Emi,4,True,Returned,9
1964,2022-05-17,41576,Vikram Das,38,Female,West,Pune,Books,Biography,10,550.81,0.07,6670.17,3295.18,67.61,Cash On Delivery,4,False,Delivered,4
889,2021-02-04,13240,Arjun Das,41,Other,Central,Nagpur,Groceries,Sugar,2,184.78,0.02,289.36,22.18,44.84,Debit Card,1,False,Delivered,9
712,2020-11-22,65830,Rohan Shah,7,Other,West,Pune,Sports,Tennis Racket,3,843.33,0.23,1489.34,371.2,44.35,Net Banking,5,False,Delivered,1
3528,2024-03-11,6064,Meera Mishra,26,Other,South,Bangalore,Books,Comic Book,7,1296.36,0.33,7811.5,2621.95,93.81,Debit Card,3,False,Delivered,10
2845,2023-05-24,8284,Rohan Mishra,19,Male,West,Mumbai,Books,Comic Book,9,1391.1,0.09,19579.44,8225.45,57.35,Debit Card,5,False,Shipped,5
4009,2024-09-27,19149,Meera Reddy,41,Other,South,Hyderabad,Furniture,Sofa,10,24673.9,0.26,227656.87,85641.84,82.09,Debit Card,3,False,Delivered,8
492,2020-08-04,93700,Deepa Chatterjee,26,Other,North,Amritsar,Sports,Football,7,8179.73,0.1,61790.38,13078.48,40.31,Credit Card,1,False,Delivered,1
124,2020-02-16,6506,Vikram Mishra,32,Female,West,Mumbai,Electronics,Tablet,10,53531.64,0.13,400722.8,51938.51,58.35,Cash On Delivery,4,True,Returned,10
2333,2022-10-09,56340,Pooja Mehta,26,Male,North,Amritsar,Books,Fiction Novel,2,1065.57,0.21,2076.05,1101.49,25.68,Emi,4,False,Delivered,6
618,2020-10-03,23090,Kavya Iyer,43,Other,West,Mumbai,Books,Fiction Novel,5,1447.22,0.08,4844.51,2794.08,69.42,Upi,5,False,Delivered,2
1562,2021-11-30,52989,Meera Bose,37,Female,Central,Nagpur,Groceries,Tea,10,114.63,0.27,544.49,42.94,49.31,Emi,4,False,Delivered,8
2524,2023-01-01,2441,Sunita Bhat,54,Male,South,Bangalore,Sports,Cycle,3,6013.86,0.01,16119.22,3536.03,79.16,Emi,3,False,Shipped,6
3445,2024-02-03,68712,Sunita Kapoor,10,Other,Central,Nagpur,Beauty,Sunscreen,4,2410.81,0.23,8079.65,4194.49,53.44,Cash On Delivery,4,False,Delivered,5
1977,2022-05-23,2433,Arjun Gupta,27,Other,North,Ludhiana,Furniture,Wardrobe,2,14453.77,0.22,32603.05,8034.59,53.68,Upi,5,False,Delivered,9
562,2020-09-06,35414,Rohan Joshi,39,Female,West,Surat,Beauty,Lipstick,6,1280.84,0.23,5974.92,2678.22,72.99,Net Banking,3,False,Delivered,1
1698,2022-01-28,81725,Nikhil Singh,29,Other,East,Bhubaneswar,Furniture,Sofa,4,30087.03,0.2,73826.31,20501.91,80.38,Debit Card,1,False,Delivered,7
765,2020-12-13,44683,Rohan Patel,26,Other,North,Chandigarh,Furniture,Bed Frame,1,19060.92,0.31,9008.82,2392.71,30.32,Net Banking,2,False,Delivered,4
2155,2022-08-04,14965,Rohan Pillai,36,Female,South,Chennai,Sports,Tennis Racket,5,10085.52,0.04,65977.61,14440.37,73.11,Upi,2,True,Returned,5
696,2020-11-12,46839,Aditya Sharma,31,Other,Central,Bhopal,Sports,Dumbbells,8,12118.96,0.09,73900.27,14318.27,77.48,Cash On Delivery,3,False,Delivered,10
1267,2021-07-26,48930,Nikhil Nair,32,Other,South,Hyderabad,Beauty,Shampoo,2,434.45,0.32,753.9,264.34,66.45,Net Banking,4,True,Returned,3
1951,2022-05-11,38752,Pooja Sharma,52,Female,South,Bangalore,Clothing,Jeans,5,3102.98,0.11,20951.58,8948.88,34.13,Upi,5,False,Delivered,8
2802,2023-04-30,45496,Shreya Pillai,38,Other,South,Chennai,Beauty,Sunscreen,1,2094.7,0.36,1650.79,699.91,51.65,Credit Card,2,True,Returned,10
3202,2023-10-16,22113,Sunita Chatterjee,44,Other,North,Chandigarh,Electronics,Smartphone,6,44612.23,0.05,267791.02,30140.48,34.0,Cash On Delivery,3,False,Delivered,8
2299,2022-09-24,52655,Ritu Verma,30,Female,South,Bangalore,Groceries,Rice (5Kg),3,236.04,0.01,832.73,49.56,57.97,Credit Card,3,True,Returned,8
2203,2022-08-18,79474,Ananya Rao,58,Female,South,Bangalore,Beauty,Lipstick,5,2364.24,0.37,9797.68,5022.54,82.56,Net Banking,3,False,Delivered,4
2020,2022-06-10,31285,Ananya Patel,33,Other,West,Pune,Groceries,Flour,8,267.91,0.03,2920.99,292.84,61.35,Cash On Delivery,2,False,Delivered,1
2729,2023-03-29,2485,Ananya Bhat,45,Female,South,Hyderabad,Groceries,Sugar,8,85.59,0.25,545.76,41.46,75.34,Net Banking,4,False,Delivered,9
3881,2024-08-09,11708,Arjun Sharma,37,Other,North,Amritsar,Sports,Football,9,6043.66,0.35,50068.82,12593.51,35.57,Debit Card,2,False,Cancelled,1
358,2020-06-02,25786,Nikhil Verma,33,Male,Central,Nagpur,Clothing,Kurta,9,1720.87,0.07,18041.55,5490.24,62.42,Credit Card,1,False,Cancelled,8
2955,2023-07-04,34816,Arjun Bhat,41,Other,East,Guwahati,Clothing,Saree,6,1234.86,0.13,10211.19,4328.1,63.86,Emi,2,False,Delivered,6
3032,2023-08-05,90825,Rahul Gupta,30,Other,South,Chennai,Groceries,Dal (1Kg),3,394.17,0.1,1466.75,91.2,58.94,Net Banking,5,False,Delivered,1
3487,2024-02-24,26096,Shreya Shah,39,Other,West,Surat,Books,Comic Book,4,288.31,0.08,1146.19,424.38,65.73,Net Banking,3,False,Delivered,7
3074,2023-08-20,55244,Ananya Bose,24,Male,North,Ludhiana,Clothing,T-Shirt,7,3670.29,0.27,26206.04,9315.22,40.44,Upi,1,False,Cancelled,9
311,2020-05-16,95800,Priya Das,23,Female,East,Kolkata,Furniture,Desk,10,13553.87,0.13,143129.65,32317.75,87.72,Cash On Delivery,3,False,Delivered,9
3580,2024-04-04,38004,Aarav Nair,27,Other,South,Kochi,Clothing,Saree,9,2254.39,0.32,17631.01,5765.83,101.76,Debit Card,4,True,Returned,8
1308,2021-08-11,81370,Amit Sharma,39,Other,West,Pune,Clothing,Jeans,10,1816.68,0.15,18053.22,7198.9,61.69,Credit Card,5,False,Cancelled,2
128,2020-02-19,31223,Vikram Chatterjee,26,Female,North,Ludhiana,Groceries,Flour,5,458.64,0.35,273.05,23.39,42.91,Cash On Delivery,5,False,Delivered,4
3477,2024-02-18,49962,Priya Chatterjee,35,Other,North,Ludhiana,Electronics,Tablet,5,54916.9,0.4,177362.61,24965.38,46.27,Credit Card,5,False,Shipped,8
1831,2022-03-24,23447,Arjun Sharma,17,Male,Central,Nagpur,Clothing,Kurta,4,2766.72,0.34,8239.18,3180.32,51.11,Net Banking,5,False,Delivered,7
3785,2024-07-04,16284,Ananya Iyer,40,Female,East,Bhubaneswar,Groceries,Dal (1Kg),3,316.44,0.33,1181.33,72.84,95.3,Debit Card,3,False,Delivered,1
660,2020-10-24,65041,Priya Rao,36,Female,South,Bangalore,Groceries,Dal (1Kg),5,425.46,0.08,1535.18,99.18,73.11,Upi,5,False,Delivered,9
2979,2023-07-14,9411,Arjun Singh,39,Female,South,Chennai,Sports,Tennis Racket,4,1405.49,0.31,5675.34,1445.6,69.73,Emi,3,False,Delivered,6
1674,2022-01-17,9628,Sunita Mehta,38,Female,South,Hyderabad,Furniture,Bed Frame,9,18712.5,0.28,98718.08,31705.16,69.33,Cash On Delivery,4,False,Delivered,7
3129,2023-09-12,31428,Karan Chatterjee,29,Other,West,Pune,Furniture,Bed Frame,6,5060.62,0.26,28677.01,10234.55,79.73,Cash On Delivery,3,True,Returned,8
1531,2021-11-18,67021,Kavya Pillai,44,Female,West,Surat,Furniture,Bed Frame,1,3623.08,0.17,2627.42,856.29,74.4,Debit Card,2,False,Pending,3
2713,2023-03-22,44605,Rohan Gupta,30,Female,West,Surat,Furniture,Bed Frame,4,23122.77,0.34,75992.62,25870.08,83.74,Emi,4,False,Delivered,1
3661,2024-05-10,49064,Deepa Shah,30,Female,Central,Nagpur,Beauty,Hair Oil,8,1253.12,0.3,11982.36,7180.54,32.68,Net Banking,3,False,Delivered,10
44,2020-01-17,88344,Arjun Nair,21,Other,West,Mumbai,Groceries,Cooking Oil,7,134.49,0.17,553.96,54.43,58.18,Emi,1,True,Returned,9
2505,2022-12-23,69354,Kavya Nair,38,Female,Central,Indore,Groceries,Dal (1Kg),10,358.19,0.01,2982.6,268.81,72.77,Emi,2,False,Cancelled,1
3756,2024-06-24,46771,Karan Verma,46,Other,East,Kolkata,Sports,Dumbbells,2,4339.24,0.04,15428.64,2162.54,103.91,Credit Card,5,False,Delivered,2
2262,2022-09-11,7130,Shreya Iyer,20,Other,Central,Nagpur,Books,Fiction Novel,2,281.44,0.05,537.73,145.84,75.48,Cash On Delivery,2,False,Delivered,6
3459,2024-02-08,64884,Meera Bose,5,Male,East,Bhubaneswar,Electronics,Camera,9,43024.67,0.36,271258.64,27942.75,62.42,Debit Card,2,False,Delivered,8
4093,2024-11-10,78809,Priya Reddy,38,Female,West,Ahmedabad,Sports,Dumbbells,10,4613.71,0.17,37689.7,8096.33,57.21,Credit Card,1,False,Delivered,8
1793,2022-03-05,72099,Aarav Das,44,Female,West,Mumbai,Furniture,Wardrobe,10,30639.28,0.33,251539.23,67740.72,51.84,Upi,1,False,Delivered,4
1741,2022-02-12,77934,Rahul Singh,42,Other,North,Amritsar,Sports,Tennis Racket,8,3604.43,0.14,22742.31,5019.11,45.29,Cash On Delivery,3,False,Delivered,1
4012,2024-09-29,14684,Aditya Gupta,6,Other,Central,Nagpur,Sports,Tennis Racket,2,14686.72,0.25,30972.88,7672.73,59.7,Net Banking,2,False,Delivered,8
2250,2022-09-08,89025,Priya Kumar,46,Female,West,Mumbai,Clothing,Saree,2,3788.19,0.21,8490.21,2213.1,65.7,Net Banking,3,False,Pending,8
1419,2021-10-01,19497,Vikram Mehta,8,Male,West,Ahmedabad,Sports,Football,9,14766.84,0.35,79036.67,16949.03,34.32,Upi,5,False,Delivered,10
1546,2021-11-23,16135,Nikhil Singh,39,Female,Central,Indore,Furniture,Wardrobe,8,29381.66,0.22,157614.58,32492.98,48.89,Upi,1,False,Delivered,3
2539,2023-01-07,20162,Deepa Nair,32,Female,South,Bangalore,Groceries,Sugar,9,314.07,0.33,1512.76,125.71,61.79,Upi,1,False,Delivered,2
2364,2022-10-18,13899,Rohan Mishra,40,Male,South,Hyderabad,Groceries,Cooking Oil,1,480.83,0.03,413.43,28.39,66.81,Emi,2,True,Returned,10
4188,2024-12-26,3222,Pooja Bhat,34,Other,Central,Bhopal,Furniture,Chair,10,21965.61,0.25,142471.68,51299.09,54.26,Net Banking,1,True,Returned,10
1004,2021-03-31,99373,Kavya Nair,67,Male,Central,Raipur,Groceries,Dal (1Kg),3,205.29,0.0,664.78,44.95,36.41,Net Banking,1,False,Delivered,6
4020,2024-10-07,94098,Deepa Iyer,43,Other,South,Hyderabad,Books,Self-Help Book,7,1255.05,0.06,10208.81,4389.61,46.86,Debit Card,5,False,Cancelled,10
2496,2022-12-19,46384,Pooja Pillai,27,Male,North,Chandigarh,Electronics,Tablet,9,35439.71,0.1,264067.45,27911.46,45.64,Net Banking,5,False,Shipped,6
1843,2022-03-26,28515,Nikhil Singh,29,Male,East,Guwahati,Furniture,Bed Frame,2,7344.48,0.18,14733.39,4347.31,74.59,Cash On Delivery,5,False,Delivered,4
3784,2024-07-04,30184,Meera Bhat,36,Other,West,Pune,Clothing,Jacket,6,3443.27,0.34,23314.01,6106.27,43.69,Emi,3,False,Delivered,4
3869,2024-08-05,15668,Nisha Bhat,17,Male,East,Kolkata,Beauty,Hair Oil,3,1163.57,0.3,3576.96,1296.23,79.7,Credit Card,1,False,Delivered,7
3225,2023-10-26,29656,Amit Bhat,30,Female,West,Mumbai,Clothing,Saree,8,763.91,0.37,4285.91,1673.43,53.43,Upi,3,False,Delivered,6
2042,2022-06-18,37864,Sanjay Kapoor,49,Other,South,Hyderabad,Sports,Cycle,1,3118.43,0.23,3847.49,1157.76,70.54,Credit Card,4,False,Delivered,3
1184,2021-06-16,45729,Ananya Mishra,31,Female,East,Patna,Books,Biography,8,1312.46,0.07,15181.53,6179.92,55.66,Emi,3,False,Delivered,7
366,2020-06-05,37493,Aditya Iyer,34,Male,South,Bangalore,Books,Self-Help Book,8,1191.17,0.39,7944.27,3452.54,91.97,Net Banking,5,False,Shipped,2
1921,2022-04-29,32688,Ananya Mehta,16,Male,East,Kolkata,Books,Textbook,7,331.77,0.38,1662.51,587.87,93.29,Credit Card,3,False,Delivered,2
4105,2024-11-17,23063,Rohan Rao,33,Other,East,Patna,Sports,Tennis Racket,8,10030.91,0.02,67222.6,15466.13,100.02,Emi,3,False,Delivered,3
2946,2023-06-30,34949,Sunita Sharma,29,Other,East,Bhubaneswar,Books,Comic Book,5,1028.79,0.32,1058.82,441.92,77.01,Credit Card,3,True,Returned,3
3807,2024-07-13,40435,Aditya Singh,34,Male,East,Guwahati,Groceries,Cooking Oil,10,263.05,0.28,3446.63,252.71,60.29,Net Banking,4,False,Delivered,9
2692,2023-03-13,16083,Aditya Singh,40,Female,East,Patna,Groceries,Dal (1Kg),5,83.39,0.13,507.85,48.88,72.28,Cash On Delivery,5,False,Delivered,8
2324,2022-10-06,50408,Priya Nair,44,Female,North,Chandigarh,Electronics,Headphones,10,66222.83,0.39,364937.13,37488.21,35.08,Credit Card,3,False,Delivered,9
1839,2022-03-26,27694,Arjun Shah,21,Male,South,Kochi,Clothing,Jeans,3,3430.47,0.21,11607.03,4466.86,69.55,Emi,2,False,Delivered,1
1917,2022-04-28,61040,Aditya Sharma,21,Male,West,Ahmedabad,Groceries,Flour,9,150.66,0.3,1376.18,82.84,30.25,Emi,5,False,Delivered,4
1495,2021-11-02,79339,Karan Nair,48,Other,South,Chennai,Furniture,Wardrobe,3,22015.61,0.33,34539.97,5647.61,67.29,Credit Card,5,False,Delivered,9
1756,2022-02-17,12665,Pooja Sharma,35,Other,Central,Raipur,Furniture,Bed Frame,1,28755.19,0.03,24177.47,5824.34,35.93,Emi,4,False,Delivered,4
1151,2021-05-31,42604,Arjun Joshi,45,Female,East,Patna,Clothing,Kurta,1,708.87,0.04,897.13,364.6,69.26,Emi,1,False,Delivered,6
2820,2023-05-09,1567,Priya Verma,34,Male,East,Bhubaneswar,Sports,Football,5,635.13,0.28,3458.05,756.53,93.5,Debit Card,3,False,Delivered,8
1285,2021-08-02,48631,Deepa Singh,31,Male,South,Chennai,Furniture,Sofa,10,14508.49,0.21,169261.45,50893.66,54.2,Emi,5,False,Delivered,9
4185,2024-12-25,9877,Nisha Mehta,11,Male,South,Bangalore,Clothing,Kurta,6,914.9,0.29,3583.35,1511.38,91.61,Credit Card,5,False,Shipped,6
1599,2021-12-14,93504,Rahul Kumar,40,Male,West,Surat,Groceries,Sugar,1,324.69,0.21,195.27,15.34,67.29,Upi,4,True,Returned,6
3535,2024-03-15,89629,Ananya Joshi,30,Other,South,Bangalore,Books,Biography,4,840.47,0.24,3329.19,1532.51,78.49,Credit Card,3,False,Delivered,8
1314,2021-08-14,47839,Rahul Patel,32,Other,North,Amritsar,Electronics,Laptop,5,69893.85,0.26,364875.53,30513.58,59.78,Cash On Delivery,1,False,Shipped,7
3944,2024-08-28,94187,Shreya Iyer,43,Other,North,Delhi,Groceries,Rice (5Kg),6,294.0,0.01,2476.75,189.51,46.01,Credit Card,3,False,Delivered,10
1959,2022-05-16,38124,Amit Sharma,48,Female,South,Hyderabad,Beauty,Shampoo,1,2120.93,0.22,2475.08,882.31,64.27,Debit Card,5,False,Delivered,5
483,2020-08-01,65437,Deepa Verma,20,Female,Central,Bhopal,Beauty,Shampoo,7,1269.11,0.2,8655.36,3040.64,22.45,Net Banking,3,False,Delivered,5
2595,2023-02-01,96722,Pooja Iyer,47,Other,West,Mumbai,Furniture,Sofa,4,23419.55,0.31,74390.92,24893.16,60.16,Cash On Delivery,3,False,Shipped,10
2128,2022-07-24,18334,Sanjay Kumar,3,Male,North,Chandigarh,Groceries,Cooking Oil,7,371.4,0.26,2827.1,304.02,51.93,Net Banking,1,True,Returned,6
3386,2024-01-04,80775,Ritu Kumar,63,Female,Central,Nagpur,Beauty,Sunscreen,4,2223.64,0.15,6525.42,3524.54,33.24,Emi,2,False,Delivered,9
2283,2022-09-19,6888,Ananya Chatterjee,44,Male,South,Kochi,Clothing,Dress,8,598.22,0.37,3507.68,1290.64,67.18,Upi,5,False,Delivered,7
3743,2024-06-19,19488,Arjun Singh,39,Male,South,Kochi,Books,Biography,10,483.9,0.06,6763.93,3499.59,70.77,Emi,3,False,Shipped,6
1955,2022-05-14,76793,Arjun Iyer,28,Male,Central,Bhopal,Electronics,Smartwatch,4,17943.13,0.05,95732.21,10497.7,76.28,Debit Card,5,False,Delivered,6
903,2021-02-09,30562,Shreya Bose,46,Female,West,Mumbai,Groceries,Flour,6,442.45,0.28,1791.03,144.22,60.22,Emi,2,False,Cancelled,1
3047,2023-08-11,16193,Kavya Kapoor,34,Other,North,Chandigarh,Sports,Tennis Racket,10,12222.2,0.28,131369.75,28537.32,26.86,Debit Card,5,False,Delivered,8
2998,2023-07-21,44251,Amit Bose,38,Female,North,Delhi,Sports,Cycle,7,14576.84,0.04,162740.76,34015.33,54.66,Credit Card,3,False,Shipped,4
1779,2022-02-28,52985,Karan Mehta,12,Female,East,Patna,Furniture,Desk,6,9814.26,0.23,39342.72,8877.95,54.67,Upi,1,True,Returned,8
832,2021-01-15,36178,Shreya Reddy,43,Male,South,Bangalore,Furniture,Sofa,10,15368.38,0.3,93128.19,25001.12,71.29,Upi,2,False,Delivered,6
2180,2022-08-13,97256,Sanjay Sharma,50,Male,North,Ludhiana,Electronics,Laptop,6,6117.71,0.16,40557.08,4428.08,28.16,Debit Card,3,False,Shipped,4
3884,2024-08-09,63006,Karan Bose,36,Other,Central,Indore,Groceries,Flour,2,66.77,0.01,216.47,11.57,50.95,Cash On Delivery,3,False,Delivered,8
650,2020-10-17,76163,Karan Reddy,34,Other,South,Hyderabad,Sports,Cricket Bat,6,8844.24,0.21,44980.54,12774.01,53.01,Credit Card,4,False,Delivered,1
328,2020-05-22,60147,Pooja Nair,33,Other,North,Amritsar,Electronics,Smartwatch,9,45918.69,0.29,357689.69,29447.82,48.88,Net Banking,4,False,Delivered,6
2273,2022-09-15,71816,Nisha Verma,36,Female,Central,Nagpur,Books,Textbook,9,1131.92,0.12,10966.62,3680.22,39.84,Emi,3,False,Delivered,7
1865,2022-04-02,36542,Sanjay Bhat,44,Female,North,Chandigarh,Electronics,Laptop,6,8309.27,0.28,51030.14,6755.64,53.74,Debit Card,5,False,Delivered,8
3447,2024-02-04,5925,Aditya Kapoor,53,Female,North,Amritsar,Clothing,Kurta,9,1260.16,0.29,9260.74,1885.34,43.16,Debit Card,3,False,Delivered,3
1126,2021-05-24,35386,Meera Sharma,43,Female,North,Ludhiana,Clothing,Jeans,7,2698.4,0.21,23690.17,9129.7,40.03,Upi,4,False,Delivered,4
1509,2021-11-09,1750,Nikhil Pillai,49,Male,West,Mumbai,Beauty,Face Cream,2,1889.82,0.31,2196.85,602.0,54.82,Emi,5,False,Delivered,6
301,2020-05-11,15889,Sunita Chatterjee,26,Female,Central,Raipur,Electronics,Headphones,8,40911.48,0.09,361315.62,40799.74,67.15,Debit Card,1,False,Delivered,4
1048,2021-04-20,60742,Aarav Nair,45,Other,North,Delhi,Sports,Yoga Mat,9,11805.28,0.27,86430.39,29866.83,49.92,Cash On Delivery,1,False,Delivered,8
261,2020-04-24,73139,Ananya Iyer,34,Female,South,Chennai,Sports,Tennis Racket,2,3013.7,0.11,5709.63,1988.95,55.35,Upi,1,False,Delivered,10
2272,2022-09-14,73221,Deepa Patel,28,Male,North,Chandigarh,Beauty,Sunscreen,10,537.83,0.23,4825.68,2340.29,51.8,Net Banking,5,False,Delivered,10
3533,2024-03-15,80821,Nisha Pillai,27,Other,South,Hyderabad,Beauty,Lipstick,3,1642.41,0.08,5813.31,2075.45,71.2,Upi,3,True,Returned,5
1909,2022-04-24,4537,Meera Sharma,37,Other,North,Amritsar,Books,Cook Book,10,549.69,0.15,6379.06,2818.11,41.87,Emi,2,True,Returned,5
1080,2021-05-03,75006,Aditya Mehta,38,Female,Central,Nagpur,Beauty,Sunscreen,9,1894.31,0.16,22532.03,10031.98,58.22,Emi,4,False,Pending,4
480,2020-07-31,64893,Nikhil Kumar,41,Female,West,Surat,Beauty,Sunscreen,1,765.68,0.21,780.12,338.31,66.83,Cash On Delivery,4,False,Delivered,1
3883,2024-08-09,62193,Aarav Kumar,45,Female,Central,Raipur,Electronics,Smartwatch,9,15767.46,0.02,198910.86,22958.1,44.62,Credit Card,3,True,Returned,6
1340,2021-08-24,16922,Deepa Gupta,32,Female,South,Chennai,Beauty,Hair Oil,4,154.86,0.33,476.99,235.99,64.4,Debit Card,3,False,Delivered,100
2424,2022-11-14,76878,Deepa Chatterjee,25,Other,South,Kochi,Clothing,Dress,7,1668.16,0.14,9181.91,2178.68,85.58,Upi,3,False,Delivered,7
513,2020-08-14,92623,Deepa Kapoor,44,Male,North,Delhi,Clothing,Kurta,8,310.3,0.25,2033.35,737.69,67.74,Credit Card,2,False,Delivered,1
871,2021-01-31,3293,Nikhil Singh,56,Other,West,Ahmedabad,Clothing,Jeans,9,3487.25,0.28,17823.41,4665.95,82.7,Cash On Delivery,3,False,Pending,1
3951,2024-08-31,33825,Shreya Pillai,50,Other,South,Bangalore,Furniture,Bed Frame,10,26635.98,0.06,367560.6,78146.62,68.75,Upi,3,False,Pending,1
2460,2022-12-03,99353,Kavya Patel,53,Other,South,Kochi,Furniture,Sofa,8,18080.06,0.05,115257.52,35354.74,73.79,Credit Card,4,False,Pending,8
3672,2024-05-14,50417,Ananya Pillai,31,Female,West,Surat,Groceries,Dal (1Kg),9,452.08,0.37,4593.7,347.56,25.04,Emi,3,True,Returned,8
1900,2022-04-19,41577,Aditya Pillai,44,Other,West,Ahmedabad,Electronics,Tablet,4,77381.07,0.18,364698.74,37606.07,56.99,Net Banking,4,False,Delivered,6
1401,2021-09-24,40146,Sanjay Mehta,22,Female,South,Bangalore,Beauty,Lipstick,6,669.59,0.13,3355.53,1841.16,75.65,Net Banking,3,False,Delivered,9
2311,2022-10-01,1001,Karan Sharma,44,Male,North,Amritsar,Furniture,Bed Frame,3,27210.05,0.19,62722.39,17708.26,59.37,Net Banking,2,False,Delivered,3
2582,2023-01-27,82185,Ananya Shah,5,Male,North,Ludhiana,Groceries,Dal (1Kg),7,339.27,0.26,1329.9,86.12,73.68,Credit Card,1,False,Delivered,4
1062,2021-04-26,17327,Deepa Patel,35,Female,Central,Indore,Beauty,Face Cream,7,2147.13,0.14,15222.32,7449.79,44.3,Emi,1,True,Returned,6
3522,2024-03-10,10582,Vikram Joshi,28,Other,North,Chandigarh,Clothing,Jeans,3,1169.59,0.08,4785.04,1679.66,39.22,Credit Card,3,False,Cancelled,9
3523,2024-03-10,64913,Deepa Shah,25,Male,East,Bhubaneswar,Beauty,Lipstick,8,2047.88,0.33,14345.76,7218.0,91.61,Upi,4,False,Delivered,7
2775,2023-04-16,34245,Kavya Singh,24,Other,Central,Raipur,Groceries,Rice (5Kg),9,116.77,0.32,1063.93,79.45,52.95,Debit Card,3,False,Delivered,1
1134,2021-05-27,8345,Deepa Bhat,46,Female,West,Pune,Clothing,T-Shirt,1,1888.98,0.35,2013.48,657.59,53.7,Credit Card,2,False,Delivered,7
802,2020-12-30,38432,Rahul Joshi,23,Female,Central,Nagpur,Sports,Cricket Bat,3,642.91,0.33,879.77,176.34,61.52,Debit Card,2,True,Returned,6
2178,2022-08-12,85408,Nisha Chatterjee,64,Female,South,Bangalore,Books,Biography,5,923.72,0.19,4931.75,2749.25,63.68,Net Banking,2,True,Returned,1
1815,2022-03-15,92618,Amit Pillai,44,Other,North,Chandigarh,Clothing,Saree,2,348.61,0.37,468.08,156.44,76.85,Emi,3,False,Delivered,6
510,2020-08-14,90008,Deepa Nair,39,Other,North,Amritsar,Groceries,Dal (1Kg),7,406.08,0.37,2000.38,109.82,1.6,Credit Card,5,False,Delivered,7
2457,2022-12-01,32217,Rohan Reddy,24,Female,East,Patna,Sports,Yoga Mat,3,8281.49,0.28,14650.55,4700.02,73.15,Upi,3,False,Delivered,2
3632,2024-04-28,7289,Priya Gupta,26,Female,East,Patna,Groceries,Flour,2,180.86,0.04,487.22,40.04,88.04,Credit Card,4,False,Delivered,5
725,2020-11-29,53613,Sanjay Mishra,40,Male,West,Ahmedabad,Groceries,Rice (5Kg),7,486.89,0.23,1947.86,122.41,56.74,Debit Card,5,False,Delivered,4
3726,2024-06-13,30497,Aarav Rao,47,Other,South,Chennai,Beauty,Face Cream,4,1180.84,0.39,5917.92,3098.15,55.9,Emi,3,False,Delivered,6
1856,2022-03-31,17816,Nisha Das,22,Other,East,Guwahati,Electronics,Laptop,9,51210.29,0.26,431521.81,47793.41,80.02,Emi,3,False,Delivered,7
3831,2024-07-23,20981,Pooja Gupta,37,Male,West,Ahmedabad,Sports,Cricket Bat,1,9065.16,0.15,13700.29,2690.0,73.71,Net Banking,4,False,Delivered,4
1745,2022-02-14,928,Arjun Shah,64,Other,Central,Bhopal,Furniture,Desk,9,20253.5,0.07,175221.15,57254.45,53.7,Upi,3,False,Delivered,2
67,2020-01-25,86021,Vikram Rao,49,Female,Central,Nagpur,Beauty,Sunscreen,4,969.74,0.21,2975.27,1113.65,41.6,Upi,2,False,Delivered,6
761,2020-12-11,55772,Priya Reddy,27,Other,South,Kochi,Groceries,Flour,10,315.3,0.29,1585.06,111.69,63.67,Debit Card,2,False,Cancelled,3
1397,2021-09-22,70416,Pooja Reddy,46,Other,Central,Bhopal,Books,Cook Book,3,1314.32,0.37,2667.9,1110.89,44.79,Cash On Delivery,3,False,Pending,5
1622,2021-12-26,32470,Deepa Rao,44,Male,Central,Raipur,Clothing,Kurta,7,2270.0,0.09,11066.01,3221.05,55.24,Cash On Delivery,5,False,Delivered,8
611,2020-09-29,98921,Pooja Joshi,54,Male,South,Kochi,Furniture,Sofa,10,2744.45,0.38,17674.13,7107.97,63.51,Cash On Delivery,4,False,Delivered,1
679,2020-11-03,52083,Sunita Reddy,37,Other,East,Patna,Beauty,Perfume,9,1906.76,0.36,8390.58,3960.36,91.4,Net Banking,4,False,Shipped,6
2788,2023-04-21,95526,Karan Sharma,43,Male,North,Ludhiana,Sports,Yoga Mat,1,3242.71,0.34,3023.0,605.12,37.04,Cash On Delivery,3,False,Delivered,2
373,2020-06-08,27217,Nisha Gupta,34,Male,Central,Raipur,Furniture,Desk,4,26538.28,0.28,110728.91,35173.48,70.37,Upi,3,False,Delivered,5
2159,2022-08-04,82127,Vikram Joshi,20,Female,West,Surat,Beauty,Shampoo,6,2223.4,0.39,10336.77,4822.67,54.1,Upi,1,False,Delivered,1
2125,2022-07-24,56134,Pooja Nair,33,Other,Central,Bhopal,Groceries,Dal (1Kg),4,63.82,0.37,257.56,22.21,49.45,Upi,4,True,Returned,10
3360,2023-12-25,69375,Pooja Verma,37,Male,East,Kolkata,Electronics,Headphones,3,24262.65,0.02,65587.56,9960.87,61.25,Net Banking,2,False,Delivered,10
2119,2022-07-22,7014,Rohan Iyer,21,Other,Central,Raipur,Sports,Cycle,5,11099.1,0.05,82679.97,21389.61,42.92,Emi,2,False,Delivered,7
2350,2022-10-13,49485,Sanjay Verma,47,Other,West,Surat,Groceries,Flour,2,463.54,0.14,751.49,62.99,75.64,Net Banking,5,False,Delivered,2
1153,2021-06-01,24181,Vikram Chatterjee,57,Other,North,Chandigarh,Furniture,Desk,7,16753.46,0.32,120954.22,36178.46,49.72,Upi,1,False,Delivered,4
1716,2022-02-02,37025,Nikhil Joshi,36,Other,North,Ludhiana,Sports,Cricket Bat,3,1355.28,0.1,3611.47,631.16,55.05,Debit Card,3,False,Delivered,3
3983,2024-09-12,90035,Kavya Nair,34,Other,East,Patna,Electronics,Camera,1,52760.05,0.27,53395.11,6374.3,69.78,Cash On Delivery,3,False,Delivered,5
243,2020-04-16,9436,Deepa Nair,30,Male,South,Hyderabad,Clothing,Dress,3,995.86,0.13,2883.96,919.54,83.09,Debit Card,2,True,Returned,3
3502,2024-03-02,188,Arjun Kumar,39,Other,East,Patna,Books,Textbook,4,838.86,0.21,4823.62,1699.36,91.38,Upi,5,False,Delivered,1
215,2020-04-04,24370,Priya Bhat,32,Male,North,Amritsar,Groceries,Cooking Oil,4,274.86,0.34,738.23,64.05,67.36,Upi,2,False,Delivered,2
1261,2021-07-23,72026,Aarav Bose,42,Other,East,Guwahati,Electronics,Smartwatch,5,69372.74,0.32,68226.26,9165.4,102.31,Net Banking,3,False,Delivered,8
2213,2022-08-24,26490,Arjun Bhat,28,Female,East,Guwahati,Electronics,Headphones,1,51058.89,0.38,41545.59,5436.55,71.72,Net Banking,2,True,Returned,5
453,2020-07-19,16095,Sunita Das,14,Female,West,Ahmedabad,Clothing,T-Shirt,5,526.99,0.37,2143.91,931.96,36.77,Debit Card,2,False,Delivered,5
3933,2024-08-25,65920,Vikram Bose,30,Female,North,Amritsar,Furniture,Desk,5,5015.22,0.23,28243.5,9170.82,35.02,Emi,3,False,Delivered,10
1380,2021-09-15,11106,Rohan Reddy,37,Female,West,Surat,Beauty,Sunscreen,6,386.4,0.05,2325.22,1189.61,40.66,Credit Card,1,False,Delivered,10
2865,2023-05-30,23967,Kavya Shah,19,Male,East,Patna,Electronics,Smartphone,1,11340.22,0.33,11399.21,1893.42,112.08,Credit Card,3,False,Shipped,5
424,2020-07-06,80538,Rahul Kumar,50,Other,West,Surat,Beauty,Face Cream,8,122.16,0.04,1352.85,624.96,78.74,Credit Card,1,False,Delivered,8
1795,2022-03-06,84855,Vikram Reddy,37,Female,North,Chandigarh,Beauty,Shampoo,1,2287.88,0.13,2605.92,984.29,61.0,Cash On Delivery,3,False,Delivered,10
2149,2022-08-01,84198,Priya Pillai,15,Female,South,Hyderabad,Sports,Football,3,7029.88,0.0,30080.08,7677.44,83.89,Emi,2,False,Shipped,10
1333,2021-08-20,98551,Aarav Verma,43,Female,East,Patna,Beauty,Face Cream,7,2072.71,0.36,11905.56,4495.73,76.63,Upi,5,False,Delivered,9
2981,2023-07-15,16972,Amit Singh,59,Other,East,Kolkata,Groceries,Dal (1Kg),1,420.19,0.04,592.96,70.71,40.34,Cash On Delivery,3,False,Delivered,4
2677,2023-03-04,29585,Kavya Singh,28,Female,Central,Indore,Groceries,Tea,7,493.14,0.07,4089.53,366.06,60.87,Net Banking,3,False,Shipped,2
1720,2022-02-05,86385,Priya Pillai,25,Other,Central,Raipur,Sports,Dumbbells,5,5502.6,0.01,28294.84,8865.25,65.01,Cash On Delivery,4,False,Delivered,4
1918,2022-04-28,4256,Ananya Bhat,35,Male,South,Bangalore,Electronics,Smartphone,6,39743.58,0.06,290848.39,32188.69,78.1,Upi,5,False,Delivered,45
1679,2022-01-19,27192,Karan Pillai,36,Female,South,Hyderabad,Books,Textbook,7,903.3,0.22,4147.54,1984.59,55.08,Upi,2,False,Delivered,3
76,2020-01-29,67944,Vikram Singh,13,Other,Central,Indore,Sports,Dumbbells,2,13459.3,0.24,17258.31,2829.0,42.24,Upi,1,False,Delivered,4
684,2020-11-06,61978,Sanjay Kumar,39,Other,Central,Indore,Beauty,Face Cream,3,1239.17,0.37,1595.55,768.1,50.76,Upi,3,False,Delivered,5
1786,2022-03-03,84190,Rohan Kapoor,26,Male,East,Bhubaneswar,Beauty,Shampoo,5,2389.78,0.27,9862.27,4445.3,88.28,Credit Card,1,False,Delivered,6
3011,2023-07-27,93010,Deepa Singh,35,Female,South,Hyderabad,Sports,Dumbbells,10,14369.58,0.19,155449.27,43778.31,70.01,Upi,2,False,Delivered,3
1092,2021-05-08,67703,Karan Kapoor,41,Male,South,Chennai,Groceries,Sugar,7,299.11,0.28,2191.03,148.75,87.79,Cash On Delivery,5,False,Delivered,6
3226,2023-10-27,57729,Pooja Bhat,47,Male,Central,Bhopal,Sports,Dumbbells,10,4956.92,0.26,37464.05,10028.06,55.21,Emi,2,False,Delivered,6
935,2021-02-26,9173,Shreya Kumar,32,Female,North,Amritsar,Furniture,Bed Frame,3,26021.42,0.06,58084.97,15110.03,29.22,Credit Card,3,False,Delivered,1
1506,2021-11-06,86212,Priya Chatterjee,27,Male,East,Patna,Books,Comic Book,9,1191.62,0.33,5257.68,2138.66,54.25,Net Banking,2,False,Cancelled,7
1833,2022-03-24,97409,Shreya Patel,27,Female,South,Hyderabad,Books,Biography,5,845.02,0.38,3063.76,1423.14,65.17,Emi,3,False,Delivered,7
2179,2022-08-13,70183,Rahul Sharma,34,Male,South,Chennai,Clothing,Jeans,7,838.11,0.21,6198.3,2068.64,74.48,Emi,4,False,Delivered,4
2086,2022-07-08,76981,Vikram Sharma,32,Male,West,Ahmedabad,Furniture,Wardrobe,4,34455.3,0.15,170405.41,53474.69,73.85,Cash On Delivery,1,False,Delivered,8
1994,2022-05-30,77542,Kavya Kumar,29,Female,North,Delhi,Beauty,Shampoo,1,737.47,0.08,972.44,502.12,86.32,Net Banking,3,False,Delivered,10
2640,2023-02-16,79657,Vikram Nair,8,Male,South,Chennai,Clothing,Jeans,10,1075.33,0.06,10581.42,3323.08,58.54,Emi,2,False,Delivered,1
666,2020-10-28,11287,Shreya Shah,26,Female,North,Delhi,Sports,Cycle,5,1900.51,0.24,5891.51,1237.06,31.46,Credit Card,1,False,Delivered,10
1446,2021-10-15,71072,Aarav Chatterjee,34,Male,West,Mumbai,Books,Biography,10,521.91,0.13,4198.23,1720.46,41.86,Debit Card,2,False,Delivered,7
1573,2021-12-04,89799,Priya Iyer,43,Male,East,Guwahati,Groceries,Tea,6,479.7,0.21,1769.61,138.58,81.02,Debit Card,1,False,Delivered,4
2177,2022-08-12,13161,Sanjay Pillai,26,Male,Central,Nagpur,Sports,Tennis Racket,3,13900.23,0.06,55053.72,12908.85,55.5,Credit Card,5,False,Delivered,3
1727,2022-02-08,59056,Sanjay Chatterjee,48,Other,West,Pune,Groceries,Dal (1Kg),9,220.51,0.21,1973.84,156.87,75.94,Debit Card,1,True,Returned,2
1816,2022-03-15,9358,Pooja Verma,47,Female,East,Kolkata,Clothing,Dress,5,2706.32,0.18,2470.18,804.13,91.14,Credit Card,3,False,Shipped,7
1231,2021-07-10,41296,Arjun Bhat,48,Female,South,Bangalore,Clothing,Saree,2,796.71,0.25,1565.52,494.29,79.43,Emi,1,False,Shipped,7
3928,2024-08-23,93025,Vikram Pillai,34,Female,West,Surat,Books,Cook Book,9,545.35,0.1,6681.19,2838.94,63.95,Debit Card,2,True,Returned,4
949,2021-03-06,62789,Nikhil Nair,22,Female,East,Guwahati,Sports,Football,1,12745.08,0.04,13997.17,3273.37,95.74,Upi,3,True,Returned,1
2969,2023-07-08,90919,Meera Pillai,39,Male,South,Chennai,Electronics,Tablet,10,75218.46,0.11,1071676.26,126516.22,87.54,Credit Card,5,False,Delivered,6
2219,2022-08-26,79612,Meera Bose,55,Other,South,Kochi,Clothing,Dress,3,2275.89,0.37,5784.15,2003.88,91.14,Credit Card,2,False,Pending,8
356,2020-06-02,8599,Priya Gupta,35,Male,Central,Indore,Beauty,Sunscreen,9,1088.49,0.18,9801.87,3831.73,58.48,Credit Card,1,False,Delivered,6
1691,2022-01-24,25926,Sunita Joshi,47,Other,Central,Indore,Clothing,Jeans,9,2676.81,0.06,20021.18,6907.31,80.49,Debit Card,1,False,Delivered,7
1320,2021-08-16,49427,Nisha Bhat,27,Other,East,Bhubaneswar,Clothing,Saree,5,1016.27,0.31,3776.28,996.28,80.84,Upi,3,False,Delivered,8
3846,2024-07-29,69930,Vikram Kapoor,58,Male,South,Bangalore,Sports,Football,3,14603.58,0.26,55450.77,10463.09,56.67,Credit Card,2,False,Delivered,7
2738,2023-03-31,25037,Shreya Joshi,40,Other,North,Chandigarh,Electronics,Tablet,6,51056.11,0.12,301146.22,46670.71,55.16,Upi,3,True,Returned,6
448,2020-07-16,82556,Kavya Verma,45,Other,Central,Raipur,Groceries,Tea,3,338.27,0.21,1105.54,91.98,65.89,Debit Card,3,False,Pending,1
2008,2022-06-04,38535,Ritu Chatterjee,24,Female,North,Ludhiana,Books,Comic Book,5,1362.67,0.35,6858.54,3271.94,53.41,Net Banking,2,False,Delivered,7
3723,2024-06-12,40746,Meera Nair,33,Other,North,Ludhiana,Furniture,Desk,8,24394.07,0.35,188753.55,52364.3,37.42,Cash On Delivery,1,False,Delivered,2
2685,2023-03-10,44671,Aditya Pillai,22,Female,North,Delhi,Clothing,Kurta,9,2747.04,0.29,21056.46,7428.62,39.99,Net Banking,3,False,Cancelled,7
57,2020-01-21,26450,Pooja Joshi,34,Other,South,Chennai,Groceries,Rice (5Kg),10,104.12,0.32,491.8,20.12,81.05,Debit Card,4,False,Shipped,7
856,2021-01-25,85777,Aditya Kumar,28,Other,Central,Nagpur,Sports,Cycle,4,11854.96,0.0,42761.49,9643.25,65.47,Net Banking,2,False,Delivered,3
932,2021-02-25,66017,Nisha Chatterjee,35,Male,South,Bangalore,Electronics,Smartphone,4,40123.0,0.3,106939.95,10117.28,58.87,Net Banking,3,True,Returned,10
3730,2024-06-15,49008,Kavya Reddy,24,Male,East,Bhubaneswar,Electronics,Tablet,4,56393.82,0.37,238585.21,36073.62,49.73,Upi,2,False,Delivered,10
4003,2024-09-24,94541,Shreya Bose,42,Female,West,Mumbai,Beauty,Lipstick,7,1565.4,0.05,13028.24,6557.25,48.19,Net Banking,3,False,Delivered,2
3393,2024-01-08,78516,Ritu Shah,53,Male,East,Kolkata,Groceries,Flour,8,300.87,0.35,1616.03,134.52,86.63,Debit Card,2,False,Cancelled,10
4140,2024-12-04,10076,Sanjay Iyer,47,Male,Central,Raipur,Beauty,Shampoo,9,173.38,0.35,967.63,355.07,33.17,Cash On Delivery,5,False,Cancelled,10
2578,2023-01-27,92230,Pooja Kapoor,40,Male,South,Bangalore,Clothing,Dress,8,3588.97,0.21,25017.3,6791.82,59.97,Net Banking,5,False,Delivered,10
3991,2024-09-19,26095,Aditya Reddy,31,Female,South,Chennai,Beauty,Face Cream,10,1064.73,0.23,9344.71,3730.48,58.78,Credit Card,2,False,Cancelled,2
2080,2022-07-06,66538,Rahul Pillai,50,Other,South,Bangalore,Furniture,Desk,5,33788.21,0.14,211505.45,61443.22,95.75,Cash On Delivery,3,True,Returned,7
1603,2021-12-15,45758,Sanjay Nair,25,Other,West,Pune,Beauty,Shampoo,4,2108.75,0.32,4272.12,1577.65,74.62,Emi,2,False,Delivered,6
2170,2022-08-09,83068,Kavya Shah,42,Other,Central,Nagpur,Books,Self-Help Book,3,969.7,0.1,3355.24,1386.74,44.19,Credit Card,1,False,Delivered,4
743,2020-12-03,22966,Sunita Singh,9,Male,East,Guwahati,Furniture,Desk,9,29323.2,0.31,132224.5,30686.83,80.41,Debit Card,4,True,Returned,5
3095,2023-08-30,91267,Ritu Patel,27,Female,Central,Nagpur,Beauty,Perfume,10,427.76,0.04,4968.59,1801.67,67.38,Upi,5,False,Delivered,1
2886,2023-06-04,25210,Sanjay Kumar,38,Female,Central,Raipur,Groceries,Dal (1Kg),9,458.95,0.24,5524.99,539.3,58.47,Upi,2,True,Returned,9
810,2021-01-06,91471,Pooja Gupta,18,Male,South,Kochi,Beauty,Perfume,2,586.74,0.39,617.26,319.17,83.13,Credit Card,3,False,Delivered,6
595,2020-09-24,82726,Karan Rao,15,Other,North,Amritsar,Electronics,Laptop,6,51445.76,0.28,189220.35,22619.43,67.8,Credit Card,2,False,Delivered,5
1510,2021-11-10,71235,Shreya Sharma,62,Female,South,Kochi,Groceries,Flour,2,331.43,0.15,388.61,21.42,54.3,Upi,2,False,Delivered,4
878,2021-02-02,74864,Vikram Sharma,41,Female,North,Ludhiana,Groceries,Tea,1,409.48,0.32,275.92,21.85,52.01,Upi,5,False,Cancelled,5
381,2020-06-11,2130,Ananya Verma,29,Male,West,Surat,Sports,Tennis Racket,7,9615.9,0.34,53730.92,13253.84,48.62,Emi,3,True,Returned,8
2628,2023-02-14,48700,Meera Bose,30,Male,Central,Nagpur,Electronics,Smartwatch,9,65519.43,0.23,483891.6,51648.1,68.64,Credit Card,1,True,Returned,9
3708,2024-06-02,22717,Pooja Das,44,Female,East,Kolkata,Clothing,Kurta,2,843.73,0.32,1839.05,660.61,92.53,Upi,5,False,Delivered,10
2585,2023-01-29,32210,Meera Das,33,Male,South,Bangalore,Groceries,Cooking Oil,3,443.89,0.01,1152.72,75.7,66.88,Cash On Delivery,4,False,Delivered,9
1884,2022-04-11,42306,Shreya Sharma,62,Female,West,Pune,Beauty,Perfume,7,519.13,0.35,3102.68,1514.19,82.54,Cash On Delivery,1,True,Returned,9
2534,2023-01-04,25928,Karan Sharma,36,Male,Central,Nagpur,Sports,Dumbbells,8,6382.18,0.37,26872.75,3931.39,52.42,Upi,1,True,Returned,8
1827,2022-03-19,19509,Kavya Nair,13,Other,Central,Raipur,Beauty,Lipstick,1,2486.96,0.3,1982.36,610.56,67.35,Credit Card,2,False,Delivered,10
829,2021-01-15,78751,Rahul Chatterjee,42,Other,South,Chennai,Furniture,Desk,10,25214.06,0.36,131999.09,39084.78,68.52,Credit Card,5,True,Returned,3
1220,2021-07-04,25349,Kavya Iyer,27,Male,North,Ludhiana,Electronics,Laptop,5,42777.53,0.21,192877.7,27062.25,46.76,Debit Card,2,False,Cancelled,6
3491,2024-02-26,43868,Aarav Bhat,37,Male,South,Chennai,Groceries,Cooking Oil,10,150.97,0.35,1192.31,113.82,61.55,Upi,2,False,Delivered,7
4191,2024-12-26,42768,Nisha Singh,4,Female,West,Surat,Sports,Cycle,8,1646.28,0.25,7889.98,1643.93,58.56,Cash On Delivery,4,False,Delivered,10
307,2020-05-13,9307,Meera Shah,27,Female,South,Hyderabad,Electronics,Camera,10,75021.17,0.13,834952.68,112520.6,68.07,Emi,1,True,Returned,5
3600,2024-04-15,20450,Shreya Shah,31,Female,Central,Nagpur,Sports,Cricket Bat,4,713.59,0.08,3859.57,957.0,84.62,Cash On Delivery,5,False,Delivered,8
3857,2024-08-03,13391,Shreya Sharma,53,Female,West,Mumbai,Furniture,Chair,8,26914.41,0.11,255026.97,79719.78,50.27,Credit Card,5,False,Delivered,4
507,2020-08-13,46786,Aditya Shah,31,Other,South,Chennai,Sports,Yoga Mat,6,1678.96,0.12,10018.4,2148.34,65.84,Cash On Delivery,5,False,Delivered,2
3454,2024-02-06,89953,Karan Rao,46,Female,West,Ahmedabad,Furniture,Bookshelf,10,16254.1,0.26,125959.07,37227.54,70.22,Upi,3,False,Delivered,1
481,2020-08-01,68644,Sunita Verma,19,Male,North,Amritsar,Clothing,Dress,9,2544.25,0.11,21015.96,7378.5,50.92,Net Banking,2,True,Returned,2
609,2020-09-29,16346,Pooja Patel,55,Female,West,Surat,Electronics,Camera,1,22610.21,0.08,20431.16,2517.07,48.04,Net Banking,4,False,Delivered,5
2905,2023-06-10,2847,Sunita Pillai,3,Female,Central,Bhopal,Clothing,Jeans,5,3673.58,0.01,28371.45,10857.99,74.84,Upi,3,True,Returned,9
1411,2021-09-28,46708,Rahul Das,41,Male,Central,Bhopal,Books,Comic Book,5,293.56,0.4,988.84,397.44,61.09,Credit Card,4,False,Cancelled,5
1282,2021-08-01,23140,Ananya Verma,22,Male,Central,Nagpur,Sports,Cycle,7,5887.32,0.27,40536.35,9596.19,68.83,Credit Card,5,False,Delivered,8
1240,2021-07-14,2075,Karan Bhat,47,Female,East,Bhubaneswar,Clothing,Jeans,5,569.89,0.22,3040.97,986.27,87.82,Cash On Delivery,5,False,Delivered,4
3971,2024-09-08,63045,Shreya Patel,35,Other,East,Kolkata,Beauty,Face Cream,2,1573.95,0.29,3007.27,1137.44,97.85,Cash On Delivery,5,False,Delivered,3
4179,2024-12-22,52695,Meera Mehta,47,Male,North,Chandigarh,Electronics,Laptop,10,56887.12,0.33,320072.27,41433.48,58.41,Net Banking,1,False,Delivered,6
4081,2024-11-05,7666,Ananya Gupta,27,Other,East,Guwahati,Electronics,Camera,3,44959.14,0.09,118547.82,8051.31,75.4,Credit Card,1,False,Delivered,6
3733,2024-06-16,26791,Vikram Pillai,34,Female,East,Bhubaneswar,Groceries,Dal (1Kg),8,164.21,0.25,1864.61,136.75,81.6,Debit Card,4,False,Shipped,10
3421,2024-01-22,55778,Nisha Gupta,44,Male,West,Surat,Sports,Cricket Bat,9,2259.11,0.31,14997.8,3849.42,64.99,Debit Card,1,False,Delivered,5
3292,2023-11-24,35522,Pooja Gupta,19,Other,North,Amritsar,Beauty,Lipstick,7,1961.36,0.27,8020.15,4122.3,73.28,Emi,5,False,Delivered,3
37,2020-01-14,89513,Nisha Sharma,48,Female,East,Patna,Furniture,Wardrobe,7,6792.29,0.32,21828.0,4870.2,107.06,Cash On Delivery,1,False,Shipped,5
859,2021-01-27,24558,Deepa Verma,13,Female,West,Mumbai,Clothing,Jeans,6,362.57,0.02,1703.95,781.43,66.82,Upi,4,False,Delivered,6
1796,2022-03-06,63701,Ritu Pillai,42,Male,South,Kochi,Sports,Dumbbells,3,14886.59,0.38,34438.41,6332.53,89.5,Emi,3,False,Delivered,6
1799,2022-03-07,98513,Priya Reddy,40,Other,East,Guwahati,Electronics,Smartphone,6,34836.46,0.18,214950.87,36793.67,90.28,Emi,4,False,Delivered,6
454,2020-07-19,32184,Kavya Mishra,27,Male,East,Patna,Groceries,Cooking Oil,1,456.21,0.05,516.4,43.61,72.68,Upi,4,False,Delivered,2
1617,2021-12-25,68176,Sanjay Chatterjee,19,Male,Central,Nagpur,Furniture,Sofa,1,10289.79,0.25,5945.61,1688.17,44.08,Debit Card,2,False,Pending,7
3567,2024-03-29,78044,Sanjay Mehta,44,Other,South,Chennai,Electronics,Smartwatch,3,66697.68,0.14,252177.93,18032.17,80.02,Cash On Delivery,4,False,Delivered,7
2577,2023-01-27,41943,Sunita Nair,47,Male,North,Delhi,Books,Textbook,9,1160.6,0.2,8089.96,3888.59,70.91,Net Banking,3,False,Delivered,6
2129,2022-07-24,19983,Amit Chatterjee,35,Other,South,Hyderabad,Books,Biography,4,278.07,0.38,1035.4,495.92,99.54,Cash On Delivery,2,False,Delivered,2
3128,2023-09-12,69119,Rahul Gupta,39,Male,East,Kolkata,Sports,Cycle,5,1183.87,0.04,7684.63,1285.86,76.95,Debit Card,1,False,Delivered,5
3423,2024-01-24,37977,Deepa Mehta,33,Male,South,Hyderabad,Electronics,Smartwatch,5,76620.87,0.38,47511.85,5066.87,95.49,Emi,1,False,Delivered,2
1707,2022-01-31,39127,Aditya Kumar,38,Male,South,Bangalore,Beauty,Sunscreen,3,2463.48,0.09,5478.55,2170.17,88.35,Cash On Delivery,1,True,Returned,3
3676,2024-05-15,12575,Amit Bose,25,Male,West,Surat,Groceries,Flour,3,451.57,0.06,2296.34,136.74,44.69,Credit Card,3,False,Delivered,3
3511,2024-03-06,39314,Sanjay Rao,31,Female,West,Pune,Furniture,Wardrobe,4,27844.67,0.32,87292.37,18841.85,74.4,Credit Card,1,False,Delivered,7
3953,2024-09-01,98548,Kavya Nair,40,Female,North,Delhi,Clothing,Dress,1,2057.9,0.33,1980.21,615.19,42.69,Upi,3,False,Shipped,10
2492,2022-12-17,41637,Nisha Mishra,20,Other,East,Bhubaneswar,Furniture,Chair,10,22462.93,0.21,157408.35,23243.23,133.35,Upi,5,False,Delivered,4
66,2020-01-25,42917,Vikram Mehta,32,Female,North,Amritsar,Sports,Tennis Racket,5,8113.16,0.23,4179.58,1043.14,76.45,Credit Card,1,True,Returned,4
3742,2024-06-19,49165,Ananya Rao,39,Male,East,Kolkata,Sports,Tennis Racket,5,5213.22,0.05,34214.43,5897.04,85.1,Cash On Delivery,3,False,Delivered,2
1044,2021-04-18,46334,Rohan Bhat,34,Other,South,Bangalore,Beauty,Hair Oil,3,2006.91,0.1,6558.87,3118.91,65.76,Cash On Delivery,5,False,Pending,8
2107,2022-07-17,39752,Priya Pillai,41,Male,West,Pune,Furniture,Wardrobe,7,7570.52,0.33,50975.7,14523.56,71.96,Debit Card,3,False,Delivered,1
2043,2022-06-18,44040,Rahul Bose,31,Female,East,Bhubaneswar,Beauty,Hair Oil,4,1974.29,0.37,8398.0,3117.66,87.34,Credit Card,1,True,Returned,9
3875,2024-08-08,84781,Vikram Nair,27,Female,South,Hyderabad,Electronics,Camera,2,22369.95,0.35,42121.15,3831.16,69.95,Credit Card,5,False,Delivered,7
451,2020-07-17,68161,Shreya Chatterjee,21,Female,North,Delhi,Electronics,Camera,6,71791.71,0.22,410825.53,46770.76,45.98,Emi,4,False,Delivered,1
2614,2023-02-09,81,Karan Kumar,49,Female,West,Pune,Beauty,Hair Oil,1,1738.61,0.33,1259.18,545.39,66.25,Cash On Delivery,5,False,Delivered,10
3520,2024-03-09,13260,Karan Gupta,26,Male,North,Amritsar,Electronics,Smartwatch,7,27748.1,0.17,209289.38,28699.09,42.72,Debit Card,1,True,Returned,8
869,2021-01-31,63354,Rahul Mishra,54,Female,East,Bhubaneswar,Electronics,Headphones,2,15121.18,0.11,22753.66,2384.22,94.45,Credit Card,1,False,Delivered,8
1331,2021-08-20,82678,Ananya Gupta,11,Male,West,Ahmedabad,Groceries,Dal (1Kg),8,96.84,0.35,688.57,57.78,45.37,Credit Card,1,False,Delivered,8
255,2020-04-22,21352,Nisha Verma,47,Other,North,Chandigarh,Groceries,Rice (5Kg),2,194.68,0.03,459.04,32.11,16.1,Upi,3,False,Cancelled,4
3989,2024-09-17,67629,Shreya Kapoor,45,Male,Central,Indore,Groceries,Rice (5Kg),2,233.21,0.33,470.15,27.24,48.63,Emi,2,False,Delivered,7
3031,2023-08-04,74610,Ananya Pillai,12,Other,South,Bangalore,Electronics,Headphones,9,25108.78,0.21,361494.08,8115.37,102.24,Credit Card,1,False,Delivered,7
2053,2022-06-23,33570,Deepa Bose,41,Male,South,Chennai,Furniture,Sofa,10,21783.3,0.09,276349.79,53595.22,73.39,Cash On Delivery,4,True,Returned,2
2885,2023-06-04,41002,Sanjay Pillai,18,Female,North,Amritsar,Furniture,Bed Frame,5,31009.31,0.12,41352.35,16597.68,47.32,Cash On Delivery,4,False,Delivered,1
3430,2024-01-26,8360,Nisha Singh,24,Other,South,Bangalore,Books,Cook Book,2,1002.73,0.0,2026.66,998.39,69.02,Cash On Delivery,5,False,Cancelled,8
2498,2022-12-19,64162,Arjun Rao,9,Other,South,Hyderabad,Groceries,Sugar,4,479.32,0.06,1760.95,83.73,74.49,Credit Card,4,True,Returned,3
2027,2022-06-13,24879,Kavya Chatterjee,50,Female,South,Chennai,Furniture,Chair,3,16614.08,0.33,50453.16,12964.62,63.05,Credit Card,2,True,Returned,5
100,2020-02-08,38913,Rohan Nair,20,Male,South,Kochi,Groceries,Tea,9,125.81,0.24,845.95,45.94,75.38,Debit Card,1,False,Shipped,3
2412,2022-11-08,49639,Arjun Nair,34,Other,South,Chennai,Groceries,Dal (1Kg),4,407.56,0.32,990.4,81.0,76.78,Upi,2,False,Delivered,1
2054,2022-06-24,61332,Karan Iyer,51,Other,South,Bangalore,Groceries,Sugar,10,53.46,0.05,815.23,88.15,67.32,Debit Card,1,False,Cancelled,9
3065,2023-08-18,41118,Rohan Bhat,47,Female,South,Kochi,Sports,Tennis Racket,8,11184.95,0.39,84179.79,26658.84,58.07,Net Banking,4,False,Shipped,8
2085,2022-07-07,42353,Vikram Shah,53,Male,East,Guwahati,Electronics,Laptop,6,10929.88,0.16,85653.85,12561.33,76.61,Emi,1,False,Delivered,1
2145,2022-07-31,18861,Nikhil Kapoor,28,Female,West,Surat,Books,Textbook,5,539.41,0.11,3571.01,1290.67,66.22,Net Banking,3,False,Delivered,10
2402,2022-11-05,72572,Aarav Joshi,19,Male,South,Kochi,Books,Self-Help Book,2,483.7,0.17,699.82,225.52,101.82,Net Banking,2,False,Delivered,1
1159,2021-06-04,72570,Shreya Pillai,37,Female,Central,Indore,Groceries,Cooking Oil,10,134.6,0.03,1594.09,134.34,105.77,Net Banking,1,False,Delivered,6
3562,2024-03-27,5923,Shreya Mishra,51,Male,Central,Bhopal,Electronics,Laptop,5,11709.91,0.31,50072.11,6899.28,59.01,Debit Card,4,False,Cancelled,3
2598,2023-02-03,7029,Sanjay Kumar,45,Other,North,Chandigarh,Clothing,Kurta,8,772.69,0.15,5307.05,1907.75,77.11,Cash On Delivery,4,False,Shipped,1
3064,2023-08-18,50295,Meera Verma,38,Female,North,Ludhiana,Beauty,Sunscreen,8,1422.11,0.13,14282.97,5448.38,38.61,Upi,3,True,Returned,8
1932,2022-05-03,81283,Kavya Joshi,54,Female,Central,Nagpur,Furniture,Desk,8,31153.02,0.2,268467.06,50396.19,31.05,Emi,1,False,Delivered,7
241,2020-04-15,62809,Rahul Gupta,49,Male,East,Patna,Electronics,Camera,2,46584.64,0.32,74700.63,5374.6,75.26,Upi,1,False,Delivered,4
1976,2022-05-23,97057,Sanjay Mishra,19,Male,South,Hyderabad,Books,Biography,2,925.2,0.09,2492.19,582.47,86.46,Debit Card,5,False,Cancelled,10
3470,2024-02-14,49992,Ritu Pillai,47,Female,East,Guwahati,Electronics,Laptop,7,27099.44,0.32,138104.33,17338.53,53.54,Upi,4,True,Returned,4
1923,2022-04-30,85826,Kavya Mishra,51,Male,West,Surat,Groceries,Cooking Oil,1,478.65,0.01,646.28,61.75,46.06,Emi,3,False,Cancelled,1
2896,2023-06-06,37393,Shreya Mishra,24,Other,North,Amritsar,Beauty,Sunscreen,2,1742.14,0.33,4112.89,1802.05,68.9,Net Banking,1,False,Delivered,3
3536,2024-03-16,42326,Sunita Gupta,24,Other,North,Amritsar,Clothing,Saree,3,2335.6,0.24,6639.76,2659.96,53.79,Emi,5,False,Delivered,8
3975,2024-09-10,61274,Sunita Mishra,36,Other,East,Patna,Books,Biography,2,1250.65,0.19,2194.66,1031.95,96.46,Emi,5,False,Delivered,3
908,2021-02-10,33667,Vikram Mehta,40,Male,North,Chandigarh,Sports,Football,2,660.31,0.11,1039.58,273.1,41.05,Net Banking,2,False,Delivered,3
3755,2024-06-23,69679,Aarav Kumar,18,Male,West,Surat,Furniture,Sofa,3,34248.61,0.02,172473.24,48852.27,59.95,Debit Card,3,False,Delivered,4
2343,2022-10-11,93661,Ananya Pillai,19,Female,North,Delhi,Furniture,Desk,10,12399.19,0.23,113748.97,36698.33,41.96,Emi,1,True,Returned,5
971,2021-03-19,58302,Shreya Singh,24,Other,East,Patna,Electronics,Smartphone,5,26856.73,0.19,22019.44,3128.23,65.04,Debit Card,5,False,Delivered,1
3402,2024-01-13,51343,Nikhil Bose,42,Female,North,Chandigarh,Clothing,Jacket,5,3923.7,0.3,12054.36,4843.88,58.27,Net Banking,3,False,Delivered,3
2715,2023-03-23,14346,Rahul Mishra,54,Female,West,Surat,Books,Fiction Novel,2,200.55,0.2,357.47,109.45,52.35,Credit Card,3,True,Returned,2
394,2020-06-18,71699,Karan Iyer,39,Male,North,Delhi,Groceries,Dal (1Kg),2,99.94,0.39,144.81,11.4,47.24,Emi,1,False,Delivered,3
3062,2023-08-17,25706,Arjun Bose,32,Female,Central,Indore,Beauty,Hair Oil,7,2030.6,0.32,15087.35,5363.62,45.14,Net Banking,4,False,Cancelled,4
401,2020-06-21,43114,Karan Singh,35,Other,East,Patna,Furniture,Bed Frame,3,31841.24,0.32,78919.02,21204.15,78.26,Cash On Delivery,4,True,Returned,6
706,2020-11-16,28706,Aarav Bose,34,Female,North,Amritsar,Clothing,Dress,3,461.34,0.16,748.84,261.0,36.7,Upi,1,True,Returned,4
3644,2024-05-03,85909,Aditya Mehta,26,Female,East,Patna,Beauty,Face Cream,10,2273.9,0.21,30023.01,13458.53,83.41,Emi,1,False,Delivered,10
600,2020-09-25,85593,Aarav Mishra,33,Male,West,Pune,Books,Self-Help Book,2,1462.19,0.35,2078.34,1202.05,78.54,Cash On Delivery,5,False,Delivered,2
1537,2021-11-20,39925,Ritu Iyer,49,Female,South,Kochi,Electronics,Headphones,5,40279.85,0.24,124328.85,18217.89,89.76,Net Banking,3,False,Delivered,9
2665,2023-02-27,20671,Priya Mishra,10,Male,East,Guwahati,Books,Comic Book,1,497.24,0.07,536.5,255.0,86.11,Cash On Delivery,4,False,Cancelled,8
616,2020-10-03,54063,Karan Mishra,37,Female,West,Ahmedabad,Groceries,Sugar,1,128.76,0.29,74.65,6.89,68.06,Emi,2,False,Delivered,1
370,2020-06-07,93153,Shreya Gupta,42,Male,South,Bangalore,Beauty,Face Cream,1,304.89,0.26,259.14,106.14,52.86,Emi,4,False,Delivered,6
680,2020-11-03,60413,Ritu Nair,36,Male,East,Kolkata,Beauty,Face Cream,10,1113.91,0.25,5465.25,2411.46,46.33,Net Banking,2,False,Delivered,9
782,2020-12-21,7857,Amit Patel,34,Female,Central,Nagpur,Clothing,Kurta,1,3294.44,0.06,2065.81,808.26,41.96,Emi,4,False,Delivered,9
4006,2024-09-26,54515,Sanjay Gupta,15,Male,South,Bangalore,Books,Biography,3,895.77,0.21,2973.34,895.93,71.18,Debit Card,4,False,Delivered,8
3395,2024-01-09,22022,Priya Verma,15,Female,West,Pune,Electronics,Headphones,5,26868.19,0.1,122902.72,15109.15,47.85,Credit Card,2,False,Delivered,7
2248,2022-09-07,63445,Sunita Patel,47,Male,West,Surat,Sports,Dumbbells,2,14129.5,0.01,34498.58,6979.34,74.75,Debit Card,3,False,Delivered,2
1330,2021-08-20,93307,Rohan Rao,34,Female,North,Chandigarh,Books,Cook Book,3,1298.4,0.14,4095.91,1805.58,57.93,Upi,1,False,Delivered,3
3093,2023-08-29,63058,Deepa Pillai,36,Male,South,Hyderabad,Beauty,Shampoo,6,379.51,0.02,3520.77,1945.96,53.34,Debit Card,3,False,Delivered,8
1117,2021-05-18,87893,Kavya Mishra,35,Other,West,Ahmedabad,Groceries,Rice (5Kg),6,190.35,0.38,951.07,79.43,70.42,Net Banking,3,False,Delivered,10
3890,2024-08-10,3009,Rahul Rao,34,Other,West,Surat,Furniture,Chair,10,2485.94,0.21,31724.99,8743.05,48.62,Upi,4,False,Delivered,10
468,2020-07-26,87073,Arjun Nair,7,Male,East,Patna,Furniture,Bookshelf,7,17299.59,0.09,138425.43,43383.64,92.91,Emi,1,False,Delivered,3
2704,2023-03-17,96458,Rohan Mehta,29,Other,East,Kolkata,Electronics,Smartwatch,1,11877.16,0.37,9956.83,1549.61,72.81,Credit Card,4,False,Delivered,8
2952,2023-07-02,41320,Aarav Kumar,35,Female,Central,Nagpur,Groceries,Dal (1Kg),3,130.57,0.23,529.3,61.59,41.29,Net Banking,1,False,Cancelled,8
2003,2022-06-02,91911,Sunita Mishra,24,Other,Central,Raipur,Electronics,Smartwatch,7,72204.48,0.06,746567.96,96807.83,51.76,Net Banking,4,False,Delivered,3
1402,2021-09-24,90375,Kavya Iyer,42,Female,East,Bhubaneswar,Groceries,Sugar,10,245.92,0.04,2502.84,183.09,76.22,Net Banking,5,False,Pending,5
1882,2022-04-10,32524,Priya Joshi,56,Male,Central,Bhopal,Furniture,Sofa,10,34008.99,0.11,426011.42,100494.87,51.53,Cash On Delivery,1,False,Cancelled,3
3246,2023-11-03,96426,Sunita Patel,46,Male,South,Chennai,Clothing,T-Shirt,3,2706.45,0.39,4498.23,1415.33,73.84,Emi,4,True,Returned,8
1838,2022-03-25,27510,Kavya Joshi,16,Female,West,Mumbai,Groceries,Cooking Oil,4,393.16,0.06,1961.61,197.05,79.1,Upi,5,False,Delivered,4
323,2020-05-21,57259,Nikhil Mishra,31,Male,West,Pune,Books,Textbook,1,680.85,0.12,794.6,338.98,44.99,Debit Card,3,False,Delivered,2
2452,2022-11-29,45573,Ananya Mishra,34,Other,East,Guwahati,Beauty,Sunscreen,5,761.94,0.13,3027.97,1421.12,84.9,Debit Card,5,False,Pending,2
1878,2022-04-07,99942,Nisha Rao,30,Other,Central,Indore,Clothing,Saree,10,456.07,0.37,3899.94,1169.33,45.0,Cash On Delivery,5,False,Delivered,9
226,2020-04-08,29979,Karan Sharma,35,Male,Central,Nagpur,Electronics,Smartphone,10,19136.16,0.0,220448.39,31074.73,24.88,Debit Card,3,False,Delivered,4
535,2020-08-24,13641,Nikhil Sharma,48,Male,West,Mumbai,Furniture,Bed Frame,9,17744.35,0.29,136831.28,36127.08,59.78,Credit Card,4,False,Delivered,9
2832,2023-05-17,8322,Nisha Nair,33,Female,North,Amritsar,Books,Fiction Novel,10,424.8,0.11,4940.07,2103.38,31.8,Upi,3,False,Delivered,6
614,2020-10-02,25032,Ananya Bhat,40,Other,West,Surat,Groceries,Flour,3,219.84,0.1,463.59,43.04,73.42,Credit Card,3,False,Delivered,6
1642,2022-01-01,25067,Nisha Kapoor,41,Male,West,Ahmedabad,Furniture,Sofa,8,9398.82,0.31,49236.11,15030.83,77.65,Credit Card,4,False,Delivered,9
2842,2023-05-23,23282,Vikram Sharma,26,Other,West,Mumbai,Books,Self-Help Book,5,1444.85,0.05,10528.1,3958.13,62.54,Upi,3,False,Delivered,7
2133,2022-07-25,89826,Arjun Joshi,22,Other,East,Kolkata,Clothing,T-Shirt,7,1729.47,0.05,17045.1,6459.75,79.27,Cash On Delivery,1,True,Returned,8
2809,2023-05-03,4249,Pooja Bose,31,Other,South,Kochi,Furniture,Chair,10,17371.93,0.37,172582.04,55972.36,71.63,Net Banking,3,False,Delivered,9
1074,2021-04-30,36338,Vikram Chatterjee,25,Female,South,Hyderabad,Sports,Cycle,1,8254.73,0.07,9628.89,1995.91,61.28,Debit Card,3,False,Delivered,1
1413,2021-09-28,43662,Karan Sharma,34,Other,North,Ludhiana,Clothing,Jeans,3,1238.9,0.33,2660.56,1083.58,73.53,Net Banking,5,True,Returned,3
1628,2021-12-27,55053,Arjun Iyer,28,Other,North,Amritsar,Books,Textbook,5,441.77,0.12,1538.75,611.16,71.69,Credit Card,4,False,Cancelled,7
2866,2023-05-31,40473,Nikhil Das,31,Other,West,Pune,Electronics,Laptop,2,44818.69,0.19,105441.04,12774.35,73.43,Upi,1,True,Returned,7
1478,2021-10-25,16528,Deepa Joshi,36,Other,South,Bangalore,Furniture,Bed Frame,3,13116.13,0.02,39642.97,7916.06,67.37,Credit Card,3,False,Delivered,4
4166,2024-12-15,73620,Rohan Reddy,18,Female,South,Bangalore,Clothing,T-Shirt,6,841.47,0.12,4321.42,1728.55,70.62,Upi,1,False,Delivered,2
978,2021-03-21,97561,Vikram Nair,54,Male,South,Chennai,Clothing,Jeans,2,3618.11,0.07,6573.5,2164.13,96.19,Credit Card,2,False,Delivered,8
2389,2022-10-30,27494,Vikram Das,53,Female,East,Patna,Clothing,Kurta,8,1016.23,0.3,5817.06,2314.76,66.7,Emi,2,False,Delivered,8
1504,2021-11-06,34606,Aarav Shah,32,Other,West,Surat,Furniture,Bookshelf,3,7356.31,0.1,16395.88,5855.42,78.6,Emi,1,False,Delivered,10
3576,2024-04-03,88667,Meera Chatterjee,26,Female,East,Patna,Electronics,Camera,4,14036.02,0.13,75324.35,9113.01,97.91,Debit Card,4,False,Delivered,3
2862,2023-05-29,967,Sanjay Gupta,18,Other,North,Amritsar,Clothing,Jeans,4,2095.23,0.14,10189.48,2714.35,59.7,Credit Card,3,True,Returned,7
3821,2024-07-19,35476,Aarav Joshi,54,Female,Central,Indore,Books,Fiction Novel,2,588.67,0.24,1452.74,631.41,78.55,Credit Card,2,False,Delivered,4
214,2020-04-03,8244,Karan Patel,46,Female,Central,Raipur,Furniture,Sofa,10,7854.56,0.3,69661.01,15316.65,56.25,Emi,1,False,Delivered,3
1032,2021-04-12,73196,Arjun Sharma,26,Female,Central,Nagpur,Groceries,Sugar,9,461.35,0.05,5570.95,481.54,41.05,Cash On Delivery,4,False,Shipped,8
803,2020-12-31,99060,Amit Sharma,46,Male,South,Chennai,Furniture,Bed Frame,6,25745.87,0.38,68168.41,19997.5,90.91,Net Banking,2,False,Delivered,3
2146,2022-07-31,25921,Amit Pillai,37,Male,East,Guwahati,Groceries,Rice (5Kg),5,421.63,0.36,1981.36,174.59,64.86,Upi,5,False,Delivered,1
1517,2021-11-14,63383,Nisha Joshi,22,Female,South,Bangalore,Groceries,Dal (1Kg),10,90.13,0.25,507.06,51.46,80.91,Credit Card,5,False,Delivered,10
560,2020-09-06,38172,Arjun Singh,19,Other,East,Kolkata,Furniture,Bookshelf,5,26946.78,0.1,111598.98,37815.29,80.01,Upi,3,False,Cancelled,6
1638,2021-12-30,98630,Shreya Sharma,41,Male,South,Chennai,Electronics,Camera,9,41722.41,0.2,220158.56,25206.08,62.46,Upi,2,False,Delivered,7
3022,2023-08-01,98870,Ananya Bose,9,Other,North,Chandigarh,Clothing,Saree,3,3517.55,0.39,8958.7,4213.2,33.93,Cash On Delivery,3,False,Delivered,1
2045,2022-06-18,85893,Meera Pillai,25,Female,South,Bangalore,Groceries,Flour,7,70.02,0.29,494.91,44.9,75.32,Upi,2,False,Pending,5
1559,2021-11-30,73879,Aarav Sharma,34,Male,East,Bhubaneswar,Groceries,Dal (1Kg),4,455.14,0.1,1283.42,107.49,90.27,Emi,4,True,Returned,10
697,2020-11-13,94502,Sanjay Reddy,36,Other,North,Delhi,Sports,Cycle,8,11002.8,0.15,60370.7,8455.94,27.96,Credit Card,5,False,Delivered,9
3249,2023-11-04,78428,Nikhil Iyer,71,Female,North,Ludhiana,Clothing,Jacket,5,1581.85,0.31,5298.79,1912.12,37.37,Cash On Delivery,3,False,Delivered,3
1970,2022-05-21,49802,Arjun Mishra,28,Male,North,Delhi,Furniture,Desk,9,25541.61,0.2,282283.64,106013.67,68.96,Cash On Delivery,3,False,Delivered,4
3866,2024-08-05,4103,Aditya Verma,24,Female,Central,Raipur,Sports,Tennis Racket,1,3037.55,0.19,3582.58,700.96,40.82,Credit Card,4,False,Delivered,3
237,2020-04-13,46907,Sanjay Bhat,17,Male,Central,Nagpur,Clothing,T-Shirt,10,2140.31,0.03,22941.18,8449.72,73.35,Net Banking,4,False,Delivered,3
1528,2021-11-17,17627,Rahul Bhat,23,Other,North,Chandigarh,Furniture,Bookshelf,3,6001.72,0.23,11226.94,2265.74,13.26,Debit Card,3,True,Returned,3
1715,2022-02-02,8565,Kavya Das,48,Male,Central,Raipur,Books,Fiction Novel,2,1014.61,0.03,1625.5,685.16,49.94,Upi,5,False,Delivered,7
3775,2024-07-01,11643,Aditya Verma,20,Male,North,Chandigarh,Books,Textbook,2,646.61,0.22,1668.69,631.7,49.01,Credit Card,2,False,Delivered,3
3518,2024-03-09,3875,Aarav Joshi,44,Male,South,Chennai,Electronics,Camera,5,20577.01,0.23,93594.28,9112.05,88.2,Upi,2,False,Delivered,6
1708,2022-02-01,87498,Amit Sharma,39,Male,Central,Nagpur,Books,Self-Help Book,1,1394.93,0.2,1128.26,431.19,99.26,Credit Card,4,False,Delivered,6
3320,2023-12-08,53965,Sanjay Mehta,32,Female,North,Amritsar,Electronics,Camera,1,74269.77,0.15,58489.45,8517.07,41.46,Net Banking,5,False,Pending,1
407,2020-06-25,62236,Nisha Das,66,Male,West,Surat,Electronics,Tablet,5,46345.56,0.32,181476.52,25644.37,77.91,Cash On Delivery,3,False,Pending,10
3670,2024-05-14,31963,Rohan Mehta,17,Female,Central,Indore,Sports,Football,5,5318.8,0.18,6933.26,2061.4,62.11,Upi,1,True,Returned,8
180,2020-03-19,29334,Kavya Joshi,35,Other,Central,Indore,Sports,Tennis Racket,7,2367.09,0.04,16292.28,2663.65,42.41,Credit Card,1,False,Shipped,8
579,2020-09-16,24871,Kavya Reddy,24,Other,North,Delhi,Electronics,Laptop,9,34058.9,0.13,239614.28,26529.36,35.69,Debit Card,5,False,Pending,5
1133,2021-05-26,54577,Karan Kapoor,21,Other,South,Kochi,Beauty,Shampoo,7,1281.86,0.39,8031.28,2955.5,39.19,Credit Card,2,False,Delivered,7
1758,2022-02-18,87654,Pooja Verma,24,Female,West,Surat,Books,Fiction Novel,5,433.78,0.16,1626.67,566.47,70.39,Cash On Delivery,5,False,Delivered,9
819,2021-01-10,63893,Sanjay Singh,21,Male,South,Chennai,Beauty,Perfume,9,1170.24,0.31,5927.64,3035.58,41.85,Cash On Delivery,2,False,Delivered,1
2878,2023-06-02,98432,Karan Kapoor,68,Female,Central,Indore,Clothing,Jeans,4,824.79,0.09,4781.35,1402.58,62.47,Credit Card,1,False,Cancelled,4
3595,2024-04-11,20736,Kavya Das,41,Female,West,Mumbai,Sports,Cricket Bat,8,13545.22,0.22,148811.09,34910.45,49.35,Credit Card,5,False,Delivered,1
368,2020-06-07,91300,Aarav Iyer,42,Female,West,Mumbai,Beauty,Sunscreen,2,1372.94,0.24,2491.32,765.46,51.67,Net Banking,2,False,Delivered,8
2348,2022-10-12,12889,Rohan Mehta,27,Female,North,Ludhiana,Sports,Yoga Mat,9,13142.88,0.37,69394.08,16164.46,32.88,Upi,5,True,Returned,1
2993,2023-07-20,83973,Nikhil Mishra,27,Female,South,Hyderabad,Electronics,Laptop,8,77986.06,0.21,991905.81,116835.79,63.75,Upi,4,False,Pending,2
537,2020-08-25,15953,Arjun Verma,34,Other,West,Pune,Groceries,Tea,8,61.46,0.02,583.26,59.31,62.95,Emi,4,False,Delivered,3
148,2020-03-01,87452,Rohan Verma,15,Other,Central,Bhopal,Beauty,Hair Oil,6,1264.54,0.34,5200.08,2565.09,30.54,Upi,2,False,Delivered,5
647,2020-10-15,97230,Vikram Bose,55,Other,North,Chandigarh,Beauty,Shampoo,4,2079.07,0.31,4372.2,2080.88,20.39,Upi,4,True,Returned,3
2791,2023-04-22,40335,Meera Bhat,15,Female,East,Guwahati,Sports,Tennis Racket,7,5879.31,0.05,56376.87,7011.74,84.67,Cash On Delivery,1,False,Cancelled,7
744,2020-12-04,45099,Aditya Shah,32,Other,North,Amritsar,Groceries,Rice (5Kg),4,388.57,0.01,1066.73,70.45,54.83,Emi,3,True,Returned,5
2001,2022-06-02,78982,Deepa Reddy,27,Other,Central,Nagpur,Sports,Cricket Bat,2,1793.14,0.22,4474.84,1103.43,40.65,Cash On Delivery,2,True,Returned,9
2427,2022-11-15,68738,Ananya Pillai,20,Other,South,Chennai,Books,Biography,6,363.03,0.0,1819.63,726.19,64.27,Upi,5,False,Delivered,7
651,2020-10-19,22697,Sunita Verma,29,Other,East,Patna,Furniture,Bed Frame,2,23933.02,0.38,26696.18,8116.01,88.18,Debit Card,3,False,Delivered,3
4117,2024-11-26,68421,Karan Reddy,43,Female,North,Chandigarh,Beauty,Shampoo,9,328.65,0.3,1975.97,543.25,41.68,Credit Card,4,False,Delivered,9
194,2020-03-27,96692,Aarav Joshi,35,Female,North,Delhi,Sports,Dumbbells,9,6747.04,0.07,53191.17,13938.07,74.53,Credit Card,3,False,Delivered,1
1944,2022-05-08,18548,Rahul Bose,31,Male,East,Guwahati,Beauty,Sunscreen,4,1176.04,0.18,6347.47,2342.58,88.08,Net Banking,4,False,Delivered,6
939,2021-02-28,44415,Ritu Das,27,Female,South,Chennai,Books,Textbook,7,884.25,0.35,3604.7,1268.2,55.07,Emi,5,False,Delivered,7
167,2020-03-13,51864,Amit Mishra,27,Female,West,Surat,Clothing,Dress,4,2696.21,0.22,8113.08,2313.16,51.64,Upi,1,False,Delivered,3
543,2020-08-29,30712,Nisha Kumar,28,Female,North,Ludhiana,Books,Cook Book,7,370.56,0.08,2710.89,1018.66,29.93,Upi,3,False,Delivered,2
649,2020-10-17,22604,Rohan Mehta,26,Male,East,Patna,Electronics,Smartwatch,7,45799.76,0.33,189931.59,22577.35,42.79,Debit Card,2,False,Delivered,4
2817,2023-05-09,83459,Shreya Chatterjee,43,Other,Central,Bhopal,Furniture,Wardrobe,4,30780.64,0.36,99202.31,39133.54,66.36,Net Banking,3,False,Delivered,7
905,2021-02-09,96177,Rahul Rao,41,Other,South,Hyderabad,Beauty,Sunscreen,10,1423.41,0.05,11797.89,5781.35,78.68,Credit Card,5,False,Delivered,6
628,2020-10-09,55320,Aditya Chatterjee,31,Female,West,Mumbai,Electronics,Smartwatch,5,32547.29,0.39,16855.55,1445.51,61.78,Upi,3,False,Delivered,10
1967,2022-05-20,3799,Rohan Bose,38,Female,North,Chandigarh,Books,Comic Book,5,951.75,0.02,5936.18,2402.75,54.03,Emi,3,False,Delivered,6
3510,2024-03-05,79584,Meera Bhat,52,Female,North,Amritsar,Groceries,Flour,10,414.16,0.03,4932.93,345.9,47.29,Cash On Delivery,5,True,Returned,8
4189,2024-12-26,28178,Sanjay Rao,32,Other,West,Mumbai,Electronics,Smartwatch,4,64608.94,0.17,191352.59,27372.68,79.41,Credit Card,4,True,Returned,5
2466,2022-12-05,23445,Pooja Chatterjee,26,Male,Central,Indore,Clothing,Kurta,8,2620.02,0.36,9964.39,3441.54,41.75,Credit Card,3,True,Returned,1
440,2020-07-12,95476,Karan Mehta,22,Other,North,Delhi,Sports,Cricket Bat,6,6916.49,0.38,37343.86,8968.23,54.82,Credit Card,3,False,Delivered,8
1102,2021-05-12,55287,Arjun Patel,46,Other,Central,Raipur,Sports,Yoga Mat,5,1589.12,0.2,8606.21,1388.16,54.57,Emi,3,False,Delivered,4
2380,2022-10-27,77872,Vikram Chatterjee,12,Female,East,Kolkata,Groceries,Tea,6,473.26,0.33,1858.4,169.63,83.38,Cash On Delivery,1,False,Delivered,1
4072,2024-10-30,26445,Priya Mishra,6,Female,South,Bangalore,Furniture,Bed Frame,0,16894.52,0.27,14763.33,5236.34,80.6,Cash On Delivery,5,False,Cancelled,10
2678,2023-03-05,87936,Aarav Kapoor,46,Female,West,Pune,Sports,Yoga Mat,8,7037.46,0.21,66204.63,8522.63,63.69,Upi,4,False,Delivered,2
586,2020-09-19,86530,Nikhil Das,40,Male,East,Patna,Sports,Yoga Mat,9,3643.69,0.07,28799.52,3724.9,81.76,Credit Card,4,False,Delivered,8
2766,2023-04-12,55726,Nisha Iyer,36,Male,South,Hyderabad,Beauty,Perfume,1,1927.8,0.25,2039.37,829.68,81.77,Debit Card,2,False,Delivered,8
3588,2024-04-09,83899,Pooja Bhat,37,Female,South,Chennai,Beauty,Shampoo,7,410.6,0.05,4158.82,1647.62,74.28,Credit Card,3,False,Delivered,7
1281,2021-07-31,14797,Sanjay Rao,26,Male,North,Delhi,Electronics,Headphones,8,63773.73,0.38,408398.64,36997.48,37.03,Credit Card,4,False,Delivered,3
372,2020-06-08,53114,Rohan Mehta,26,Other,South,Kochi,Electronics,Tablet,3,74867.2,0.22,239862.52,27646.01,39.1,Cash On Delivery,4,False,Delivered,8
1561,2021-11-30,70340,Rohan Patel,25,Male,North,Amritsar,Electronics,Tablet,2,62340.2,0.11,85395.8,8409.34,66.81,Upi,4,False,Delivered,6
4154,2024-12-09,34894,Nikhil Bose,18,Other,East,Bhubaneswar,Books,Cook Book,2,1034.18,0.33,1184.8,369.59,65.48,Credit Card,5,False,Delivered,3
1553,2021-11-28,29230,Shreya Das,23,Female,North,Delhi,Furniture,Desk,10,20890.04,0.04,147207.49,44130.71,34.32,Emi,2,True,Returned,5
3982,2024-09-12,97439,Karan Joshi,27,Female,North,Chandigarh,Furniture,Wardrobe,8,12647.54,0.19,102341.78,35160.81,69.62,Debit Card,5,False,Delivered,6
1754,2022-02-17,11385,Nisha Rao,46,Female,East,Guwahati,Furniture,Desk,6,33082.65,0.31,130650.07,42902.13,79.09,Net Banking,4,False,Delivered,8
1272,2021-07-28,56172,Aarav Nair,20,Male,East,Guwahati,Beauty,Lipstick,2,1205.62,0.03,3688.61,769.98,93.43,Credit Card,3,False,Delivered,1
1165,2021-06-06,76012,Karan Gupta,40,Other,Central,Raipur,Sports,Yoga Mat,4,3455.68,0.21,15734.44,3511.52,64.63,Credit Card,2,True,Returned,3
4000,2024-09-23,53861,Nisha Kumar,32,Male,West,Surat,Beauty,Shampoo,7,1954.05,0.2,15069.06,8691.86,65.77,Cash On Delivery,4,True,Returned,6
290,2020-05-08,46482,Sanjay Shah,18,Male,East,Bhubaneswar,Books,Self-Help Book,9,290.75,0.28,2143.4,1071.82,60.62,Emi,3,True,Returned,7
2514,2022-12-28,29286,Vikram Mehta,29,Male,Central,Nagpur,Beauty,Hair Oil,3,923.8,0.21,1516.74,651.79,46.67,Debit Card,5,False,Delivered,2
3218,2023-10-22,17834,Nisha Mehta,34,Male,North,Chandigarh,Sports,Tennis Racket,5,11387.44,0.31,45950.26,9024.25,51.52,Upi,3,False,Delivered,3
2661,2023-02-26,93326,Kavya Iyer,16,Male,East,Kolkata,Furniture,Desk,3,2447.22,0.39,4781.36,589.21,62.13,Cash On Delivery,2,True,Returned,1
2211,2022-08-23,5906,Shreya Shah,24,Male,Central,Indore,Books,Self-Help Book,6,1482.8,0.37,7222.87,1783.07,73.5,Credit Card,2,False,Delivered,7
2526,2023-01-01,11998,Rahul Singh,27,Male,South,Hyderabad,Beauty,Shampoo,3,2229.56,0.04,6482.2,3230.67,58.93,Credit Card,4,False,Shipped,3
2768,2023-04-13,12098,Nisha Nair,18,Female,Central,Bhopal,Beauty,Sunscreen,9,933.94,0.02,12188.95,5789.44,38.04,Emi,5,False,Shipped,5
904,2021-02-09,76121,Meera Iyer,40,Other,North,Ludhiana,Electronics,Smartwatch,4,27046.33,0.17,79234.6,9558.56,39.92,Credit Card,3,False,Delivered,6
326,2020-05-22,34992,Ananya Singh,42,Male,East,Bhubaneswar,Electronics,Headphones,10,62652.16,0.09,746724.9,76429.84,92.64,Net Banking,3,False,Delivered,5
2194,2022-08-15,84436,Amit Chatterjee,10,Other,North,Delhi,Beauty,Face Cream,1,1986.59,0.05,2507.45,1149.66,66.3,Upi,2,True,Returned,6
1635,2021-12-29,50974,Karan Patel,35,Female,East,Guwahati,Beauty,Hair Oil,1,987.49,0.03,649.67,370.21,98.55,Debit Card,3,True,Returned,9
556,2020-09-03,93474,Sanjay Patel,14,Other,South,Hyderabad,Electronics,Laptop,5,53217.69,0.03,273662.44,33314.99,79.96,Debit Card,3,False,Delivered,2
3506,2024-03-03,48682,Rahul Reddy,37,Female,East,Patna,Furniture,Chair,5,26731.96,0.21,170289.13,47525.8,75.97,Credit Card,3,False,Delivered,8
3852,2024-07-31,8935,Aarav Gupta,45,Male,Central,Raipur,Clothing,Jacket,6,1428.03,0.39,8541.87,3565.98,50.49,Cash On Delivery,2,False,Cancelled,9
2852,2023-05-28,37103,Shreya Kapoor,20,Male,North,Amritsar,Clothing,Jacket,3,484.17,0.23,1691.99,426.78,63.91,Upi,4,False,Delivered,9
2479,2022-12-12,81623,Karan Rao,7,Male,North,Delhi,Sports,Football,6,14056.09,0.09,61982.41,14331.53,49.31,Upi,1,False,Delivered,7
1854,2022-03-31,2552,Rahul Bhat,61,Other,Central,Bhopal,Clothing,Kurta,6,2927.23,0.17,15014.03,6682.89,76.05,Credit Card,1,True,Returned,2
3556,2024-03-25,47056,Nisha Gupta,49,Female,West,Ahmedabad,Books,Cook Book,1,1034.06,0.1,1187.77,456.36,69.43,Net Banking,1,False,Delivered,6
3425,2024-01-25,92969,Nisha Mishra,20,Female,East,Guwahati,Beauty,Hair Oil,3,1606.29,0.23,3638.62,1014.15,92.92,Cash On Delivery,3,False,Delivered,10
1650,2022-01-05,51192,Deepa Mishra,28,Female,West,Surat,Beauty,Face Cream,5,305.51,0.04,1323.32,396.56,77.17,Upi,1,False,Delivered,4
284,2020-05-06,68796,Ritu Sharma,37,Female,Central,Bhopal,Groceries,Flour,2,54.6,0.34,80.84,6.89,42.28,Cash On Delivery,4,False,Delivered,3
6,2020-01-02,13639,Karan Bose,50,Female,North,Chandigarh,Groceries,Dal (1Kg),7,238.66,0.05,1361.86,110.98,46.42,Debit Card,4,False,Delivered,2
2374,2022-10-23,40049,Aarav Chatterjee,50,Female,North,Amritsar,Furniture,Bed Frame,8,22347.78,0.29,121514.57,47789.83,10.59,Debit Card,1,False,Delivered,4
1445,2021-10-15,58478,Sunita Reddy,38,Other,West,Surat,Beauty,Lipstick,8,1489.85,0.09,10449.86,3809.88,86.42,Credit Card,2,False,Cancelled,6
2660,2023-02-26,97483,Vikram Singh,38,Female,North,Delhi,Furniture,Chair,1,23555.64,0.09,22617.77,5562.38,65.5,Upi,1,False,Delivered,10
4100,2024-11-15,32922,Nikhil Kumar,38,Other,North,Ludhiana,Groceries,Tea,4,328.95,0.08,1116.81,67.2,60.46,Upi,5,False,Pending,3
2017,2022-06-09,95440,Rohan Iyer,32,Other,North,Chandigarh,Beauty,Shampoo,8,1772.53,0.28,15579.91,4615.51,68.18,Emi,1,True,Returned,3
1394,2021-09-20,91444,Aarav Iyer,46,Male,Central,Indore,Electronics,Smartphone,7,38846.9,0.21,255205.65,39365.88,50.81,Net Banking,4,False,Delivered,10
676,2020-11-02,84441,Karan Iyer,35,Other,East,Kolkata,Electronics,Camera,2,41850.01,0.07,64764.78,8565.9,59.88,Upi,1,False,Cancelled,8
3500,2024-03-01,22955,Sanjay Mishra,24,Male,Central,Raipur,Furniture,Bookshelf,5,25732.89,0.37,110264.78,26314.49,67.41,Cash On Delivery,2,False,Delivered,2
2151,2022-08-01,65336,Amit Kapoor,48,Female,Central,Bhopal,Books,Cook Book,4,1045.84,0.39,3553.63,1247.53,43.68,Debit Card,5,False,Shipped,6
1294,2021-08-06,87248,Shreya Das,30,Other,South,Bangalore,Groceries,Rice (5Kg),8,278.21,0.22,2079.67,188.15,61.34,Credit Card,2,False,Delivered,5
3319,2023-12-08,70804,Ritu Singh,44,Other,East,Guwahati,Groceries,Flour,7,327.26,0.09,1655.16,157.97,83.19,Net Banking,1,False,Delivered,2
1378,2021-09-15,96105,Rohan Pillai,25,Male,North,Delhi,Furniture,Bookshelf,4,23015.5,0.13,103290.99,34267.22,28.42,Upi,1,True,Returned,10
1948,2022-05-10,73300,Nikhil Singh,22,Female,West,Surat,Furniture,Wardrobe,4,18771.18,0.12,90435.12,21095.21,68.93,Net Banking,5,False,Delivered,1
1350,2021-08-31,96166,Vikram Mehta,41,Female,North,Amritsar,Books,Fiction Novel,2,1075.45,0.13,2282.66,949.67,47.1,Upi,2,False,Delivered,6
3753,2024-06-23,16098,Priya Sharma,41,Female,South,Hyderabad,Books,Textbook,10,1271.11,0.24,14356.97,5996.1,47.57,Net Banking,5,False,Delivered,1
843,2021-01-20,7824,Priya Chatterjee,20,Female,West,Surat,Furniture,Bookshelf,10,7217.24,0.34,38701.84,9777.45,78.16,Net Banking,1,True,Returned,2
1969,2022-05-20,23162,Nikhil Patel,17,Other,West,Surat,Electronics,Tablet,10,8235.1,0.21,102107.36,11235.34,33.15,Debit Card,5,False,Delivered,4
71,2020-01-27,6330,Priya Kapoor,24,Female,West,Pune,Books,Biography,8,493.36,0.34,1942.7,742.64,52.85,Credit Card,4,False,Delivered,6
467,2020-07-25,24562,Aarav Shah,23,Male,North,Chandigarh,Groceries,Sugar,8,445.99,0.24,3881.14,281.9,72.48,Debit Card,2,False,Delivered,9
1664,2022-01-13,78261,Meera Rao,37,Female,West,Ahmedabad,Furniture,Desk,10,17068.89,0.16,124615.43,41346.8,81.76,Cash On Delivery,5,False,Shipped,6
47,2020-01-19,3104,Nisha Shah,33,Female,South,Hyderabad,Sports,Dumbbells,3,2208.38,0.02,5472.63,1191.19,87.33,Net Banking,2,False,Delivered,5
1164,2021-06-05,6311,Sanjay Reddy,26,Other,East,Guwahati,Beauty,Face Cream,5,1895.73,0.16,9954.87,5748.45,53.1,Credit Card,1,False,Delivered,10
398,2020-06-21,35407,Aarav Rao,26,Female,North,Chandigarh,Beauty,Perfume,9,137.31,0.24,1114.76,516.92,64.95,Emi,1,False,Delivered,1
2874,2023-06-01,62622,Priya Kapoor,17,Male,North,Amritsar,Sports,Tennis Racket,10,9450.13,0.12,148205.85,22767.2,65.88,Emi,1,True,Returned,6
3123,2023-09-10,24025,Rohan Joshi,40,Male,North,Delhi,Furniture,Desk,10,25522.49,0.21,360814.67,112620.79,24.03,Cash On Delivery,1,False,Delivered,10
1668,2022-01-13,70127,Karan Nair,42,Female,West,Ahmedabad,Books,Self-Help Book,2,1184.85,0.0,1851.96,844.3,79.06,Net Banking,3,False,Delivered,5
2932,2023-06-25,49455,Nisha Iyer,17,Other,North,Amritsar,Furniture,Wardrobe,8,11770.39,0.15,137222.95,30354.4,52.08,Net Banking,3,False,Shipped,10
785,2020-12-23,18574,Sunita Singh,35,Other,South,Chennai,Groceries,Tea,9,203.63,0.29,829.37,75.45,84.23,Net Banking,4,False,Delivered,1
1564,2021-11-30,24016,Kavya Patel,64,Male,North,Chandigarh,Books,Textbook,5,625.59,0.02,2682.13,910.71,43.73,Upi,5,False,Delivered,7
3077,2023-08-21,23896,Ananya Kumar,54,Male,North,Delhi,Clothing,Dress,5,3920.37,0.09,25064.55,10054.85,17.84,Debit Card,3,False,Delivered,6
702,2020-11-13,28491,Rohan Bose,33,Male,West,Mumbai,Groceries,Rice (5Kg),7,359.06,0.02,1926.06,153.38,77.28,Cash On Delivery,2,False,Delivered,8
423,2020-07-06,4728,Nikhil Mehta,43,Male,Central,Raipur,Sports,Football,3,11793.71,0.32,29262.31,6296.56,63.2,Credit Card,4,False,Delivered,9
1176,2021-06-10,37244,Aditya Bhat,32,Other,Central,Raipur,Clothing,Saree,7,2184.88,0.16,20358.67,4252.26,49.09,Emi,4,False,Delivered,5
925,2021-02-22,77643,Karan Reddy,40,Male,East,Bhubaneswar,Electronics,Laptop,9,27718.27,0.21,228875.11,36385.34,75.4,Cash On Delivery,1,False,Delivered,3
3897,2024-08-14,40736,Deepa Sharma,34,Other,Central,Indore,Beauty,Sunscreen,3,720.8,0.24,2212.27,892.22,47.4,Cash On Delivery,1,False,Delivered,2
1695,2022-01-27,18018,Vikram Gupta,19,Female,South,Kochi,Electronics,Smartwatch,6,20306.85,0.36,67574.41,6252.6,80.91,Cash On Delivery,5,False,Delivered,6
817,2021-01-09,3410,Ananya Rao,42,Female,North,Delhi,Electronics,Smartphone,10,55337.12,0.24,299036.46,36301.09,63.2,Upi,2,True,Returned,10
518,2020-08-18,53973,Rohan Pillai,22,Male,East,Patna,Books,Self-Help Book,10,1445.0,0.31,12763.71,3313.53,74.73,Net Banking,4,False,Delivered,3
3809,2024-07-14,76945,Rohan Sharma,40,Male,West,Mumbai,Books,Comic Book,8,526.69,0.25,5310.11,1871.66,54.87,Emi,3,True,Returned,7
2109,2022-07-17,39644,Rohan Bose,42,Male,East,Guwahati,Clothing,T-Shirt,7,2784.47,0.09,25867.22,7897.77,98.75,Credit Card,3,True,Returned,8
3291,2023-11-24,41602,Arjun Bose,35,Other,North,Ludhiana,Electronics,Laptop,4,61816.92,0.0,227231.35,30169.32,42.89,Emi,1,False,Delivered,10
3608,2024-04-20,1140,Rohan Sharma,39,Male,Central,Raipur,Beauty,Perfume,8,722.26,0.33,6687.01,4477.03,42.31,Net Banking,3,True,Returned,1
2743,2023-04-01,97838,Ritu Mehta,28,Other,East,Bhubaneswar,Clothing,Jacket,1,3896.79,0.36,3471.12,1531.25,72.56,Cash On Delivery,5,False,Delivered,5
2121,2022-07-22,19087,Ritu Verma,38,Female,South,Bangalore,Books,Fiction Novel,2,785.43,0.27,1362.3,594.5,65.58,Debit Card,3,False,Delivered,3
3067,2023-08-18,47125,Rohan Kumar,34,Male,Central,Nagpur,Sports,Yoga Mat,4,6531.91,0.18,33411.39,7449.38,78.26,Net Banking,1,False,Delivered,8
2523,2022-12-31,28943,Nisha Sharma,26,Female,West,Pune,Books,Fiction Novel,6,1055.08,0.36,2966.43,1190.94,62.47,Debit Card,3,False,Delivered,4
1598,2021-12-14,10754,Priya Singh,48,Other,North,Delhi,Electronics,Camera,7,52086.42,0.0,273692.0,39729.58,59.26,Debit Card,5,True,Returned,3
1100,2021-05-11,70498,Arjun Mishra,23,Female,East,Bhubaneswar,Groceries,Dal (1Kg),5,176.3,0.32,725.63,60.81,108.31,Emi,2,False,Shipped,3
2084,2022-07-07,67930,Ritu Das,42,Male,West,Surat,Furniture,Bed Frame,6,4221.96,0.25,27887.17,11561.41,56.54,Net Banking,2,False,Delivered,5
2407,2022-11-06,82035,Deepa Bhat,66,Male,West,Surat,Electronics,Tablet,4,23321.4,0.36,50337.85,8865.89,72.32,Debit Card,1,True,Returned,7
1459,2021-10-22,85012,Nikhil Joshi,30,Other,West,Ahmedabad,Books,Self-Help Book,9,601.66,0.04,5277.72,1862.14,59.96,Debit Card,2,True,Returned,1
1717,2022-02-02,55628,Priya Singh,35,Other,North,Amritsar,Books,Fiction Novel,0,1351.01,0.14,1116.21,341.54,36.21,Upi,1,True,Returned,2
1379,2021-09-15,23044,Meera Verma,48,Female,South,Bangalore,Groceries,Cooking Oil,8,378.17,0.2,2714.36,171.58,53.04,Debit Card,2,False,Delivered,7
3272,2023-11-15,57589,Meera Chatterjee,35,Other,West,Mumbai,Sports,Cricket Bat,10,4317.81,0.2,32059.7,7938.01,65.95,Cash On Delivery,3,False,Shipped,3
989,2021-03-27,63010,Kavya Kapoor,34,Male,West,Ahmedabad,Sports,Yoga Mat,6,4757.97,0.39,16398.86,4630.17,69.73,Cash On Delivery,1,False,Delivered,6
1118,2021-05-18,77399,Shreya Shah,59,Other,South,Hyderabad,Groceries,Rice (5Kg),4,346.05,0.01,1943.15,156.61,48.59,Upi,4,False,Delivered,10
2078,2022-07-05,50258,Pooja Joshi,32,Other,North,Amritsar,Books,Comic Book,4,407.5,0.21,1683.33,655.53,64.0,Net Banking,2,False,Delivered,8
3627,2024-04-26,14544,Karan Bose,15,Male,North,Chandigarh,Beauty,Face Cream,6,2053.53,0.02,18060.12,7506.82,54.84,Debit Card,4,True,Returned,9
3599,2024-04-14,8352,Nisha Verma,23,Other,Central,Indore,Furniture,Bookshelf,2,30615.34,0.21,88750.98,26460.69,57.35,Net Banking,2,False,Delivered,2
3663,2024-05-11,63146,Deepa Verma,22,Other,South,Chennai,Books,Fiction Novel,5,480.68,0.37,448.54,185.46,65.84,Net Banking,1,False,Delivered,7
1484,2021-10-28,77114,Arjun Bose,49,Other,North,Amritsar,Beauty,Face Cream,1,2097.9,0.1,1753.48,591.99,41.06,Emi,5,False,Delivered,4
3620,2024-04-23,14620,Nikhil Verma,48,Female,Central,Nagpur,Furniture,Desk,10,11308.29,0.28,115595.29,35774.65,57.9,Upi,4,False,Delivered,6
3615,2024-04-22,74717,Amit Joshi,34,Other,Central,Raipur,Books,Fiction Novel,2,1290.19,0.11,3480.18,1141.88,63.68,Debit Card,1,False,Delivered,6
189,2020-03-25,2132,Pooja Reddy,41,Female,North,Delhi,Groceries,Tea,1,342.62,0.31,248.22,14.18,59.96,Emi,3,False,Delivered,6
3235,2023-10-31,84105,Shreya Gupta,8,Female,West,Mumbai,Furniture,Wardrobe,10,28237.47,0.29,201146.39,39521.26,54.08,Cash On Delivery,5,False,Delivered,2
285,2020-05-06,37349,Nisha Joshi,46,Male,East,Bhubaneswar,Beauty,Perfume,4,1004.49,0.29,3619.29,2033.39,97.74,Debit Card,3,True,Returned,8
3763,2024-06-26,66505,Vikram Verma,49,Male,Central,Nagpur,Sports,Cricket Bat,3,10144.06,0.02,54236.12,10158.3,72.68,Debit Card,1,True,Returned,1
344,2020-05-28,9269,Shreya Kumar,40,Female,West,Pune,Groceries,Sugar,5,447.63,0.3,1817.68,140.38,65.87,Cash On Delivery,1,False,Cancelled,10
8,2020-01-02,27101,Shreya Kumar,45,Male,East,Patna,Books,Cook Book,2,435.28,0.32,400.93,152.9,54.81,Cash On Delivery,2,False,Cancelled,9
760,2020-12-11,23262,Priya Mishra,32,Female,North,Delhi,Furniture,Bookshelf,6,18877.52,0.29,62077.82,21779.26,27.92,Debit Card,5,False,Delivered,6
2062,2022-06-28,44853,Arjun Shah,27,Female,Central,Raipur,Groceries,Rice (5Kg),1,197.09,0.32,204.25,20.87,46.31,Debit Card,1,False,Shipped,5
3834,2024-07-24,62488,Sanjay Bose,31,Other,East,Kolkata,Groceries,Sugar,5,335.32,0.33,1937.67,171.12,88.98,Cash On Delivery,1,True,Returned,2
2264,2022-09-11,27188,Aditya Das,34,Male,North,Chandigarh,Furniture,Bookshelf,2,11078.6,0.06,26632.36,7028.83,45.78,Upi,2,False,Delivered,10
2158,2022-08-04,11487,Sanjay Singh,39,Male,South,Hyderabad,Groceries,Tea,2,287.46,0.12,696.47,45.33,63.51,Upi,2,False,Cancelled,4
1449,2021-10-17,79698,Deepa Das,49,Other,Central,Raipur,Sports,Tennis Racket,4,11988.33,0.37,30419.46,3508.41,63.72,Upi,2,False,Delivered,5
1097,2021-05-11,63448,Rohan Chatterjee,48,Female,West,Surat,Furniture,Chair,7,30335.68,0.23,202427.42,47519.09,63.26,Cash On Delivery,5,False,Pending,6
55,2020-01-21,98423,Arjun Kumar,37,Other,East,Guwahati,Groceries,Flour,2,61.44,0.12,83.9,6.89,72.83,Upi,2,False,Delivered,1
4044,2024-10-21,43452,Nisha Kapoor,46,Female,South,Kochi,Beauty,Sunscreen,1,882.32,0.25,860.81,531.18,92.13,Net Banking,5,False,Cancelled,4
3362,2023-12-26,63701,Aditya Kumar,31,Female,North,Amritsar,Clothing,Jeans,8,3109.43,0.34,13768.79,4682.29,78.43,Upi,2,False,Delivered,1
2764,2023-04-11,82237,Arjun Bose,36,Other,Central,Nagpur,Beauty,Sunscreen,9,1168.75,0.22,10719.06,3312.86,24.91,Credit Card,1,False,Delivered,6
1946,2022-05-09,58038,Arjun Joshi,43,Other,West,Pune,Groceries,Rice (5Kg),10,378.93,0.36,3399.01,209.1,60.05,Credit Card,1,False,Delivered,1
3870,2024-08-06,69875,Sanjay Mehta,43,Male,Central,Raipur,Clothing,Dress,3,1773.46,0.35,5117.18,1728.27,68.9,Upi,4,False,Cancelled,3
1052,2021-04-20,46428,Vikram Das,20,Male,North,Delhi,Electronics,Camera,8,37212.54,0.08,289349.91,22436.74,59.69,Emi,1,False,Delivered,9
3411,2024-01-18,62485,Deepa Kapoor,29,Other,East,Patna,Groceries,Flour,3,472.46,0.38,844.99,75.78,90.06,Credit Card,2,False,Cancelled,9
2279,2022-09-16,11155,Ananya Verma,52,Female,West,Mumbai,Electronics,Laptop,6,13712.65,0.21,88050.54,10911.94,44.8,Debit Card,2,False,Delivered,5
2655,2023-02-24,25325,Amit Joshi,34,Male,Central,Nagpur,Books,Fiction Novel,10,890.58,0.05,9308.37,3442.31,77.84,Upi,1,False,Delivered,4
2555,2023-01-13,46238,Nisha Singh,13,Other,South,Chennai,Groceries,Cooking Oil,6,429.91,0.36,1429.71,163.29,71.98,Cash On Delivery,3,False,Delivered,3
2464,2022-12-05,86293,Rahul Kapoor,28,Male,South,Kochi,Furniture,Bed Frame,1,21880.63,0.13,15482.78,4167.88,65.81,Debit Card,5,False,Delivered,7
3125,2023-09-11,63392,Pooja Nair,49,Other,Central,Raipur,Sports,Yoga Mat,8,7594.18,0.06,73152.9,14737.07,75.23,Net Banking,3,False,Delivered,10
2541,2023-01-09,26316,Ananya Gupta,24,Other,South,Chennai,Books,Textbook,2,1431.03,0.24,1789.46,945.9,64.39,Debit Card,2,False,Pending,1
2857,2023-05-28,81300,Ananya Mishra,27,Other,Central,Bhopal,Electronics,Smartphone,2,16666.39,0.04,45521.34,6476.79,54.21,Upi,1,False,Delivered,8
3704,2024-05-28,39978,Sunita Kapoor,6,Female,Central,Raipur,Beauty,Shampoo,4,1243.93,0.34,5427.21,1521.9,44.57,Debit Card,1,False,Delivered,6
1648,2022-01-05,42883,Vikram Joshi,32,Male,North,Amritsar,Clothing,Saree,7,3381.19,0.39,11933.01,3903.15,52.43,Emi,3,True,Returned,4
882,2021-02-02,46121,Arjun Shah,41,Female,North,Amritsar,Furniture,Bed Frame,10,21056.57,0.24,131205.97,31712.53,53.62,Credit Card,2,True,Returned,10
1780,2022-03-01,67461,Aditya Kapoor,16,Male,North,Chandigarh,Sports,Dumbbells,2,13902.39,0.37,20309.9,5540.98,37.83,Net Banking,3,False,Delivered,7
1611,2021-12-21,14221,Nisha Iyer,51,Other,West,Ahmedabad,Books,Textbook,10,1181.99,0.01,8278.99,3933.86,52.54,Debit Card,5,True,Returned,10
3545,2024-03-20,48258,Deepa Patel,41,Female,South,Hyderabad,Groceries,Cooking Oil,7,439.78,0.11,3962.93,320.83,64.0,Upi,1,False,Pending,9
2012,2022-06-06,50838,Sunita Sharma,35,Male,North,Amritsar,Beauty,Hair Oil,3,151.66,0.28,490.46,194.08,50.29,Upi,3,False,Delivered,1
2849,2023-05-26,49953,Aditya Kapoor,47,Other,South,Hyderabad,Books,Comic Book,1,616.77,0.26,805.88,253.49,67.82,Net Banking,3,True,Returned,5
376,2020-06-09,8639,Rahul Kapoor,43,Female,West,Mumbai,Sports,Dumbbells,10,7388.77,0.35,67368.65,7907.83,79.13,Credit Card,2,True,Returned,2
1583,2021-12-09,77780,Shreya Sharma,34,Other,North,Ludhiana,Furniture,Bed Frame,2,33979.17,0.09,49388.95,18574.16,35.89,Credit Card,4,True,Returned,4
1802,2022-03-08,29312,Arjun Verma,35,Other,East,Kolkata,Beauty,Hair Oil,1,2317.49,0.12,2469.09,1307.37,92.14,Credit Card,4,False,Delivered,4
4040,2024-10-19,65904,Aditya Reddy,24,Female,Central,Raipur,Beauty,Face Cream,1,1189.68,0.38,883.05,476.12,61.72,Upi,3,False,Delivered,7
1337,2021-08-24,96224,Pooja Bhat,42,Male,East,Guwahati,Beauty,Shampoo,6,1830.42,0.38,8090.67,3889.27,89.06,Emi,5,False,Pending,7
2032,2022-06-14,87100,Priya Das,31,Female,North,Chandigarh,Sports,Dumbbells,1,9438.79,0.06,12679.99,2911.92,48.64,Net Banking,3,False,Delivered,8
1663,2022-01-12,47721,Karan Mishra,47,Male,North,Delhi,Beauty,Face Cream,7,183.5,0.06,941.96,329.15,81.3,Cash On Delivery,5,False,Delivered,7
4032,2024-10-16,20384,Shreya Das,34,Male,West,Mumbai,Beauty,Hair Oil,8,1325.92,0.36,7101.14,3668.15,75.44,Credit Card,2,False,Delivered,10
3391,2024-01-06,82012,Amit Chatterjee,12,Male,Central,Indore,Furniture,Sofa,1,17054.15,0.05,19278.17,5809.8,62.17,Cash On Delivery,3,False,Delivered,2
65,2020-01-24,46511,Aditya Mehta,38,Male,Central,Bhopal,Sports,Tennis Racket,7,11809.1,0.37,39451.25,8489.59,52.58,Upi,1,True,Returned,5
1211,2021-06-30,89209,Nisha Patel,55,Female,West,Mumbai,Groceries,Dal (1Kg),1,92.07,0.24,92.74,5.66,66.61,Upi,4,True,Returned,4
4028,2024-10-14,55623,Nikhil Mehta,72,Male,Central,Indore,Books,Biography,8,953.45,0.12,6937.28,3146.46,74.99,Emi,1,False,Delivered,9
3168,2023-10-03,99426,Sunita Shah,39,Female,East,Patna,Furniture,Chair,3,22116.52,0.14,56634.24,15322.58,80.03,Emi,2,True,Returned,6
2377,2022-10-25,98234,Priya Das,37,Female,East,Kolkata,Books,Biography,3,641.95,0.29,1563.94,516.36,78.51,Upi,1,False,Delivered,8
848,2021-01-21,63825,Aarav Bose,42,Female,Central,Nagpur,Electronics,Camera,7,73688.74,0.36,260206.81,15758.03,63.44,Net Banking,3,False,Delivered,7
2428,2022-11-15,87410,Rahul Bose,14,Other,South,Kochi,Groceries,Rice (5Kg),10,90.88,0.15,727.71,64.16,43.0,Net Banking,2,False,Delivered,3
3977,2024-09-11,9103,Nisha Kapoor,30,Other,West,Ahmedabad,Clothing,Saree,5,1833.43,0.25,9194.56,2732.97,67.54,Emi,2,True,Returned,2
3020,2023-07-31,84225,Ananya Gupta,49,Male,North,Ludhiana,Furniture,Wardrobe,4,33460.25,0.13,195087.5,63064.44,40.01,Upi,5,False,Delivered,5
1487,2021-10-30,74622,Priya Sharma,30,Other,Central,Bhopal,Sports,Dumbbells,1,9205.69,0.13,7849.73,1902.62,71.07,Debit Card,1,False,Delivered,5
683,2020-11-06,71427,Ritu Das,21,Male,Central,Nagpur,Groceries,Rice (5Kg),8,483.25,0.06,2795.81,207.65,28.67,Upi,3,False,Delivered,2
553,2020-09-02,75347,Nisha Singh,15,Other,North,Ludhiana,Groceries,Dal (1Kg),3,101.86,0.13,278.9,25.03,47.2,Net Banking,5,False,Delivered,7
139,2020-02-24,35429,Ritu Nair,43,Female,South,Chennai,Books,Comic Book,5,1179.07,0.24,807.42,455.49,77.92,Cash On Delivery,1,False,Cancelled,3
1462,2021-10-22,48119,Arjun Kumar,25,Other,West,Mumbai,Sports,Yoga Mat,4,9927.75,0.01,30133.8,8083.5,86.33,Cash On Delivery,1,False,Delivered,5
2406,2022-11-06,28811,Sunita Joshi,14,Other,South,Hyderabad,Books,Comic Book,6,1290.45,0.14,6054.97,2015.44,72.18,Debit Card,3,False,Delivered,7
484,2020-08-01,47442,Sunita Shah,47,Female,South,Hyderabad,Books,Fiction Novel,1,658.73,0.32,486.04,224.09,56.27,Net Banking,1,False,Cancelled,10
3279,2023-11-17,55124,Arjun Nair,35,Female,South,Hyderabad,Beauty,Hair Oil,5,2164.5,0.36,6849.69,3108.13,89.26,Emi,1,False,Delivered,5
236,2020-04-13,24,Rohan Bhat,35,Other,North,Amritsar,Books,Self-Help Book,5,966.73,0.32,4041.53,1436.4,27.61,Emi,5,False,Shipped,4
2214,2022-08-25,69266,Meera Iyer,42,Female,South,Kochi,Sports,Yoga Mat,3,11700.18,0.34,31335.42,7211.28,61.57,Cash On Delivery,2,False,Delivered,4
1812,2022-03-12,87331,Priya Iyer,37,Other,South,Hyderabad,Clothing,Saree,2,3062.06,0.0,6405.51,1929.46,60.97,Credit Card,4,False,Delivered,6
2835,2023-05-18,93185,Sunita Verma,46,Male,North,Ludhiana,Books,Biography,2,922.52,0.02,2948.11,1106.75,61.06,Debit Card,3,False,Delivered,9
2005,2022-06-03,62519,Priya Joshi,46,Female,South,Bangalore,Beauty,Sunscreen,10,1635.87,0.21,18889.25,9364.27,65.41,Cash On Delivery,4,False,Delivered,4
3293,2023-11-24,17652,Arjun Rao,40,Male,East,Guwahati,Beauty,Face Cream,7,586.63,0.04,3416.93,1208.13,90.59,Net Banking,2,False,Pending,8
3717,2024-06-09,54594,Ritu Verma,37,Male,South,Hyderabad,Sports,Football,4,969.54,0.1,6002.74,476.57,59.53,Net Banking,4,False,Delivered,5
2395,2022-11-01,38435,Aarav Das,34,Other,West,Mumbai,Electronics,Smartphone,5,17051.01,0.02,72489.63,12014.35,60.41,Debit Card,4,False,Delivered,3
3610,2024-04-20,71966,Deepa Kumar,31,Female,West,Pune,Beauty,Perfume,8,1737.06,0.05,21586.69,9320.24,48.1,Emi,4,False,Delivered,9
2433,2022-11-19,52680,Ritu Shah,40,Female,North,Delhi,Sports,Cycle,9,10073.67,0.2,59652.6,18108.91,53.9,Emi,4,False,Cancelled,2
2752,2023-04-06,77977,Priya Verma,39,Other,North,Chandigarh,Furniture,Desk,4,20972.36,0.23,101498.2,40455.26,43.34,Upi,1,False,Delivered,4
1125,2021-05-23,4001,Ananya Das,41,Male,Central,Bhopal,Sports,Football,8,1689.13,0.12,17306.12,3872.78,78.96,Net Banking,3,False,Shipped,2
2639,2023-02-16,43114,Deepa Sharma,37,Male,South,Kochi,Furniture,Bookshelf,5,26873.8,0.3,107825.45,33382.41,80.54,Net Banking,2,False,Cancelled,9
3791,2024-07-06,64574,Sanjay Pillai,26,Female,Central,Bhopal,Electronics,Smartphone,8,70977.79,0.21,912510.56,120414.48,61.68,Cash On Delivery,3,False,Delivered,1
945,2021-03-03,29179,Karan Verma,14,Other,West,Surat,Sports,Yoga Mat,4,7733.68,0.34,22832.43,3661.66,56.01,Credit Card,2,False,Delivered,6
1357,2021-09-03,15011,Rahul Shah,21,Other,West,Mumbai,Books,Fiction Novel,7,712.53,0.07,5107.75,1803.51,57.42,Credit Card,1,True,Returned,10
2224,2022-08-28,30540,Priya Bhat,25,Female,West,Ahmedabad,Sports,Cycle,7,8703.41,0.09,68163.65,14340.35,62.0,Debit Card,2,False,Delivered,1
1631,2021-12-27,37296,Meera Chatterjee,49,Male,North,Chandigarh,Furniture,Bookshelf,4,7533.42,0.13,23033.05,7287.96,68.3,Credit Card,5,False,Delivered,6
3689,2024-05-22,89381,Vikram Bose,31,Female,South,Hyderabad,Furniture,Chair,7,13446.15,0.03,147194.67,34353.53,72.19,Debit Card,3,False,Delivered,8
2484,2022-12-13,16309,Rohan Verma,20,Other,Central,Raipur,Clothing,Saree,4,630.74,0.04,1712.76,616.52,29.52,Debit Card,2,False,Delivered,9
823,2021-01-12,48473,Sunita Joshi,48,Male,West,Pune,Beauty,Sunscreen,1,1901.42,0.3,1024.0,482.79,37.7,Emi,5,False,Delivered,7
557,2020-09-04,3973,Rahul Iyer,34,Male,East,Bhubaneswar,Books,Self-Help Book,6,821.78,0.16,3457.92,2079.93,89.15,Credit Card,4,False,Cancelled,7
1283,2021-08-01,68514,Sanjay Mishra,8,Male,North,Ludhiana,Beauty,Hair Oil,10,1896.08,0.01,22009.55,8645.2,60.54,Net Banking,2,False,Delivered,10
375,2020-06-09,69130,Nikhil Singh,40,Other,South,Kochi,Furniture,Bed Frame,3,32005.1,0.14,111222.15,40250.51,26.04,Net Banking,5,False,Delivered,1
4096,2024-11-13,25252,Nikhil Rao,25,Other,East,Kolkata,Beauty,Hair Oil,5,2272.1,0.15,1972.43,936.13,54.4,Cash On Delivery,2,False,Delivered,6
4142,2024-12-04,18673,Sanjay Joshi,19,Other,North,Ludhiana,Beauty,Face Cream,9,1593.35,0.06,10203.46,4094.58,42.17,Credit Card,3,False,Delivered,2
2851,2023-05-26,69918,Aditya Verma,39,Female,Central,Bhopal,Beauty,Sunscreen,1,2345.65,0.07,3844.13,2141.87,54.42,Net Banking,2,True,Returned,3
3449,2024-02-04,23951,Karan Kapoor,40,Female,Central,Raipur,Furniture,Desk,1,12690.08,0.16,13573.95,3348.35,78.84,Net Banking,4,False,Delivered,2
83,2020-02-01,84754,Meera Shah,45,Other,Central,Nagpur,Clothing,Jeans,8,1746.58,0.14,9981.19,3692.11,25.32,Debit Card,3,False,Shipped,3
3262,2023-11-09,82303,Arjun Patel,18,Male,Central,Bhopal,Sports,Cycle,4,7196.49,0.2,23291.68,4701.83,62.08,Net Banking,1,True,Returned,10
1086,2021-05-06,14839,Aarav Mishra,27,Other,West,Ahmedabad,Sports,Yoga Mat,9,748.26,0.21,10901.11,3339.14,48.2,Cash On Delivery,3,False,Shipped,3
438,2020-07-12,95274,Priya Shah,26,Female,Central,Nagpur,Groceries,Tea,9,367.82,0.37,2214.56,189.16,74.74,Debit Card,3,False,Delivered,9
2601,2023-02-04,2447,Sunita Singh,48,Other,East,Guwahati,Electronics,Smartwatch,6,27584.29,0.04,154093.5,18519.24,82.16,Cash On Delivery,3,True,Returned,1
3577,2024-04-03,58950,Kavya Mishra,57,Male,South,Chennai,Clothing,Dress,5,1559.69,0.21,10091.36,3080.02,61.62,Upi,3,False,Delivered,3
2854,2023-05-28,77130,Vikram Chatterjee,32,Male,Central,Bhopal,Sports,Dumbbells,5,2734.25,0.28,2776.37,628.32,40.14,Credit Card,2,False,Delivered,5
3145,2023-09-25,35682,Ananya Chatterjee,49,Female,North,Chandigarh,Sports,Football,1,6693.3,0.11,7001.71,1485.2,49.16,Credit Card,1,False,Cancelled,7
3488,2024-02-25,31348,Pooja Gupta,30,Female,Central,Indore,Electronics,Smartphone,1,7202.38,0.21,6816.92,552.15,67.34,Net Banking,2,True,Returned,4
1109,2021-05-15,81233,Nikhil Bose,19,Other,South,Kochi,Furniture,Sofa,1,12504.29,0.15,14133.18,5257.39,87.69,Emi,4,False,Delivered,8
1569,2021-12-02,66237,Ananya Kumar,30,Male,South,Kochi,Groceries,Tea,2,117.65,0.21,182.73,14.01,71.51,Net Banking,4,False,Delivered,4
1845,2022-03-27,10325,Ananya Joshi,27,Male,East,Guwahati,Electronics,Smartphone,7,49930.01,0.18,305814.52,52733.26,87.99,Credit Card,2,True,Returned,1
1396,2021-09-21,86234,Priya Reddy,56,Male,South,Kochi,Electronics,Tablet,8,75033.34,0.28,506816.82,73937.62,61.37,Credit Card,4,False,Delivered,7
1252,2021-07-18,60840,Sunita Patel,28,Other,East,Bhubaneswar,Furniture,Bookshelf,2,27494.42,0.09,66782.43,17991.26,56.35,Credit Card,3,False,Delivered,6
211,2020-04-02,90979,Nisha Joshi,47,Male,South,Bangalore,Books,Comic Book,6,1246.19,0.06,7951.41,4298.89,74.09,Emi,3,False,Delivered,7
1532,2021-11-18,78938,Pooja Reddy,30,Male,Central,Indore,Clothing,Saree,7,1494.18,0.13,7729.55,3630.71,80.11,Credit Card,3,False,Delivered,10
1616,2021-12-24,87932,Ananya Kapoor,22,Male,South,Chennai,Clothing,Kurta,4,1566.74,0.07,3925.14,1682.6,77.04,Debit Card,4,False,Shipped,9
156,2020-03-06,57074,Priya Singh,32,Male,Central,Indore,Clothing,T-Shirt,7,634.01,0.35,2632.38,1034.24,76.53,Upi,4,False,Delivered,9
140,2020-02-24,51057,Rohan Verma,49,Female,Central,Bhopal,Beauty,Shampoo,3,2127.17,0.32,3803.64,1419.85,67.56,Upi,1,False,Delivered,1
187,2020-03-23,95299,Amit Rao,44,Other,East,Guwahati,Groceries,Sugar,3,315.98,0.2,801.2,62.11,104.89,Credit Card,4,False,Delivered,3
2417,2022-11-09,65187,Rahul Chatterjee,41,Female,West,Mumbai,Sports,Dumbbells,10,5187.53,0.13,41193.61,8791.81,49.73,Upi,3,False,Delivered,2
2499,2022-12-21,68941,Vikram Pillai,38,Female,South,Hyderabad,Electronics,Headphones,10,22540.09,0.08,196931.1,22056.79,77.63,Cash On Delivery,4,False,Delivered,6
2326,2022-10-06,89114,Aditya Patel,27,Female,South,Hyderabad,Furniture,Bookshelf,9,22455.86,0.23,158725.76,35481.88,64.83,Credit Card,4,False,Delivered,4
3862,2024-08-04,25303,Arjun Bose,37,Female,West,Mumbai,Groceries,Dal (1Kg),4,315.04,0.14,1725.71,108.93,49.89,Credit Card,3,False,Delivered,10
3396,2024-01-10,18308,Priya Mehta,31,Male,Central,Raipur,Beauty,Sunscreen,10,412.64,0.28,2849.95,1648.72,35.19,Credit Card,5,False,Delivered,6
2620,2023-02-10,23456,Sunita Mishra,50,Male,South,Bangalore,Beauty,Perfume,6,1758.55,0.29,8300.79,4314.02,64.46,Net Banking,4,False,Delivered,1
2725,2023-03-28,39987,Aarav Shah,34,Male,North,Amritsar,Furniture,Sofa,2,25068.04,0.07,60153.24,15753.38,16.5,Debit Card,1,False,Delivered,2
3964,2024-09-06,57453,Arjun Joshi,14,Other,West,Mumbai,Electronics,Headphones,2,41228.52,0.11,103175.92,12285.24,37.79,Debit Card,4,True,Returned,8
3534,2024-03-15,18961,Meera Kumar,40,Male,East,Kolkata,Electronics,Laptop,4,12580.65,0.34,45132.09,5873.56,101.02,Net Banking,5,False,Delivered,2
872,2021-01-31,37369,Amit Das,29,Female,South,Kochi,Beauty,Lipstick,3,1476.85,0.39,1955.0,946.31,72.85,Emi,1,True,Returned,6
1739,2022-02-12,395,Arjun Reddy,42,Male,North,Ludhiana,Beauty,Face Cream,7,881.3,0.24,4536.6,2608.91,49.35,Upi,2,False,Delivered,3
2015,2022-06-07,43193,Rahul Mehta,36,Other,South,Kochi,Furniture,Chair,1,22337.23,0.08,24297.67,7115.37,44.4,Upi,3,False,Delivered,10
715,2020-11-23,92335,Rohan Singh,35,Other,North,Chandigarh,Books,Textbook,3,1024.92,0.4,1275.48,495.89,60.02,Credit Card,4,False,Delivered,10
1157,2021-06-03,28445,Sanjay Nair,40,Female,North,Amritsar,Books,Textbook,7,775.88,0.38,4861.16,1295.29,19.48,Credit Card,4,True,Returned,9
1759,2022-02-18,59330,Deepa Patel,34,Male,West,Surat,Groceries,Tea,4,421.19,0.39,993.67,79.81,83.46,Upi,3,False,Delivered,6
3164,2023-10-01,4219,Aarav Sharma,21,Male,East,Bhubaneswar,Clothing,Jeans,8,3309.44,0.08,24146.23,7317.58,108.32,Net Banking,2,False,Shipped,8
2010,2022-06-05,93766,Rohan Nair,24,Female,West,Pune,Electronics,Tablet,6,29091.32,0.21,275738.69,35140.71,35.9,Emi,4,True,Returned,10
2016,2022-06-09,87101,Nikhil Bose,20,Male,East,Guwahati,Groceries,Cooking Oil,4,342.63,0.04,1796.99,105.07,65.4,Upi,3,False,Delivered,2
4078,2024-11-03,54593,Arjun Sharma,32,Female,East,Patna,Books,Textbook,4,253.68,0.16,778.21,386.42,76.22,Upi,4,False,Shipped,9
594,2020-09-22,6050,Ananya Mishra,37,Male,North,Amritsar,Clothing,T-Shirt,2,2579.57,0.02,5743.74,1991.02,37.72,Emi,4,False,Delivered,1
2883,2023-06-03,72686,Meera Bose,66,Male,East,Kolkata,Electronics,Headphones,7,18211.07,0.04,212071.33,30254.35,85.57,Credit Card,1,False,Delivered,10
2676,2023-03-03,24131,Deepa Verma,27,Male,South,Bangalore,Books,Fiction Novel,1,948.68,0.05,1052.63,436.63,60.66,Net Banking,3,False,Delivered,4
2477,2022-12-12,10191,Shreya Mishra,25,Male,South,Hyderabad,Electronics,Camera,7,78827.09,0.17,329759.69,33092.48,81.42,Credit Card,2,False,Delivered,7
3383,2024-01-03,88781,Meera Iyer,22,Male,North,Amritsar,Electronics,Smartphone,7,65406.74,0.23,311838.93,30172.94,56.16,Cash On Delivery,4,False,Delivered,9
1033,2021-04-12,75013,Aditya Pillai,30,Male,South,Chennai,Sports,Tennis Racket,2,3848.71,0.13,7629.53,1845.42,94.87,Upi,1,False,Delivered,5
2769,2023-04-14,48124,Ritu Reddy,14,Male,East,Patna,Furniture,Wardrobe,1,25421.93,0.02,36558.25,12519.52,64.85,Cash On Delivery,4,False,Cancelled,8
345,2020-05-28,34954,Nikhil Kapoor,39,Other,Central,Nagpur,Groceries,Flour,9,253.54,0.26,2172.54,173.86,63.2,Net Banking,5,False,Delivered,7
3739,2024-06-18,32885,Deepa Iyer,36,Other,East,Guwahati,Clothing,Saree,2,419.29,0.4,977.42,372.17,91.04,Debit Card,4,False,Delivered,6
4200,2024-12-30,38440,Rohan Rao,22,Other,South,Bangalore,Furniture,Sofa,6,5868.58,0.29,27272.26,8506.96,61.17,Cash On Delivery,3,True,Returned,5
3549,2024-03-22,48871,Arjun Patel,42,Other,West,Pune,Furniture,Sofa,8,8470.42,0.29,55529.13,17657.48,72.33,Upi,4,False,Delivered,2
3289,2023-11-21,55307,Kavya Chatterjee,13,Other,South,Kochi,Clothing,T-Shirt,9,2673.67,0.23,16249.74,5950.65,80.51,Emi,3,False,Delivered,8
2474,2022-12-08,53409,Sunita Pillai,37,Female,North,Ludhiana,Electronics,Smartphone,1,42750.36,0.21,38016.38,3865.32,64.93,Cash On Delivery,4,False,Delivered,10
1085,2021-05-05,96129,Amit Verma,36,Male,West,Ahmedabad,Electronics,Headphones,3,19106.04,0.29,55864.82,5910.7,48.94,Upi,5,False,Delivered,10
52,2020-01-21,8694,Shreya Nair,30,Other,East,Patna,Groceries,Flour,8,93.43,0.03,527.34,58.06,67.75,Credit Card,5,False,Shipped,3
3253,2023-11-05,40202,Priya Das,24,Female,Central,Nagpur,Beauty,Sunscreen,3,2286.34,0.34,4041.13,2413.02,61.28,Upi,2,True,Returned,1
1864,2022-04-02,9459,Aarav Shah,44,Male,East,Guwahati,Clothing,Jacket,8,2007.46,0.07,22694.82,8877.57,29.19,Net Banking,5,False,Delivered,8
3635,2024-04-29,69253,Aditya Bose,31,Male,North,Chandigarh,Clothing,Jacket,1,2333.82,0.3,2311.26,857.57,31.53,Debit Card,2,True,Returned,10
974,2021-03-20,42500,Aarav Shah,30,Male,South,Kochi,Sports,Cricket Bat,8,1086.23,0.23,7051.86,1305.99,55.27,Debit Card,4,True,Returned,8
2741,2023-04-01,45274,Sanjay Patel,23,Male,East,Guwahati,Sports,Dumbbells,6,5555.87,0.31,34653.36,9878.4,74.61,Debit Card,5,False,Delivered,4
2872,2023-05-31,44303,Nisha Joshi,17,Female,South,Bangalore,Electronics,Camera,8,74939.93,0.31,626506.16,78957.96,82.61,Cash On Delivery,2,False,Pending,6
3179,2023-10-06,4408,Sanjay Chatterjee,24,Female,North,Chandigarh,Sports,Tennis Racket,6,4814.34,0.11,27501.28,3795.89,44.25,Cash On Delivery,3,False,Delivered,6
519,2020-08-18,46240,Sanjay Mishra,21,Male,Central,Indore,Sports,Tennis Racket,4,2245.26,0.05,10562.68,1551.12,67.36,Net Banking,1,False,Delivered,8
3408,2024-01-16,53254,Rahul Nair,35,Other,South,Kochi,Clothing,Jeans,2,2942.34,0.26,4536.48,1703.86,54.7,Debit Card,5,True,Returned,7
3906,2024-08-15,36432,Kavya Kapoor,33,Male,South,Kochi,Books,Self-Help Book,8,1226.84,0.23,11994.58,3912.8,69.45,Emi,4,False,Delivered,6
880,2021-02-02,93518,Aarav Rao,36,Other,East,Guwahati,Books,Comic Book,9,1355.32,0.11,9672.16,3948.56,95.05,Debit Card,4,False,Delivered,4
1651,2022-01-07,43881,Ananya Mehta,28,Other,North,Ludhiana,Furniture,Desk,2,15019.51,0.21,22257.16,6736.14,45.65,Upi,2,False,Cancelled,7
2265,2022-09-12,40896,Deepa Rao,48,Female,West,Mumbai,Electronics,Headphones,7,17875.78,0.39,88594.37,10922.5,64.93,Credit Card,1,False,Shipped,3
4143,2024-12-04,39988,Amit Chatterjee,20,Male,East,Guwahati,Furniture,Bed Frame,9,31889.55,0.03,231659.35,73647.32,82.21,Credit Card,4,False,Delivered,3
953,2021-03-07,31395,Nisha Sharma,51,Male,West,Mumbai,Groceries,Sugar,8,304.96,0.05,2345.4,225.25,36.35,Cash On Delivery,2,False,Delivered,3
3208,2023-10-19,7878,Nisha Patel,39,Male,Central,Raipur,Beauty,Face Cream,6,1870.67,0.31,7697.7,4210.61,51.88,Debit Card,5,False,Delivered,1
3099,2023-09-01,54403,Priya Rao,31,Female,Central,Nagpur,Books,Cook Book,7,1057.54,0.2,6459.84,2620.05,60.64,Debit Card,2,True,Returned,2
1810,2022-03-11,43650,Arjun Patel,14,Other,East,Bhubaneswar,Furniture,Wardrobe,8,26505.13,0.04,238656.22,68339.51,84.53,Net Banking,5,False,Delivered,7
2910,2023-06-10,60967,Nisha Chatterjee,19,Male,West,Surat,Sports,Cycle,5,13947.97,0.29,76540.79,25167.53,78.24,Emi,1,False,Cancelled,7
3547,2024-03-20,38738,Vikram Gupta,48,Female,Central,Bhopal,Beauty,Face Cream,7,2483.1,0.23,19141.88,9979.84,55.38,Net Banking,3,False,Delivered,10
1190,2021-06-19,89428,Vikram Bhat,24,Male,North,Chandigarh,Groceries,Dal (1Kg),8,134.32,0.04,1451.63,139.04,56.65,Debit Card,2,False,Delivered,5
3625,2024-04-26,51053,Kavya Kumar,37,Male,East,Guwahati,Clothing,T-Shirt,2,336.81,0.23,928.67,222.36,105.46,Credit Card,4,False,Delivered,8
1054,2021-04-21,25910,Aarav Kapoor,18,Other,East,Kolkata,Groceries,Rice (5Kg),2,94.76,0.39,140.8,10.16,69.7,Credit Card,3,False,Delivered,5
4122,2024-11-27,89767,Rahul Patel,21,Other,South,Kochi,Electronics,Camera,10,78416.65,0.19,598247.4,76981.5,47.97,Upi,3,False,Cancelled,8
2394,2022-11-01,48987,Arjun Bose,19,Female,South,Hyderabad,Beauty,Shampoo,4,901.35,0.21,2292.28,1103.36,70.49,Upi,3,False,Delivered,9
998,2021-03-30,74848,Sanjay Mehta,29,Other,East,Guwahati,Sports,Football,8,10920.29,0.06,83283.38,15878.93,109.6,Emi,2,False,Delivered,7
1257,2021-07-20,58111,Sanjay Chatterjee,32,Female,West,Surat,Groceries,Flour,10,311.3,0.22,2697.43,192.38,47.53,Emi,5,False,Delivered,5
1359,2021-09-04,2336,Ananya Das,41,Other,North,Amritsar,Electronics,Laptop,4,58347.92,0.26,187775.6,29981.09,40.02,Cash On Delivery,5,True,Returned,1
1490,2021-10-31,68846,Deepa Sharma,55,Male,Central,Nagpur,Electronics,Laptop,8,55123.63,0.15,356673.17,10636.55,57.56,Debit Card,5,False,Delivered,5
1565,2021-11-30,50049,Meera Nair,28,Other,West,Surat,Clothing,T-Shirt,6,3969.96,0.03,17673.42,4862.5,49.67,Emi,2,False,Shipped,2
2744,2023-04-01,66758,Rahul Patel,31,Female,North,Delhi,Beauty,Lipstick,8,2199.06,0.31,19643.63,6740.03,50.62,Cash On Delivery,1,False,Delivered,8
3693,2024-05-22,4664,Shreya Mehta,45,Male,South,Bangalore,Books,Fiction Novel,4,1444.05,0.31,6939.46,2386.88,95.97,Upi,3,False,Delivered,3
289,2020-05-07,73246,Aarav Patel,46,Male,South,Bangalore,Books,Comic Book,6,366.68,0.22,2435.14,744.83,60.14,Upi,2,True,Returned,2
3765,2024-06-27,84964,Arjun Pillai,53,Other,North,Delhi,Beauty,Shampoo,5,1527.65,0.37,1656.84,823.79,46.45,Emi,4,False,Delivered,2
1021,2021-04-05,46097,Kavya Rao,30,Male,Central,Nagpur,Groceries,Tea,10,140.77,0.04,1620.6,92.58,48.86,Emi,5,False,Delivered,5
2519,2022-12-29,63560,Aditya Reddy,61,Female,South,Kochi,Groceries,Tea,10,477.67,0.38,2743.7,241.54,64.26,Debit Card,3,False,Delivered,2
3840,2024-07-26,71808,Deepa Bhat,34,Female,East,Guwahati,Clothing,Jacket,7,2027.9,0.25,15991.92,5222.33,87.34,Credit Card,3,False,Delivered,10
126,2020-02-18,76844,Aarav Sharma,48,Female,South,Chennai,Sports,Cricket Bat,10,14132.86,0.19,102974.46,27604.9,90.34,Cash On Delivery,3,False,Delivered,9
365,2020-06-05,36682,Sanjay Reddy,20,Other,West,Pune,Furniture,Bookshelf,5,10108.05,0.16,10227.18,3225.54,71.7,Cash On Delivery,3,True,Returned,8
3356,2023-12-22,10273,Nisha Bose,26,Male,South,Chennai,Books,Textbook,4,1166.27,0.32,2541.06,740.36,75.02,Cash On Delivery,5,False,Delivered,6
986,2021-03-24,25266,Nikhil Reddy,20,Other,Central,Raipur,Furniture,Chair,1,14981.98,0.21,16452.69,6301.96,80.7,Emi,4,False,Cancelled,8
1103,2021-05-13,68761,Vikram Joshi,47,Female,North,Chandigarh,Furniture,Wardrobe,2,11894.06,0.21,27604.98,6286.41,70.91,Emi,4,False,Cancelled,4
3896,2024-08-13,78041,Sunita Nair,29,Male,North,Chandigarh,Electronics,Laptop,10,53218.56,0.27,560937.53,68296.39,20.81,Cash On Delivery,3,False,Delivered,6
1526,2021-11-17,64362,Rahul Verma,60,Male,South,Kochi,Books,Textbook,2,371.2,0.25,427.53,199.91,67.34,Cash On Delivery,2,False,Delivered,4
2352,2022-10-13,89546,Ananya Verma,26,Male,West,Mumbai,Clothing,Kurta,5,3741.86,0.22,13643.24,4735.93,53.44,Upi,4,True,Returned,1
2347,2022-10-12,24182,Kavya Singh,36,Male,Central,Raipur,Groceries,Cooking Oil,3,403.22,0.33,824.95,82.5,62.33,Credit Card,3,False,Delivered,9
2576,2023-01-27,12074,Shreya Kapoor,38,Other,East,Patna,Clothing,Jacket,1,3316.89,0.02,2808.53,1124.49,73.41,Upi,5,False,Cancelled,10
1246,2021-07-16,93346,Rohan Iyer,52,Female,East,Patna,Groceries,Dal (1Kg),10,422.95,0.01,5380.7,403.1,74.58,Debit Card,4,False,Delivered,6
1060,2021-04-25,46841,Nikhil Nair,37,Male,North,Delhi,Sports,Cycle,5,8455.87,0.31,32604.64,8841.29,51.91,Debit Card,5,False,Delivered,5
4120,2024-11-27,60757,Deepa Singh,20,Female,South,Bangalore,Clothing,Dress,1,335.42,0.23,247.75,88.1,73.88,Debit Card,3,False,Delivered,3
589,2020-09-20,18414,Sanjay Reddy,24,Other,North,Delhi,Clothing,Dress,4,3802.14,0.16,11713.77,4073.09,63.7,Credit Card,4,False,Delivered,10
1686,2022-01-21,44944,Rohan Singh,24,Male,Central,Raipur,Furniture,Chair,8,6492.13,0.09,42405.18,10060.56,52.57,Credit Card,3,False,Delivered,10
2548,2023-01-12,41169,Aditya Iyer,46,Male,East,Guwahati,Furniture,Sofa,10,14207.99,0.06,135263.66,39842.93,65.88,Cash On Delivery,4,False,Delivered,3
2013,2022-06-06,13762,Meera Chatterjee,44,Other,Central,Indore,Clothing,Jacket,5,3652.79,0.25,4359.44,1521.23,40.51,Debit Card,2,False,Cancelled,8
1989,2022-05-28,57444,Amit Bose,30,Female,North,Ludhiana,Clothing,Jeans,2,3929.54,0.16,9882.86,4050.34,67.09,Cash On Delivery,3,False,Delivered,5
1306,2021-08-10,62979,Pooja Mishra,36,Other,Central,Raipur,Electronics,Smartwatch,8,58571.61,0.28,475115.46,53027.1,56.37,Emi,4,True,Returned,4
1519,2021-11-15,43388,Aditya Shah,37,Other,West,Surat,Clothing,Jeans,7,1574.54,0.02,8015.28,2481.62,84.22,Upi,3,False,Delivered,5
1823,2022-03-16,35405,Pooja Mishra,35,Female,Central,Raipur,Sports,Cycle,4,5236.27,0.09,24896.51,4435.73,74.78,Cash On Delivery,1,False,Shipped,8
3110,2023-09-05,38634,Sanjay Reddy,50,Male,South,Hyderabad,Clothing,Kurta,7,3365.93,0.11,25929.31,13312.04,74.84,Debit Card,3,False,Cancelled,4
2755,2023-04-06,20559,Karan Mishra,46,Male,North,Chandigarh,Books,Biography,9,421.91,0.16,4945.52,2326.52,51.34,Emi,5,False,Delivered,1
4088,2024-11-08,96195,Amit Mishra,34,Other,East,Kolkata,Clothing,Saree,9,1665.92,0.18,11063.0,2273.36,91.64,Credit Card,3,False,Delivered,1
1513,2021-11-12,81406,Rahul Bose,58,Other,North,Amritsar,Sports,Cricket Bat,10,11652.14,0.17,75606.39,12791.68,49.96,Emi,1,False,Delivered,10
3252,2023-11-05,39721,Sunita Kapoor,32,Female,West,Surat,Sports,Cricket Bat,3,10070.36,0.29,20450.62,4777.96,40.78,Upi,4,False,Delivered,3
2695,2023-03-14,36599,Kavya Bhat,43,Female,West,Ahmedabad,Beauty,Shampoo,9,415.58,0.35,3291.09,1457.49,93.37,Debit Card,4,False,Pending,3
3178,2023-10-05,71971,Rohan Nair,34,Female,North,Delhi,Furniture,Bookshelf,6,11138.87,0.18,60174.08,14000.74,42.92,Emi,3,False,Delivered,5
3336,2023-12-14,95363,Aditya Gupta,35,Other,East,Patna,Groceries,Sugar,3,362.51,0.05,803.64,58.0,84.62,Debit Card,3,False,Cancelled,10
2782,2023-04-20,50156,Rahul Kumar,23,Other,West,Ahmedabad,Sports,Dumbbells,6,3259.56,0.28,20331.59,3788.35,62.56,Cash On Delivery,2,False,Delivered,9
4124,2024-11-29,93821,Rahul Mehta,57,Other,South,Hyderabad,Clothing,Saree,7,2979.19,0.27,16150.97,6112.46,84.04,Cash On Delivery,1,False,Delivered,7
1150,2021-05-31,47277,Nisha Verma,43,Male,North,Ludhiana,Electronics,Smartwatch,5,5211.32,0.21,37902.51,5270.39,43.19,Emi,2,False,Delivered,5
1578,2021-12-05,75792,Karan Joshi,38,Other,West,Surat,Clothing,Jeans,3,3600.05,0.1,7315.14,3342.94,28.05,Credit Card,3,True,Returned,1
976,2021-03-20,97597,Meera Reddy,7,Other,East,Bhubaneswar,Sports,Cricket Bat,5,14828.68,0.36,57628.49,7729.24,61.13,Emi,2,False,Delivered,3
3133,2023-09-15,10354,Sunita Reddy,37,Male,Central,Bhopal,Clothing,Jacket,9,1920.93,0.04,18611.05,7106.9,65.71,Emi,4,True,Returned,9
3659,2024-05-09,21485,Priya Shah,35,Female,West,Ahmedabad,Beauty,Sunscreen,8,1212.69,0.21,13771.38,6491.12,40.26,Credit Card,3,False,Delivered,8
385,2020-06-13,64460,Aditya Singh,16,Other,Central,Bhopal,Electronics,Smartphone,3,71017.39,0.21,283763.47,23611.3,53.14,Emi,5,False,Delivered,8
162,2020-03-09,45896,Aditya Reddy,26,Male,Central,Indore,Electronics,Tablet,6,79957.92,0.21,431664.73,54036.34,51.2,Cash On Delivery,3,False,Delivered,10
2908,2023-06-10,54563,Rahul Gupta,23,Other,East,Bhubaneswar,Electronics,Smartphone,2,65714.09,0.32,147617.58,16129.94,76.71,Net Banking,5,False,Delivered,7
4026,2024-10-14,78408,Ananya Singh,20,Male,North,Chandigarh,Groceries,Flour,10,171.99,0.18,1542.88,98.26,65.88,Debit Card,4,True,Returned,3
2538,2023-01-06,35874,Ananya Bose,30,Other,North,Delhi,Furniture,Bookshelf,5,12917.23,0.13,10872.27,2985.89,68.67,Cash On Delivery,2,False,Delivered,10
3059,2023-08-17,5600,Aarav Sharma,34,Male,Central,Indore,Furniture,Sofa,9,19162.75,0.32,178414.75,35608.13,38.92,Cash On Delivery,4,False,Delivered,5
1736,2022-02-10,73835,Aditya Reddy,27,Female,West,Mumbai,Clothing,Dress,2,3211.68,0.36,3765.49,1384.04,46.54,Emi,4,False,Delivered,8
478,2020-07-31,17040,Ritu Shah,43,Other,West,Pune,Clothing,T-Shirt,10,2139.09,0.23,21182.67,8554.34,72.73,Cash On Delivery,2,False,Delivered,8
1798,2022-03-07,89556,Vikram Bose,31,Other,South,Kochi,Groceries,Rice (5Kg),3,323.91,0.0,1207.23,88.05,64.99,Debit Card,1,False,Cancelled,3
1006,2021-03-31,48859,Ritu Mishra,42,Female,East,Guwahati,Beauty,Lipstick,3,1034.33,0.12,3430.9,1457.51,77.03,Upi,1,False,Pending,9
1398,2021-09-23,54951,Ritu Chatterjee,25,Other,East,Guwahati,Furniture,Desk,8,19149.45,0.14,163824.93,43339.07,77.26,Upi,2,False,Delivered,4
2490,2022-12-17,93354,Sanjay Verma,24,Male,Central,Raipur,Beauty,Face Cream,5,732.07,0.17,505.72,246.04,48.93,Emi,1,False,Shipped,2
632,2020-10-10,42307,Arjun Kumar,25,Female,Central,Bhopal,Furniture,Wardrobe,1,23097.37,0.34,12857.46,4344.32,107.34,Cash On Delivery,5,False,Delivered,2
2026,2022-06-12,80310,Deepa Kapoor,28,Other,Central,Bhopal,Groceries,Tea,8,115.46,0.22,1183.48,105.86,42.35,Emi,4,False,Cancelled,8
3540,2024-03-18,79303,Amit Patel,46,Female,North,Delhi,Sports,Yoga Mat,2,7756.42,0.38,13122.27,2871.65,33.58,Credit Card,5,False,Delivered,7
3972,2024-09-09,81553,Rohan Patel,49,Female,East,Kolkata,Beauty,Sunscreen,8,1184.54,0.21,9116.76,2742.19,101.81,Upi,2,False,Delivered,8
640,2020-10-13,33864,Sanjay Kumar,13,Other,Central,Indore,Books,Comic Book,3,785.45,0.12,1714.83,820.64,65.35,Upi,2,True,Returned,1
1521,2021-11-15,18819,Meera Singh,50,Female,North,Ludhiana,Electronics,Headphones,2,5798.1,0.24,7334.77,884.69,32.84,Cash On Delivery,3,False,Delivered,3
3925,2024-08-22,2732,Sunita Bhat,47,Male,West,Pune,Clothing,Dress,5,2368.82,0.21,18598.33,5184.45,68.4,Cash On Delivery,3,False,Cancelled,1
3283,2023-11-18,59848,Rohan Gupta,29,Male,East,Kolkata,Sports,Dumbbells,4,11596.28,0.22,32114.67,7605.77,87.57,Cash On Delivery,1,False,Shipped,6
1399,2021-09-23,57171,Nikhil Verma,34,Other,West,Mumbai,Groceries,Flour,5,69.28,0.31,257.67,18.67,64.9,Cash On Delivery,4,False,Delivered,2
2772,2023-04-16,77009,Shreya Kapoor,25,Female,West,Surat,Beauty,Shampoo,3,188.54,0.35,430.94,225.45,38.36,Emi,1,False,Delivered,10
1016,2021-04-04,99742,Karan Pillai,29,Female,East,Kolkata,Groceries,Cooking Oil,3,458.29,0.01,1674.66,127.44,59.96,Net Banking,1,False,Delivered,2
494,2020-08-04,45768,Amit Joshi,34,Male,West,Pune,Books,Self-Help Book,3,679.81,0.14,1958.24,663.49,49.8,Net Banking,4,False,Delivered,3
3483,2024-02-23,88764,Sunita Nair,42,Other,East,Guwahati,Clothing,Dress,1,619.66,0.06,677.46,198.49,90.84,Emi,2,False,Delivered,1
3710,2024-06-05,62728,Amit Rao,39,Male,South,Hyderabad,Beauty,Perfume,1,2092.15,0.37,1997.2,949.86,60.48,Upi,2,True,Returned,8
119,2020-02-12,18259,Shreya Patel,33,Other,North,Chandigarh,Beauty,Hair Oil,4,2389.73,0.01,8141.15,3856.93,52.24,Emi,1,True,Returned,4
2329,2022-10-08,96865,Kavya Pillai,49,Female,East,Kolkata,Clothing,Kurta,9,3350.21,0.13,25300.71,10933.1,73.04,Net Banking,2,False,Delivered,5
3529,2024-03-13,50939,Sunita Kapoor,40,Male,North,Delhi,Sports,Cycle,5,11392.54,0.06,68387.61,13710.8,63.48,Net Banking,5,False,Cancelled,4
1091,2021-05-07,96344,Priya Gupta,20,Other,West,Ahmedabad,Sports,Cricket Bat,7,9096.84,0.3,70055.58,17866.41,64.48,Credit Card,3,False,Delivered,3
2938,2023-06-28,95887,Priya Sharma,33,Male,South,Bangalore,Furniture,Sofa,7,20356.98,0.35,152291.21,54665.64,53.58,Net Banking,3,True,Returned,3
3619,2024-04-23,40038,Sanjay Reddy,34,Male,North,Amritsar,Beauty,Hair Oil,3,1353.96,0.07,5710.68,3585.71,52.08,Cash On Delivery,3,False,Delivered,6
2463,2022-12-05,17205,Aditya Iyer,47,Other,North,Chandigarh,Books,Fiction Novel,5,284.92,0.29,872.63,345.16,60.96,Upi,3,False,Delivered,8
2275,2022-09-15,47583,Vikram Chatterjee,34,Other,Central,Indore,Groceries,Rice (5Kg),4,225.27,0.34,633.98,41.18,44.3,Debit Card,4,True,Returned,9
3532,2024-03-14,84608,Rahul Shah,49,Female,West,Mumbai,Groceries,Flour,10,360.93,0.14,4159.76,343.41,73.41,Credit Card,1,False,Delivered,5
771,2020-12-15,7234,Pooja Mishra,31,Female,West,Pune,Furniture,Bed Frame,8,24311.3,0.16,113486.89,33354.08,85.08,Debit Card,5,False,Delivered,6
2853,2023-05-28,40777,Deepa Bose,62,Male,East,Guwahati,Furniture,Wardrobe,5,19873.59,0.26,109991.48,39055.48,94.68,Net Banking,1,False,Delivered,5
2997,2023-07-21,61924,Amit Reddy,23,Male,Central,Raipur,Electronics,Camera,4,45542.32,0.34,140619.38,17512.78,87.15,Credit Card,4,False,Delivered,6
2918,2023-06-16,30053,Rohan Gupta,45,Female,Central,Bhopal,Clothing,Kurta,6,1810.84,0.19,14264.78,6053.77,49.04,Emi,4,False,Delivered,8
3324,2023-12-10,12209,Aditya Rao,36,Male,Central,Indore,Books,Comic Book,5,1477.84,0.14,6011.52,2592.23,63.2,Net Banking,3,False,Delivered,1
2621,2023-02-10,65834,Shreya Bose,39,Female,West,Pune,Beauty,Shampoo,5,1976.24,0.28,7356.77,2566.15,88.96,Net Banking,4,False,Shipped,9
1998,2022-06-01,69572,Nisha Mehta,37,Female,South,Chennai,Groceries,Sugar,1,118.1,0.08,173.91,11.76,102.62,Emi,3,False,Delivered,6
206,2020-04-01,71469,Aarav Sharma,48,Female,North,Amritsar,Clothing,Jeans,7,3924.19,0.02,29835.57,10552.45,38.12,Debit Card,5,False,Delivered,2
1001,2021-03-30,68864,Shreya Mehta,0,Male,North,Amritsar,Sports,Cycle,4,9021.23,0.02,34898.86,8090.36,36.19,Cash On Delivery,4,False,Delivered,1
3978,2024-09-11,67871,Meera Shah,42,Other,Central,Indore,Furniture,Wardrobe,10,28835.81,0.22,303195.22,85826.18,55.16,Upi,2,True,Returned,3
2721,2023-03-26,62341,Nisha Joshi,41,Male,East,Kolkata,Electronics,Headphones,10,66216.18,0.12,680923.78,34980.09,97.06,Cash On Delivery,4,False,Delivered,5
1807,2022-03-11,23271,Sanjay Shah,44,Other,Central,Indore,Electronics,Smartphone,7,73496.4,0.29,393016.21,42248.31,47.62,Emi,2,False,Delivered,9
400,2020-06-21,59064,Ananya Kumar,16,Female,West,Mumbai,Furniture,Sofa,2,8336.76,0.19,19728.32,5843.93,71.81,Credit Card,1,False,Delivered,2
1990,2022-05-30,72810,Rohan Singh,38,Other,South,Bangalore,Furniture,Bed Frame,5,27081.62,0.21,31673.81,7915.89,55.71,Credit Card,3,False,Delivered,6
1576,2021-12-04,61202,Nisha Pillai,26,Other,South,Bangalore,Sports,Tennis Racket,7,8356.94,0.39,24580.36,5738.36,56.15,Net Banking,5,False,Delivered,2
2600,2023-02-03,31208,Nikhil Gupta,40,Female,South,Chennai,Books,Self-Help Book,1,355.01,0.23,284.02,130.5,51.82,Emi,1,False,Delivered,7
1199,2021-06-24,74206,Nisha Joshi,39,Other,West,Surat,Beauty,Shampoo,7,1377.5,0.18,9978.14,3493.6,34.58,Emi,4,False,Delivered,6
2369,2022-10-21,82609,Pooja Iyer,6,Female,East,Bhubaneswar,Electronics,Smartphone,3,37130.62,0.18,79107.61,8678.14,66.27,Net Banking,5,False,Shipped,8
470,2020-07-26,56203,Rohan Mehta,47,Other,East,Patna,Books,Comic Book,8,744.9,0.28,6083.41,2337.37,84.44,Debit Card,2,False,Delivered,100
4008,2024-09-27,62705,Aditya Nair,30,Male,Central,Bhopal,Electronics,Camera,8,62831.2,0.12,537551.85,74470.32,76.77,Credit Card,3,False,Delivered,3
861,2021-01-27,71748,Rohan Singh,20,Female,Central,Bhopal,Electronics,Laptop,9,25178.31,0.33,123701.67,15332.75,39.55,Debit Card,4,False,Delivered,5
867,2021-01-30,45352,Rahul Das,46,Male,West,Pune,Beauty,Lipstick,5,1331.3,0.29,698.09,283.77,47.57,Cash On Delivery,2,False,Cancelled,6
2592,2023-01-31,27366,Sunita Kumar,34,Male,Central,Raipur,Beauty,Hair Oil,9,1780.34,0.22,11475.64,5187.94,61.88,Net Banking,4,True,Returned,1
80,2020-01-29,6153,Nisha Iyer,63,Female,Central,Raipur,Clothing,Kurta,8,2567.53,0.19,11109.98,3121.39,65.38,Credit Card,3,False,Delivered,2
534,2020-08-23,2585,Sunita Mishra,51,Female,North,Delhi,Electronics,Laptop,6,8931.76,0.21,55813.62,6918.36,70.53,Upi,5,False,Shipped,5
3992,2024-09-20,28805,Rohan Singh,13,Female,South,Hyderabad,Clothing,Saree,2,3743.45,0.09,9311.22,3378.19,53.74,Upi,5,False,Delivered,7
2506,2022-12-24,74062,Shreya Patel,27,Male,South,Kochi,Sports,Football,4,10900.56,0.12,31965.58,6315.42,80.65,Upi,4,False,Delivered,4
2339,2022-10-10,12046,Kavya Verma,24,Other,Central,Nagpur,Furniture,Wardrobe,3,33100.17,0.31,61633.54,15026.15,64.31,Upi,2,True,Returned,8
3898,2024-08-14,55482,Ananya Bhat,19,Male,East,Patna,Books,Fiction Novel,9,1454.46,0.33,12482.39,4160.56,105.23,Debit Card,3,False,Shipped,1
371,2020-06-08,29938,Nikhil Das,19,Male,South,Chennai,Electronics,Laptop,9,29863.15,0.39,224550.81,26498.37,80.91,Emi,2,False,Delivered,8
266,2020-04-26,87993,Karan Pillai,16,Male,South,Bangalore,Books,Comic Book,10,1159.84,0.23,10186.88,4652.66,88.51,Debit Card,5,False,Delivered,8
1613,2021-12-22,60005,Sanjay Shah,27,Female,North,Amritsar,Furniture,Wardrobe,4,17068.97,0.24,42127.94,13207.2,37.21,Debit Card,4,False,Delivered,1
1502,2021-11-05,74727,Arjun Joshi,39,Male,South,Hyderabad,Books,Textbook,5,550.43,0.3,1613.4,832.54,75.82,Upi,2,False,Delivered,9
3048,2023-08-11,48774,Karan Mehta,30,Male,Central,Raipur,Electronics,Headphones,5,26972.55,0.09,38990.55,5130.8,54.1,Debit Card,3,False,Shipped,2
165,2020-03-13,8515,Amit Mishra,25,Male,East,Bhubaneswar,Electronics,Headphones,3,21835.15,0.3,48564.04,6796.88,108.99,Net Banking,1,True,Returned,3
3718,2024-06-09,79815,Nisha Kumar,44,Female,West,Pune,Clothing,T-Shirt,6,3390.52,0.34,23183.14,7689.47,53.24,Emi,1,False,Delivered,6
3497,2024-02-29,77225,Pooja Bhat,34,Male,North,Amritsar,Clothing,Kurta,2,1408.43,0.15,2474.19,782.88,66.92,Debit Card,5,False,Delivered,2
3924,2024-08-20,8990,Karan Bhat,47,Male,North,Amritsar,Clothing,Dress,10,3414.65,0.11,46633.37,16823.06,54.44,Debit Card,1,False,Delivered,4
474,2020-07-28,88672,Deepa Verma,0,Male,South,Bangalore,Beauty,Hair Oil,8,2272.77,0.07,19727.54,5229.53,85.45,Debit Card,1,False,Shipped,6
876,2021-02-01,71642,Sunita Patel,36,Male,South,Hyderabad,Beauty,Face Cream,7,260.04,0.16,1257.6,549.29,93.31,Net Banking,2,False,Delivered,1
2246,2022-09-07,14634,Aditya Das,31,Female,South,Chennai,Beauty,Hair Oil,3,1422.97,0.38,2383.68,815.73,65.75,Upi,2,False,Delivered,2
186,2020-03-23,86352,Meera Gupta,21,Female,Central,Indore,Sports,Cricket Bat,7,7173.46,0.37,38067.28,7608.14,52.84,Cash On Delivery,1,False,Shipped,4
2166,2022-08-08,56943,Ritu Verma,42,Male,West,Mumbai,Beauty,Hair Oil,6,2467.58,0.37,12318.96,6222.84,67.89,Debit Card,2,False,Delivered,10
2470,2022-12-06,80242,Kavya Chatterjee,42,Female,South,Kochi,Beauty,Shampoo,10,412.53,0.16,2915.31,1264.21,48.52,Upi,3,False,Delivered,10
1476,2021-10-25,9863,Sunita Singh,38,Male,East,Kolkata,Beauty,Hair Oil,9,2217.37,0.4,12330.95,6416.88,96.41,Cash On Delivery,4,False,Delivered,6
2305,2022-09-27,86884,Ritu Iyer,28,Other,West,Mumbai,Electronics,Tablet,9,29921.76,0.33,187176.31,25938.95,66.52,Debit Card,5,False,Shipped,8
136,2020-02-23,28013,Sunita Joshi,43,Other,Central,Nagpur,Books,Textbook,3,1198.96,0.03,2966.96,747.26,90.86,Credit Card,3,False,Cancelled,5
3818,2024-07-19,64757,Sanjay Das,7,Female,East,Guwahati,Beauty,Lipstick,6,950.46,0.22,7248.48,2666.51,78.97,Credit Card,3,False,Delivered,4
3611,2024-04-20,86007,Amit Joshi,20,Male,South,Kochi,Furniture,Chair,4,16418.71,0.03,100198.09,29085.63,81.66,Net Banking,2,False,Delivered,5
3760,2024-06-24,8262,Sanjay Nair,33,Other,Central,Bhopal,Beauty,Face Cream,4,1104.29,0.03,7265.19,2641.46,62.74,Debit Card,5,False,Shipped,2
3124,2023-09-10,75413,Arjun Mishra,25,Male,South,Bangalore,Furniture,Chair,6,15400.65,0.09,99452.17,26834.22,79.25,Debit Card,1,False,Cancelled,7
1855,2022-03-31,85967,Karan Chatterjee,35,Other,South,Chennai,Furniture,Chair,9,10240.02,0.33,76243.39,10430.54,83.76,Net Banking,3,False,Delivered,4
327,2020-05-22,35881,Priya Gupta,21,Female,Central,Indore,Electronics,Smartphone,4,62163.22,0.02,316644.27,39457.66,74.47,Credit Card,2,True,Returned,9
2915,2023-06-14,11665,Vikram Gupta,53,Other,Central,Raipur,Beauty,Hair Oil,4,1782.42,0.24,8996.6,3871.86,64.18,Credit Card,1,True,Returned,7
319,2020-05-20,5463,Nisha Iyer,45,Male,Central,Bhopal,Clothing,Jeans,3,2323.36,0.25,7516.69,2847.01,61.23,Cash On Delivery,5,True,Returned,4
2323,2022-10-05,41015,Vikram Singh,42,Other,Central,Bhopal,Sports,Cricket Bat,5,5297.3,0.23,22206.97,5436.01,64.51,Upi,3,False,Delivered,2
3086,2023-08-26,94691,Aarav Singh,38,Other,East,Bhubaneswar,Furniture,Sofa,4,11999.53,0.22,53880.45,15284.4,99.04,Cash On Delivery,2,True,Returned,1
2892,2023-06-06,72155,Shreya Pillai,22,Male,South,Chennai,Sports,Tennis Racket,2,13875.51,0.32,30649.3,5955.69,81.72,Upi,3,False,Delivered,4
2098,2022-07-12,81045,Ananya Mishra,53,Female,East,Kolkata,Books,Comic Book,4,1230.08,0.31,4786.22,2225.06,92.84,Net Banking,1,False,Delivered,3
3998,2024-09-23,82276,Aarav Mishra,39,Male,Central,Indore,Groceries,Rice (5Kg),9,302.83,0.35,2144.87,127.02,50.82,Debit Card,3,False,Delivered,1
3647,2024-05-04,4161,Ritu Kapoor,30,Other,West,Surat,Beauty,Sunscreen,4,1294.1,0.26,5791.59,2481.74,34.77,Cash On Delivery,1,False,Delivered,6
2575,2023-01-27,52736,Deepa Nair,30,Male,East,Guwahati,Sports,Yoga Mat,3,5115.87,0.03,15447.04,2902.6,93.03,Net Banking,1,False,Delivered,6
2501,2022-12-22,59835,Aarav Kapoor,44,Other,South,Chennai,Sports,Dumbbells,6,5749.74,0.24,22681.23,4291.65,91.35,Credit Card,1,True,Returned,10
2731,2023-03-30,76690,Ananya Patel,38,Female,Central,Raipur,Clothing,Saree,2,2874.0,0.01,7504.43,2617.18,34.9,Upi,1,False,Delivered,8
463,2020-07-23,44133,Karan Reddy,44,Other,Central,Raipur,Beauty,Perfume,2,988.43,0.35,1781.6,923.82,48.48,Credit Card,1,False,Cancelled,5
1229,2021-07-07,65693,Kavya Kumar,22,Female,Central,Raipur,Clothing,Jeans,8,789.72,0.39,5442.35,1627.79,54.89,Emi,3,False,Delivered,8
2984,2023-07-15,26170,Nikhil Reddy,34,Male,North,Delhi,Sports,Football,2,13289.2,0.35,30542.1,7213.39,70.83,Emi,1,False,Shipped,5
3691,2024-05-22,80711,Sanjay Nair,26,Male,West,Surat,Beauty,Sunscreen,8,1952.58,0.21,22182.07,9202.93,51.23,Debit Card,4,False,Delivered,5
1372,2021-09-11,56280,Pooja Kapoor,37,Female,East,Patna,Books,Biography,7,1359.26,0.12,9165.32,3844.26,63.94,Cash On Delivery,4,False,Pending,6
1493,2021-11-02,68139,Arjun Chatterjee,44,Other,East,Patna,Electronics,Headphones,5,44585.93,0.02,177603.4,13351.29,59.68,Credit Card,3,False,Delivered,9
648,2020-10-15,23342,Kavya Pillai,22,Male,Central,Bhopal,Groceries,Rice (5Kg),10,420.55,0.39,2218.99,132.72,44.96,Upi,4,False,Delivered,5
3922,2024-08-20,63576,Vikram Nair,56,Male,South,Bangalore,Electronics,Smartphone,9,31920.16,0.01,440371.93,65871.22,59.99,Net Banking,3,False,Delivered,9
3106,2023-09-04,23467,Shreya Patel,31,Other,West,Surat,Beauty,Shampoo,6,1382.04,0.27,7652.12,2282.97,63.64,Cash On Delivery,3,False,Delivered,10
3489,2024-02-25,45144,Deepa Rao,4,Male,Central,Raipur,Furniture,Bed Frame,6,25605.89,0.22,136801.63,32672.46,59.3,Upi,4,True,Returned,2
1834,2022-03-24,37198,Rahul Rao,36,Female,South,Chennai,Electronics,Laptop,8,22164.74,0.1,159491.82,16671.94,82.01,Cash On Delivery,3,False,Shipped,5
860,2021-01-27,94205,Rahul Nair,42,Female,North,Ludhiana,Clothing,Saree,2,2935.36,0.33,3141.45,1157.67,60.42,Emi,1,False,Delivered,6
2296,2022-09-23,31681,Ananya Rao,20,Other,South,Kochi,Sports,Tennis Racket,3,8809.72,0.38,18286.54,4538.4,76.08,Debit Card,5,True,Returned,9
3039,2023-08-07,18530,Pooja Verma,33,Male,North,Amritsar,Sports,Yoga Mat,5,10440.97,0.03,76880.87,13536.66,49.52,Debit Card,3,False,Delivered,10
3228,2023-10-28,27405,Meera Kumar,26,Male,East,Kolkata,Clothing,Kurta,9,1877.39,0.13,17278.52,3585.58,87.95,Upi,3,False,Delivered,5
692,2020-11-09,74363,Kavya Iyer,55,Other,East,Bhubaneswar,Electronics,Camera,10,14628.81,0.21,101436.48,14366.56,79.44,Net Banking,4,False,Delivered,5
1464,2021-10-23,32032,Pooja Patel,31,Female,West,Surat,Sports,Cricket Bat,8,12621.58,0.23,64120.65,14256.86,73.6,Debit Card,4,False,Delivered,2
4183,2024-12-24,82683,Kavya Patel,60,Female,Central,Indore,Books,Biography,1,1309.19,0.23,976.81,529.27,64.44,Debit Card,2,False,Delivered,7
1582,2021-12-09,72045,Rahul Mehta,51,Other,South,Hyderabad,Books,Biography,8,1131.49,0.18,4640.1,1566.98,88.17,Debit Card,5,False,Delivered,4
2029,2022-06-13,10164,Nisha Bose,49,Other,East,Bhubaneswar,Electronics,Smartphone,2,67980.1,0.22,166434.21,17621.96,84.59,Net Banking,3,False,Delivered,9
217,2020-04-04,42012,Sanjay Joshi,34,Male,North,Chandigarh,Clothing,Jacket,4,3945.85,0.34,11190.58,5301.46,63.9,Cash On Delivery,4,False,Cancelled,7
2288,2022-09-20,89351,Rohan Kapoor,24,Male,South,Bangalore,Groceries,Tea,3,191.26,0.21,663.86,53.03,74.0,Net Banking,4,False,Delivered,6
1277,2021-07-30,53909,Nikhil Iyer,50,Other,North,Ludhiana,Books,Fiction Novel,4,307.81,0.35,1054.94,466.48,57.12,Debit Card,3,False,Delivered,6
544,2020-08-29,71958,Kavya Mehta,14,Other,North,Ludhiana,Electronics,Laptop,2,15493.36,0.01,34301.93,4274.11,76.48,Net Banking,3,False,Delivered,9
2759,2023-04-09,42106,Arjun Kumar,48,Female,East,Kolkata,Clothing,Saree,4,2774.33,0.19,11734.39,5152.2,71.4,Cash On Delivery,2,False,Shipped,6
3566,2024-03-29,8471,Sanjay Rao,41,Male,East,Patna,Beauty,Hair Oil,9,1290.81,0.38,10137.87,4065.85,94.19,Emi,2,True,Returned,8
2046,2022-06-19,75262,Ananya Mehta,22,Female,Central,Raipur,Electronics,Laptop,1,40586.06,0.03,56057.11,7068.43,52.63,Debit Card,4,False,Delivered,10
1489,2021-10-31,74341,Kavya Mehta,38,Male,West,Mumbai,Electronics,Headphones,10,42792.45,0.21,409543.23,52367.87,70.74,Emi,3,False,Delivered,6
3464,2024-02-09,68181,Shreya Singh,40,Other,West,Mumbai,Furniture,Bed Frame,7,31279.0,0.14,193192.92,59242.7,61.6,Net Banking,3,False,Delivered,9
1683,2022-01-20,56977,Nikhil Mehta,31,Female,North,Ludhiana,Sports,Football,8,4915.85,0.4,20462.27,3522.42,71.09,Debit Card,2,False,Delivered,10
2487,2022-12-15,10552,Ritu Mehta,58,Female,North,Chandigarh,Beauty,Sunscreen,2,197.14,0.08,304.99,162.97,48.37,Emi,4,True,Returned,8
3858,2024-08-03,58224,Sunita Kumar,61,Female,East,Patna,Sports,Football,6,5613.7,0.28,38639.6,7893.42,61.84,Debit Card,3,False,Delivered,6
1986,2022-05-27,51062,Vikram Kumar,22,Male,West,Ahmedabad,Groceries,Tea,2,190.58,0.32,399.58,33.13,70.16,Cash On Delivery,4,False,Delivered,8
1269,2021-07-27,63654,Rohan Das,53,Male,North,Chandigarh,Electronics,Smartwatch,10,16086.67,0.09,194593.37,28383.36,48.31,Credit Card,2,False,Delivered,3
2909,2023-06-10,79344,Rohan Bose,37,Female,South,Chennai,Clothing,T-Shirt,5,2719.24,0.37,14617.3,4858.06,78.07,Upi,5,False,Delivered,6
2999,2023-07-22,67583,Rohan Nair,47,Other,South,Chennai,Furniture,Desk,4,17215.86,0.38,69333.08,21312.1,63.55,Emi,1,False,Delivered,2
2375,2022-10-25,2280,Sunita Bhat,32,Female,North,Ludhiana,Clothing,Saree,8,1627.94,0.21,10875.63,3552.18,57.07,Net Banking,4,False,Delivered,10
227,2020-04-08,25419,Amit Mishra,22,Male,West,Ahmedabad,Sports,Dumbbells,9,3135.91,0.3,17571.72,2904.35,58.58,Upi,3,False,Delivered,2
4119,2024-11-27,78271,Rahul Reddy,14,Female,East,Guwahati,Clothing,Saree,8,612.16,0.05,4471.04,845.36,119.57,Upi,2,False,Delivered,6
3538,2024-03-17,92378,Amit Shah,43,Female,West,Pune,Electronics,Camera,10,37177.59,0.24,380113.28,54735.8,107.23,Cash On Delivery,1,False,Delivered,3
554,2020-09-03,69638,Deepa Das,25,Other,North,Amritsar,Beauty,Lipstick,9,644.98,0.25,4487.87,1995.62,37.32,Credit Card,5,False,Delivered,5
62,2020-01-23,64715,Aarav Rao,37,Female,North,Delhi,Sports,Football,1,2554.77,0.07,1705.43,376.62,65.44,Credit Card,2,False,Delivered,2
2933,2023-06-27,17587,Pooja Gupta,46,Female,Central,Bhopal,Books,Fiction Novel,10,1124.31,0.12,18133.14,7672.21,80.41,Emi,2,False,Delivered,2
1443,2021-10-14,23949,Vikram Sharma,48,Male,North,Delhi,Beauty,Perfume,5,314.26,0.28,1186.73,376.78,62.97,Debit Card,5,False,Delivered,6
3901,2024-08-14,8531,Kavya Nair,52,Female,South,Bangalore,Furniture,Sofa,10,5838.04,0.07,82953.5,23848.22,71.75,Debit Card,4,True,Returned,3
1733,2022-02-09,23490,Arjun Rao,18,Female,East,Patna,Sports,Football,10,10915.19,0.25,82310.8,19642.68,96.46,Debit Card,3,False,Delivered,10
2060,2022-06-27,37656,Karan Sharma,36,Male,Central,Nagpur,Furniture,Wardrobe,10,30431.62,0.19,346543.18,123711.59,58.75,Debit Card,4,False,Delivered,10
2021,2022-06-10,211,Arjun Nair,33,Male,East,Bhubaneswar,Books,Fiction Novel,3,1203.89,0.21,5485.01,1744.9,74.42,Net Banking,3,False,Cancelled,4
2204,2022-08-19,80382,Priya Verma,40,Other,North,Ludhiana,Books,Biography,3,692.33,0.14,2204.16,747.75,48.08,Debit Card,4,False,Delivered,4
4074,2024-10-31,6369,Arjun Reddy,31,Other,East,Guwahati,Sports,Dumbbells,9,9910.87,0.36,65829.48,17622.75,89.02,Debit Card,4,False,Delivered,9
3947,2024-08-29,85906,Deepa Shah,35,Other,Central,Raipur,Groceries,Sugar,3,109.12,0.03,524.34,36.82,55.62,Cash On Delivery,4,False,Delivered,9
1840,2022-03-26,17949,Ananya Patel,34,Female,Central,Indore,Furniture,Chair,4,31307.38,0.26,105074.92,26306.21,72.12,Cash On Delivery,4,False,Delivered,4
4071,2024-10-30,56219,Ananya Pillai,68,Female,South,Kochi,Clothing,T-Shirt,6,974.77,0.36,4398.56,1906.51,61.51,Upi,2,False,Delivered,10
4107,2024-11-18,81738,Meera Verma,57,Female,North,Ludhiana,Sports,Cycle,6,8448.34,0.29,37263.52,8591.2,72.43,Cash On Delivery,5,False,Delivered,10
3652,2024-05-06,85147,Aditya Singh,35,Female,South,Hyderabad,Clothing,Kurta,2,1717.4,0.17,4468.98,1161.98,84.39,Credit Card,5,True,Returned,5
3439,2024-01-30,18731,Rohan Kumar,23,Other,South,Hyderabad,Electronics,Laptop,2,59225.94,0.08,111005.02,9990.22,76.36,Credit Card,3,False,Delivered,10
662,2020-10-28,45940,Ritu Shah,9,Other,West,Pune,Beauty,Sunscreen,10,2019.64,0.36,11026.28,6282.66,64.79,Credit Card,5,False,Delivered,6
1636,2021-12-30,55664,Vikram Mishra,41,Female,South,Chennai,Clothing,Saree,7,691.98,0.26,2427.47,740.52,59.13,Cash On Delivery,1,False,Delivered,1
349,2020-05-30,70625,Aarav Bose,15,Other,South,Chennai,Clothing,Kurta,8,1005.57,0.3,8249.16,3467.63,54.2,Net Banking,4,False,Delivered,7
1575,2021-12-04,95435,Arjun Pillai,35,Female,West,Surat,Books,Textbook,4,505.02,0.2,1347.72,718.98,63.47,Upi,2,False,Delivered,7
298,2020-05-10,2510,Ritu Reddy,25,Male,East,Bhubaneswar,Electronics,Headphones,1,66715.81,0.34,54095.7,5606.38,96.92,Net Banking,5,False,Cancelled,10
2215,2022-08-25,27310,Amit Das,32,Male,East,Guwahati,Groceries,Rice (5Kg),5,285.26,0.18,1618.63,120.43,93.11,Upi,5,False,Delivered,5
1881,2022-04-10,82347,Priya Sharma,36,Male,West,Surat,Electronics,Laptop,5,65974.79,0.29,52941.94,7317.9,57.21,Emi,1,False,Delivered,8
3970,2024-09-08,76992,Rohan Patel,20,Male,West,Pune,Groceries,Tea,3,339.07,0.26,997.35,101.3,52.75,Net Banking,2,False,Delivered,2
2584,2023-01-28,37196,Ritu Verma,31,Female,North,Amritsar,Books,Fiction Novel,5,1098.64,0.36,770.95,261.79,27.79,Emi,4,False,Delivered,9
205,2020-03-31,44095,Aarav Nair,24,Female,Central,Bhopal,Groceries,Flour,9,122.54,0.04,928.75,82.76,60.82,Upi,3,False,Delivered,1
3618,2024-04-23,86304,Shreya Sharma,42,Male,Central,Nagpur,Clothing,Jeans,8,1645.72,0.24,16304.49,5514.74,71.7,Debit Card,2,False,Shipped,5
1734,2022-02-09,30760,Arjun Singh,39,Male,North,Delhi,Electronics,Camera,3,40157.94,0.22,102283.92,10891.28,9.92,Upi,3,False,Delivered,3
907,2021-02-10,43384,Rahul Kumar,45,Female,South,Hyderabad,Furniture,Desk,10,12241.28,0.02,97580.65,23149.32,45.07,Credit Card,5,True,Returned,8
914,2021-02-16,19648,Priya Mishra,41,Female,West,Surat,Sports,Yoga Mat,6,4631.44,0.05,23451.19,4924.69,43.93,Credit Card,3,True,Returned,4
2403,2022-11-05,8149,Aarav Pillai,58,Male,East,Kolkata,Clothing,Jacket,9,1523.81,0.17,10204.55,3848.37,99.28,Net Banking,2,False,Shipped,8
2235,2022-09-01,46304,Nisha Mehta,16,Female,South,Bangalore,Books,Biography,5,950.08,0.25,768.38,264.5,51.2,Emi,5,False,Shipped,1
2826,2023-05-14,61527,Arjun Reddy,18,Male,North,Chandigarh,Electronics,Camera,8,72567.78,0.22,695130.09,91039.07,44.56,Emi,2,False,Delivered,6
269,2020-04-28,87129,Nikhil Reddy,3,Male,Central,Raipur,Clothing,T-Shirt,1,1990.76,0.12,2195.65,834.05,42.24,Upi,1,False,Delivered,4
2648,2023-02-18,20141,Nikhil Reddy,31,Female,East,Patna,Books,Self-Help Book,10,431.41,0.34,2656.58,1442.99,89.87,Credit Card,4,False,Delivered,10
1034,2021-04-13,31839,Pooja Gupta,41,Male,West,Surat,Furniture,Bed Frame,7,9355.68,0.1,71596.04,22032.09,59.02,Debit Card,2,False,Delivered,2
2059,2022-06-27,9208,Deepa Nair,48,Male,West,Pune,Groceries,Sugar,3,357.08,0.33,1019.24,100.4,57.72,Debit Card,4,False,Delivered,8
1305,2021-08-10,5596,Rohan Kumar,47,Male,South,Hyderabad,Beauty,Sunscreen,2,1000.16,0.16,2110.52,712.46,67.43,Cash On Delivery,1,False,Delivered,5
1771,2022-02-23,86918,Nikhil Kapoor,29,Other,South,Bangalore,Books,Fiction Novel,5,911.92,0.33,503.6,215.7,83.81,Debit Card,2,False,Delivered,6
1234,2021-07-11,39513,Sunita Das,26,Male,West,Surat,Beauty,Lipstick,9,2103.23,0.21,17656.62,8778.09,74.94,Emi,1,False,Delivered,6
4077,2024-11-03,21632,Aarav Sharma,31,Other,East,Guwahati,Furniture,Desk,8,29867.23,0.2,199689.27,42863.03,81.97,Credit Card,2,True,Returned,6
2604,2023-02-05,18095,Arjun Bhat,41,Other,East,Bhubaneswar,Sports,Cycle,6,10564.85,0.34,41618.68,10694.73,90.4,Net Banking,3,True,Returned,4
2338,2022-10-10,94097,Aarav Joshi,60,Other,East,Guwahati,Electronics,Smartphone,8,29640.05,0.34,154607.71,15304.08,53.3,Emi,5,False,Shipped,9
2476,2022-12-10,15322,Rohan Mishra,42,Other,West,Mumbai,Groceries,Cooking Oil,2,228.14,0.19,317.31,21.59,38.62,Upi,5,False,Delivered,1
1586,2021-12-10,3363,Ananya Das,32,Other,North,Chandigarh,Sports,Tennis Racket,8,8526.34,0.2,43308.39,15373.18,43.24,Upi,1,False,Cancelled,4
1818,2022-03-15,25648,Rahul Rao,40,Other,West,Mumbai,Electronics,Smartphone,7,62327.01,0.11,437292.1,49721.96,38.92,Credit Card,2,False,Delivered,5
1947,2022-05-10,34455,Meera Rao,35,Male,South,Kochi,Sports,Tennis Racket,3,9576.43,0.23,35621.92,9543.5,20.04,Upi,2,False,Delivered,2
2138,2022-07-27,43306,Rohan Chatterjee,49,Other,West,Surat,Electronics,Laptop,5,69337.89,0.18,362912.13,39925.8,31.5,Debit Card,4,False,Delivered,4
3371,2023-12-30,2058,Rohan Bose,36,Other,Central,Bhopal,Groceries,Tea,8,60.17,0.13,389.42,26.13,33.6,Debit Card,2,False,Delivered,6
1592,2021-12-11,98096,Priya Mishra,25,Female,Central,Raipur,Clothing,Jeans,5,3611.23,0.37,8343.34,2810.97,31.7,Debit Card,3,True,Returned,5
122,2020-02-16,6829,Amit Bhat,37,Male,West,Ahmedabad,Books,Cook Book,7,1374.83,0.21,7510.29,3464.94,67.73,Net Banking,5,False,Delivered,7
657,2020-10-22,19779,Ananya Patel,38,Female,South,Kochi,Clothing,Saree,5,1598.2,0.1,5437.53,588.35,57.89,Net Banking,4,False,Delivered,6
3787,2024-07-04,66442,Rohan Pillai,26,Other,East,Guwahati,Electronics,Tablet,1,47324.8,0.16,68357.31,9570.12,90.13,Credit Card,5,True,Returned,9
1792,2022-03-05,77726,Meera Kapoor,57,Other,South,Chennai,Electronics,Tablet,1,19912.96,0.27,19091.83,2309.9,49.5,Cash On Delivery,3,False,Delivered,5
2200,2022-08-17,75677,Rahul Iyer,33,Other,Central,Nagpur,Clothing,Kurta,9,3159.45,0.11,29757.86,9057.31,53.6,Cash On Delivery,3,False,Delivered,3
4155,2024-12-09,98534,Rohan Bhat,49,Other,Central,Indore,Beauty,Lipstick,7,2138.83,0.26,10637.74,4567.68,39.39,Debit Card,2,False,Cancelled,7
3185,2023-10-09,29728,Shreya Das,45,Male,West,Surat,Sports,Football,2,14208.99,0.13,26208.02,7074.23,73.52,Emi,3,False,Delivered,7
2108,2022-07-17,78376,Shreya Das,44,Male,West,Ahmedabad,Furniture,Bed Frame,5,7769.34,0.25,39143.38,11912.85,60.21,Upi,2,False,Delivered,8
1897,2022-04-17,32469,Sanjay Nair,35,Other,West,Ahmedabad,Beauty,Shampoo,2,1778.44,0.11,3512.3,1648.35,93.12,Debit Card,1,True,Returned,7
1939,2022-05-05,93870,Rohan Joshi,18,Female,Central,Raipur,Books,Cook Book,3,536.6,0.21,2368.96,1137.1,73.3,Net Banking,3,False,Pending,6
3559,2024-03-27,69010,Aditya Bose,42,Female,West,Surat,Books,Self-Help Book,4,335.65,0.2,1393.82,425.54,35.66,Credit Card,3,False,Delivered,6
131,2020-02-20,95462,Pooja Iyer,24,Female,North,Delhi,Groceries,Rice (5Kg),10,378.08,0.08,2872.67,204.71,40.81,Debit Card,1,False,Cancelled,2
1486,2021-10-29,45840,Aditya Patel,25,Male,South,Bangalore,Electronics,Laptop,9,55078.73,0.36,312236.0,41096.21,50.4,Cash On Delivery,3,False,Delivered,3
1723,2022-02-05,24447,Kavya Verma,51,Other,South,Chennai,Books,Comic Book,2,429.2,0.19,650.28,159.72,70.44,Upi,1,False,Delivered,1
2899,2023-06-07,41852,Priya Rao,43,Male,Central,Indore,Groceries,Sugar,8,165.82,0.26,1805.69,135.43,36.72,Debit Card,5,False,Delivered,2
134,2020-02-22,26802,Sunita Nair,45,Female,North,Chandigarh,Clothing,Jacket,5,1949.23,0.3,6061.73,1667.61,64.71,Debit Card,5,False,Delivered,9
1,2020-01-01,20767,Amit Mishra,67,Female,Central,Indore,Sports,Cricket Bat,4,2355.25,0.33,5079.04,1080.08,44.79,Credit Card,3,False,Delivered,8
2520,2022-12-29,1597,Sanjay Patel,30,Male,East,Bhubaneswar,Sports,Cricket Bat,2,11228.63,0.34,11870.38,2694.57,54.4,Credit Card,5,False,Delivered,2
252,2020-04-21,23212,Rahul Pillai,29,Other,North,Delhi,Beauty,Shampoo,6,802.39,0.36,3040.88,993.67,47.04,Debit Card,3,False,Delivered,6
1070,2021-04-29,11655,Pooja Sharma,16,Other,North,Chandigarh,Beauty,Shampoo,1,1408.28,0.13,1449.46,752.5,53.14,Net Banking,2,True,Returned,6
1888,2022-04-14,48280,Aarav Pillai,38,Female,West,Ahmedabad,Groceries,Sugar,7,366.53,0.01,3649.29,335.94,46.6,Cash On Delivery,2,False,Delivered,2
700,2020-11-13,93667,Meera Shah,17,Male,North,Chandigarh,Groceries,Cooking Oil,10,434.1,0.35,2188.97,191.3,61.51,Upi,1,True,Returned,6
3792,2024-07-06,55522,Rohan Mehta,25,Male,South,Bangalore,Electronics,Headphones,10,63505.68,0.16,1033433.55,141319.32,64.82,Debit Card,3,False,Delivered,5
3711,2024-06-05,44263,Meera Sharma,3,Male,West,Mumbai,Books,Comic Book,7,753.13,0.03,8678.5,4965.83,51.61,Emi,1,False,Delivered,4
3144,2023-09-22,69784,Amit Bhat,23,Male,West,Pune,Clothing,Kurta,2,2227.31,0.04,5919.86,2748.0,71.3,Upi,1,False,Delivered,10
239,2020-04-14,33340,Ananya Chatterjee,18,Male,West,Ahmedabad,Furniture,Bookshelf,9,32644.01,0.28,229301.96,68294.46,41.37,Upi,4,False,Shipped,7
1436,2021-10-09,45016,Pooja Rao,47,Male,North,Chandigarh,Clothing,Dress,2,3097.01,0.13,5016.33,2443.96,50.68,Net Banking,3,False,Delivered,6
2371,2022-10-21,84615,Pooja Rao,25,Female,South,Hyderabad,Beauty,Lipstick,6,253.65,0.18,1411.81,436.8,47.29,Cash On Delivery,5,False,Delivered,3
2050,2022-06-21,2327,Sunita Mehta,23,Male,West,Mumbai,Clothing,Dress,3,1462.24,0.05,6441.47,2494.41,69.71,Credit Card,3,False,Shipped,7
3748,2024-06-21,36188,Amit Joshi,9,Other,West,Pune,Electronics,Headphones,5,21665.65,0.39,111295.68,16051.87,62.8,Net Banking,2,False,Pending,9
3508,2024-03-04,35702,Shreya Mehta,31,Female,West,Surat,Clothing,Dress,4,1975.33,0.05,9791.75,3033.4,27.67,Net Banking,1,False,Delivered,6
957,2021-03-10,38291,Priya Sharma,45,Male,West,Ahmedabad,Electronics,Headphones,8,35444.35,0.36,184024.19,25280.12,40.75,Cash On Delivery,4,False,Delivered,8
1477,2021-10-25,96715,Meera Kapoor,47,Other,West,Pune,Beauty,Shampoo,4,2037.17,0.05,6659.78,3811.89,53.93,Upi,3,False,Shipped,4
1063,2021-04-26,94026,Shreya Mehta,45,Other,East,Bhubaneswar,Electronics,Smartphone,4,9948.67,0.03,50592.2,5774.74,85.65,Upi,1,True,Returned,10
2232,2022-08-30,33157,Shreya Rao,49,Female,South,Bangalore,Clothing,T-Shirt,10,3789.09,0.2,42644.14,11567.08,53.05,Upi,5,False,Pending,1
1954,2022-05-14,34853,Sanjay Das,29,Other,West,Surat,Groceries,Tea,5,218.21,0.33,1300.18,113.46,55.11,Credit Card,5,False,Shipped,9
1904,2022-04-21,84621,Pooja Kumar,31,Other,East,Guwahati,Electronics,Tablet,5,7801.31,0.4,32476.66,4169.84,72.94,Credit Card,5,False,Delivered,7
3290,2023-11-23,79601,Aarav Mishra,47,Other,West,Mumbai,Groceries,Tea,6,481.93,0.39,1558.52,135.01,54.04,Emi,2,False,Delivered,2
3722,2024-06-12,72927,Amit Bhat,48,Female,West,Ahmedabad,Sports,Tennis Racket,6,701.76,0.12,6443.54,1409.13,70.25,Net Banking,4,False,Delivered,7
3949,2024-08-31,95140,Pooja Verma,49,Female,West,Mumbai,Beauty,Face Cream,7,981.95,0.06,9774.56,4480.42,63.36,Upi,5,False,Delivered,9
1879,2022-04-08,41248,Shreya Bose,18,Female,North,Amritsar,Groceries,Rice (5Kg),6,160.93,0.38,746.0,49.52,43.23,Upi,4,False,Delivered,5
2355,2022-10-16,25582,Rahul Rao,31,Other,Central,Indore,Sports,Yoga Mat,2,963.86,0.4,1234.93,250.23,44.87,Credit Card,4,False,Shipped,7
730,2020-11-30,84330,Meera Iyer,37,Female,West,Mumbai,Furniture,Chair,8,18836.47,0.39,61854.03,18480.41,25.75,Net Banking,4,False,Delivered,7
1465,2021-10-23,31162,Vikram Reddy,42,Other,North,Chandigarh,Furniture,Chair,2,31609.28,0.3,37776.02,8697.26,37.83,Cash On Delivery,3,False,Delivered,5
1010,2021-04-01,49434,Deepa Mishra,39,Other,Central,Bhopal,Books,Cook Book,3,748.48,0.39,1567.84,545.32,53.58,Cash On Delivery,4,False,Delivered,4
550,2020-08-31,21538,Rahul Rao,55,Male,South,Hyderabad,Sports,Dumbbells,4,9806.37,0.07,42952.69,11804.27,84.11,Credit Card,2,False,Delivered,3
1338,2021-08-24,96831,Priya Das,43,Male,South,Kochi,Furniture,Sofa,10,19934.48,0.04,222948.05,85875.92,55.37,Debit Card,2,False,Delivered,3
970,2021-03-18,4940,Aditya Bhat,44,Other,East,Kolkata,Electronics,Laptop,6,40340.61,0.36,166691.58,15451.73,92.09,Debit Card,2,False,Delivered,10
1360,2021-09-04,90904,Ananya Gupta,46,Male,North,Amritsar,Groceries,Tea,9,259.9,0.13,2235.73,151.85,60.98,Cash On Delivery,1,False,Delivered,7
1725,2022-02-07,13925,Sanjay Nair,3,Female,Central,Raipur,Furniture,Sofa,5,26645.28,0.03,122381.62,47367.72,56.14,Debit Card,4,False,Delivered,2
3404,2024-01-13,89207,Pooja Nair,30,Other,North,Chandigarh,Groceries,Cooking Oil,4,252.07,0.15,798.95,72.2,40.96,Debit Card,2,False,Delivered,1
3109,2023-09-05,93512,Priya Sharma,35,Other,West,Mumbai,Books,Textbook,3,482.83,0.14,1565.69,752.92,50.18,Cash On Delivery,4,False,Pending,4
111,2020-02-10,10397,Pooja Chatterjee,67,Female,East,Guwahati,Furniture,Chair,7,2426.56,0.27,10073.57,2367.69,93.56,Credit Card,3,False,Delivered,8
160,2020-03-08,53976,Sanjay Kapoor,35,Female,South,Kochi,Groceries,Rice (5Kg),1,430.25,0.17,361.14,25.31,56.91,Credit Card,2,True,Returned,5
2937,2023-06-28,46894,Nisha Iyer,49,Female,East,Guwahati,Electronics,Smartwatch,10,13230.15,0.38,122855.89,16653.59,74.38,Emi,5,False,Delivered,10
610,2020-09-29,16419,Nisha Mehta,31,Male,South,Chennai,Beauty,Sunscreen,6,1767.5,0.05,10129.66,6354.06,91.71,Cash On Delivery,3,False,Delivered,10
916,2021-02-17,66419,Sanjay Singh,44,Male,South,Chennai,Groceries,Sugar,7,245.03,0.09,1547.66,97.99,69.71,Upi,3,False,Delivered,7
292,2020-05-08,37047,Nikhil Mishra,43,Male,North,Chandigarh,Beauty,Perfume,1,258.67,0.13,241.29,82.38,62.33,Net Banking,5,False,Delivered,5
2975,2023-07-11,47576,Sunita Rao,27,Male,West,Pune,Sports,Football,1,8472.58,0.37,7626.2,1056.58,42.85,Upi,5,False,Delivered,10
746,2020-12-05,77230,Aarav Sharma,52,Other,West,Pune,Electronics,Smartphone,1,55374.2,0.03,37343.19,4332.69,42.92,Net Banking,4,True,Returned,9
3832,2024-07-24,67339,Vikram Bhat,31,Other,North,Delhi,Books,Fiction Novel,9,592.57,0.31,5565.17,2593.15,60.15,Net Banking,4,True,Returned,10
776,2020-12-18,87733,Rahul Chatterjee,60,Other,East,Bhubaneswar,Books,Textbook,4,1126.12,0.11,2407.39,1167.52,87.28,Cash On Delivery,3,False,Shipped,5
3789,2024-07-04,30468,Shreya Patel,42,Other,Central,Bhopal,Clothing,T-Shirt,4,766.4,0.12,4071.69,1156.28,41.96,Net Banking,3,False,Delivered,10
3071,2023-08-19,66429,Arjun Bose,52,Other,West,Mumbai,Books,Textbook,8,1135.99,0.33,8820.52,3707.82,66.97,Cash On Delivery,4,True,Returned,6
578,2020-09-15,42662,Kavya Bhat,43,Female,East,Guwahati,Beauty,Perfume,8,590.22,0.03,4644.44,1500.51,63.44,Emi,3,False,Delivered,9
1458,2021-10-22,39952,Sanjay Iyer,27,Other,Central,Bhopal,Electronics,Camera,7,38149.2,0.2,183278.19,21290.22,53.93,Cash On Delivery,4,True,Returned,8
3236,2023-10-31,98300,Arjun Das,28,Male,Central,Bhopal,Sports,Dumbbells,3,3481.8,0.38,7463.99,1681.91,55.2,Upi,5,False,Delivered,8
264,2020-04-26,64327,Nikhil Joshi,14,Other,South,Kochi,Groceries,Dal (1Kg),2,208.29,0.04,498.65,50.37,77.65,Cash On Delivery,3,True,Returned,6
1256,2021-07-20,36428,Ritu Singh,50,Female,North,Ludhiana,Sports,Cricket Bat,10,8620.94,0.04,126401.53,29243.76,63.69,Emi,1,False,Cancelled,3
303,2020-05-11,62197,Amit Mehta,34,Male,North,Ludhiana,Groceries,Dal (1Kg),4,87.62,0.26,338.94,30.3,56.98,Net Banking,3,True,Returned,4
1772,2022-02-23,66243,Sanjay Mehta,36,Other,South,Chennai,Clothing,T-Shirt,4,3567.47,0.14,11439.79,2952.33,90.15,Cash On Delivery,4,False,Cancelled,4
2976,2023-07-11,38282,Arjun Reddy,34,Male,East,Kolkata,Electronics,Tablet,10,46486.3,0.35,435101.24,46106.98,68.33,Emi,2,False,Delivered,10
1200,2021-06-25,4926,Meera Mishra,32,Female,East,Kolkata,Groceries,Dal (1Kg),8,243.87,0.24,2091.15,159.38,107.16,Emi,4,False,Delivered,8
3952,2024-09-01,83301,Ananya Gupta,34,Female,West,Mumbai,Sports,Cricket Bat,1,14106.55,0.03,17029.82,4828.67,41.95,Debit Card,2,False,Delivered,10
150,2020-03-02,65041,Sunita Shah,28,Other,North,Delhi,Beauty,Shampoo,8,2402.3,0.14,17325.76,7864.22,28.34,Credit Card,2,False,Delivered,5
3495,2024-02-28,83702,Meera Chatterjee,57,Other,North,Chandigarh,Furniture,Wardrobe,10,7864.24,0.07,79635.39,26334.69,41.39,Upi,3,False,Delivered,8
815,2021-01-08,16348,Priya Singh,29,Female,West,Ahmedabad,Groceries,Tea,3,124.54,0.06,312.48,27.23,67.18,Credit Card,1,False,Shipped,10
72,2020-01-28,86139,Nisha Mishra,35,Male,South,Bangalore,Beauty,Hair Oil,3,464.07,0.37,595.39,342.46,60.75,Upi,5,False,Delivered,5
2504,2022-12-22,98767,Aarav Sharma,53,Other,East,Kolkata,Electronics,Headphones,8,77398.42,0.26,353697.54,33920.05,94.39,Net Banking,3,False,Cancelled,10
90,2020-02-05,87850,Ananya Joshi,34,Female,East,Patna,Clothing,Kurta,7,1318.24,0.06,6767.09,2866.08,77.9,Net Banking,5,False,Delivered,6
118,2020-02-12,27542,Rahul Shah,32,Female,North,Chandigarh,Sports,Cricket Bat,2,9059.97,0.28,10634.92,2775.6,59.56,Emi,3,False,Delivered,7
1512,2021-11-12,69324,Kavya Kapoor,19,Female,Central,Nagpur,Clothing,Saree,7,2886.34,0.25,9941.05,3851.17,58.88,Debit Card,4,False,Delivered,3
2370,2022-10-21,9289,Nisha Bose,28,Other,North,Ludhiana,Sports,Tennis Racket,3,10631.58,0.1,23303.04,4472.16,31.86,Debit Card,4,False,Delivered,5
4173,2024-12-17,95025,Aditya Kapoor,18,Female,North,Ludhiana,Furniture,Sofa,6,29938.75,0.17,139138.9,44922.96,34.46,Cash On Delivery,1,False,Delivered,9
4038,2024-10-17,48507,Deepa Mehta,7,Other,South,Chennai,Sports,Cycle,5,8321.61,0.29,32551.28,7415.49,82.48,Emi,2,False,Delivered,2
460,2020-07-21,75610,Amit Shah,41,Female,North,Delhi,Sports,Cycle,5,14409.79,0.06,88266.0,14684.99,44.5,Emi,5,False,Delivered,8
2218,2022-08-26,37517,Ritu Bhat,33,Other,South,Chennai,Sports,Football,3,4765.92,0.05,17857.42,4889.44,59.58,Net Banking,2,False,Delivered,9
3885,2024-08-09,10547,Vikram Shah,36,Other,Central,Raipur,Groceries,Cooking Oil,5,230.1,0.23,1261.38,74.15,44.66,Debit Card,5,False,Delivered,1
3646,2024-05-04,63505,Karan Bose,52,Female,South,Kochi,Clothing,Jeans,3,2490.42,0.12,9565.0,4135.15,56.66,Debit Card,5,False,Cancelled,8
242,2020-04-15,17001,Ananya Kumar,31,Male,Central,Nagpur,Furniture,Desk,3,14067.89,0.13,40312.78,8649.34,64.02,Emi,1,False,Delivered,10
2747,2023-04-04,34843,Sanjay Verma,21,Male,South,Hyderabad,Beauty,Lipstick,9,1568.38,0.02,21256.5,9913.18,96.17,Debit Card,5,False,Delivered,7
842,2021-01-20,65032,Rahul Patel,35,Female,North,Ludhiana,Furniture,Desk,6,10881.01,0.28,36305.93,13223.63,78.19,Debit Card,3,False,Cancelled,5
1938,2022-05-05,9891,Ananya Rao,42,Female,Central,Indore,Books,Fiction Novel,7,1019.7,0.33,6327.55,3242.6,49.01,Credit Card,5,False,Delivered,6
745,2020-12-04,39674,Meera Rao,32,Male,West,Mumbai,Electronics,Tablet,7,63547.4,0.18,260057.28,44746.11,73.72,Debit Card,1,False,Shipped,7
2751,2023-04-06,41956,Ritu Gupta,58,Male,Central,Raipur,Furniture,Sofa,7,21084.54,0.39,140156.32,29805.11,42.37,Emi,5,True,Returned,8
3004,2023-07-24,37873,Karan Shah,24,Female,Central,Bhopal,Groceries,Sugar,7,223.54,0.05,2428.43,183.01,54.19,Debit Card,1,False,Delivered,10
2633,2023-02-15,27793,Nikhil Kumar,34,Male,Central,Indore,Sports,Cycle,7,8623.2,0.21,64006.89,15740.76,32.22,Cash On Delivery,1,True,Returned,1
3028,2023-08-04,60297,Arjun Gupta,31,Female,West,Mumbai,Books,Cook Book,6,210.75,0.19,1487.4,408.37,45.71,Cash On Delivery,4,False,Delivered,2
2319,2022-10-05,10347,Aditya Nair,24,Other,Central,Raipur,Sports,Yoga Mat,2,14531.26,0.22,19868.59,2388.6,58.71,Upi,5,False,Delivered,1
3184,2023-10-08,43954,Nikhil Joshi,60,Other,North,Chandigarh,Books,Biography,5,652.44,0.01,2663.55,1220.85,35.83,Debit Card,1,False,Delivered,9
2644,2023-02-17,2050,Deepa Pillai,23,Male,North,Amritsar,Beauty,Sunscreen,4,800.18,0.19,2969.81,1136.84,57.24,Net Banking,5,False,Pending,10
786,2020-12-25,94074,Nikhil Singh,47,Female,Central,Raipur,Furniture,Bed Frame,5,4377.66,0.24,12728.48,2557.64,49.31,Debit Card,5,False,Delivered,7
3589,2024-04-10,32659,Meera Pillai,23,Female,South,Bangalore,Clothing,Kurta,10,2503.17,0.04,37794.25,12461.38,67.3,Upi,4,False,Delivered,3
3299,2023-11-27,51100,Ananya Bose,45,Other,West,Mumbai,Clothing,Dress,10,1349.67,0.11,12320.37,4637.25,55.35,Debit Card,3,False,Delivered,10
497,2020-08-05,61540,Deepa Gupta,22,Male,Central,Indore,Furniture,Wardrobe,9,9703.47,0.12,91868.53,20614.96,74.73,Credit Card,1,False,Delivered,7
1866,2022-04-03,49530,Rohan Nair,29,Female,West,Pune,Electronics,Laptop,7,64794.43,0.05,532883.15,75066.29,73.84,Debit Card,2,True,Returned,5
1523,2021-11-16,70600,Sanjay Patel,51,Male,Central,Bhopal,Electronics,Smartwatch,6,17253.71,0.18,63164.34,9312.1,57.28,Cash On Delivery,3,False,Delivered,1
221,2020-04-05,73936,Kavya Singh,19,Male,East,Patna,Sports,Cricket Bat,3,10399.3,0.02,32336.4,7236.11,59.2,Debit Card,5,False,Delivered,2
405,2020-06-25,7439,Vikram Pillai,58,Female,North,Ludhiana,Groceries,Cooking Oil,2,68.21,0.21,144.62,7.79,51.11,Cash On Delivery,2,False,Delivered,6
3268,2023-11-11,8884,Meera Chatterjee,34,Other,East,Patna,Sports,Tennis Racket,8,517.73,0.16,3181.45,738.99,109.47,Net Banking,3,False,Delivered,7
1361,2021-09-04,40439,Ananya Patel,30,Female,North,Ludhiana,Beauty,Face Cream,0,1406.05,0.34,1053.0,521.93,51.51,Emi,2,True,Returned,7
2926,2023-06-20,7282,Nisha Nair,31,Female,East,Patna,Beauty,Face Cream,8,203.71,0.16,2533.79,1078.45,40.28,Debit Card,3,False,Delivered,9
921,2021-02-21,77784,Aditya Reddy,46,Other,Central,Raipur,Books,Comic Book,5,1150.62,0.16,1012.64,376.47,51.2,Cash On Delivery,5,False,Delivered,6
4146,2024-12-06,52053,Nikhil Joshi,18,Male,South,Hyderabad,Beauty,Face Cream,2,1657.33,0.02,3020.21,1521.99,48.9,Upi,5,False,Shipped,4
985,2021-03-24,89273,Sunita Sharma,34,Other,West,Pune,Groceries,Tea,7,150.71,0.21,896.68,76.54,48.0,Upi,4,False,Delivered,4
3965,2024-09-06,16673,Ritu Kapoor,18,Other,North,Chandigarh,Groceries,Flour,8,144.95,0.02,1586.94,135.23,33.74,Net Banking,5,False,Delivered,2
1334,2021-08-23,72253,Ananya Verma,6,Other,Central,Indore,Furniture,Wardrobe,6,14866.07,0.15,93295.26,34155.92,69.82,Upi,2,False,Delivered,9
1916,2022-04-27,40084,Aarav Rao,47,Male,South,Chennai,Groceries,Tea,4,288.13,0.01,1536.04,122.61,62.28,Net Banking,2,False,Shipped,7
3210,2023-10-20,36370,Deepa Chatterjee,43,Female,East,Bhubaneswar,Beauty,Hair Oil,3,1474.43,0.4,2579.45,1120.36,85.55,Upi,1,False,Delivered,3
313,2020-05-17,46769,Meera Reddy,51,Female,West,Pune,Groceries,Dal (1Kg),6,476.07,0.37,2456.4,258.13,45.0,Debit Card,3,False,Delivered,1
3601,2024-04-16,84390,Ritu Verma,31,Female,South,Hyderabad,Books,Textbook,8,1069.54,0.23,10281.57,3761.19,77.99,Credit Card,3,False,Delivered,1
3038,2023-08-07,42431,Vikram Iyer,10,Female,East,Guwahati,Books,Cook Book,4,846.94,0.1,4126.13,1830.29,103.8,Credit Card,3,False,Delivered,10
2556,2023-01-13,44541,Priya Iyer,45,Other,South,Chennai,Clothing,T-Shirt,7,3456.76,0.34,15504.08,3634.35,86.38,Credit Card,1,False,Delivered,3
3214,2023-10-21,26653,Priya Verma,34,Female,South,Hyderabad,Beauty,Perfume,2,2318.99,0.34,3235.02,1825.36,54.61,Upi,1,False,Pending,6
2442,2022-11-26,44235,Rahul Iyer,58,Other,East,Patna,Groceries,Flour,6,487.77,0.31,1675.82,120.68,82.58,Credit Card,5,False,Delivered,6
3455,2024-02-07,85337,Nisha Patel,37,Male,North,Chandigarh,Clothing,Kurta,3,497.57,0.15,1277.03,481.63,64.84,Cash On Delivery,5,False,Delivered,8
3294,2023-11-25,10406,Shreya Sharma,46,Female,East,Kolkata,Clothing,Saree,8,2163.34,0.09,14389.27,6967.35,86.07,Debit Card,4,True,Returned,2
2458,2022-12-01,84016,Meera Verma,12,Male,East,Patna,Books,Self-Help Book,5,374.99,0.2,1324.11,579.51,83.9,Cash On Delivery,3,False,Delivered,8
678,2020-11-02,41806,Kavya Pillai,45,Male,West,Ahmedabad,Electronics,Tablet,10,57547.36,0.0,412747.46,38336.33,95.34,Emi,1,False,Shipped,1
3001,2023-07-23,72975,Deepa Singh,22,Female,North,Delhi,Sports,Dumbbells,7,5217.82,0.38,29460.53,4891.91,48.5,Cash On Delivery,2,False,Delivered,4
166,2020-03-13,75367,Nisha Patel,45,Female,East,Kolkata,Books,Self-Help Book,8,518.2,0.01,4524.52,1853.7,90.45,Debit Card,3,False,Delivered,6
329,2020-05-23,33284,Vikram Mishra,35,Male,West,Mumbai,Electronics,Camera,8,66799.88,0.0,700450.24,86189.72,63.99,Debit Card,1,False,Delivered,2
1037,2021-04-15,43607,Nikhil Kapoor,51,Other,West,Ahmedabad,Books,Biography,7,529.64,0.15,4411.53,1663.96,71.05,Emi,3,False,Delivered,10
2134,2022-07-25,70079,Aditya Shah,33,Male,West,Mumbai,Beauty,Shampoo,2,879.32,0.11,2351.24,1051.59,52.42,Cash On Delivery,5,False,Delivered,5
2132,2022-07-24,62399,Rohan Bose,45,Other,South,Chennai,Furniture,Sofa,4,25587.02,0.31,106262.43,24161.7,68.96,Debit Card,2,False,Delivered,2
2255,2022-09-09,86286,Amit Verma,23,Female,North,Delhi,Sports,Yoga Mat,1,10374.72,0.04,10806.31,2109.69,63.95,Cash On Delivery,3,False,Cancelled,3
104,2020-02-09,30691,Ritu Mishra,47,Other,Central,Indore,Sports,Tennis Racket,9,13043.73,0.25,74033.85,18187.78,74.92,Debit Card,3,False,Delivered,3
3382,2024-01-03,8459,Nikhil Mishra,35,Male,West,Ahmedabad,Sports,Tennis Racket,8,13871.72,0.03,104587.68,20681.46,87.71,Upi,5,False,Shipped,8
3267,2023-11-11,39102,Meera Kapoor,31,Other,East,Kolkata,Electronics,Laptop,10,19168.2,0.09,157139.2,15931.28,92.38,Upi,1,True,Returned,10
735,2020-12-01,45620,Aditya Patel,59,Female,East,Patna,Clothing,Kurta,6,2055.61,0.19,7361.83,2436.42,87.2,Debit Card,3,False,Pending,7
3738,2024-06-18,81515,Shreya Reddy,44,Female,West,Ahmedabad,Clothing,Saree,8,318.72,0.2,3315.64,1361.66,66.35,Cash On Delivery,3,False,Delivered,6
1205,2021-06-29,52200,Nisha Bhat,28,Male,West,Pune,Books,Fiction Novel,3,332.5,0.1,1131.28,733.38,62.24,Debit Card,5,False,Delivered,2
695,2020-11-11,9687,Karan Bose,25,Male,North,Chandigarh,Clothing,Dress,4,1315.54,0.06,3873.18,1168.41,30.16,Net Banking,4,False,Cancelled,6
3238,2023-11-01,14045,Sunita Kumar,59,Other,West,Mumbai,Groceries,Rice (5Kg),8,147.66,0.12,936.68,78.45,58.97,Debit Card,1,True,Returned,10
498,2020-08-06,22854,Arjun Patel,37,Female,South,Chennai,Beauty,Lipstick,4,1620.93,0.0,7373.98,3625.25,54.81,Upi,4,False,Cancelled,6
1341,2021-08-26,78913,Meera Sharma,25,Female,South,Bangalore,Electronics,Headphones,6,33295.33,0.22,190618.8,28846.6,81.68,Emi,3,False,Delivered,4
1166,2021-06-07,18237,Nikhil Reddy,59,Male,East,Kolkata,Electronics,Tablet,7,15552.34,0.22,129304.85,22699.93,46.69,Credit Card,5,True,Returned,6
1349,2021-08-30,6490,Shreya Shah,21,Female,North,Chandigarh,Clothing,Dress,4,2556.35,0.19,9517.59,1946.08,45.36,Upi,5,False,Delivered,2
2376,2022-10-25,2576,Pooja Verma,38,Other,East,Patna,Beauty,Shampoo,9,2282.24,0.27,15517.58,5898.92,86.96,Upi,3,False,Cancelled,7
2709,2023-03-21,89135,Vikram Gupta,45,Other,South,Chennai,Electronics,Smartphone,5,8426.05,0.4,28260.49,5271.23,43.17,Net Banking,3,True,Returned,6
347,2020-05-29,36973,Nikhil Das,38,Male,Central,Bhopal,Furniture,Wardrobe,9,15163.14,0.05,165300.99,45730.93,52.98,Credit Card,3,False,Delivered,4
1853,2022-03-30,27427,Ritu Reddy,49,Female,East,Patna,Books,Cook Book,7,1034.3,0.21,7324.98,2536.09,60.36,Credit Card,5,False,Delivered,4
2259,2022-09-10,42519,Meera Reddy,46,Male,Central,Nagpur,Sports,Football,2,2331.76,0.0,5912.22,1433.92,38.85,Debit Card,5,False,Delivered,1
2616,2023-02-10,89095,Karan Kumar,33,Male,East,Bhubaneswar,Books,Cook Book,2,1201.89,0.21,2704.17,1451.59,59.47,Net Banking,4,False,Delivered,5
2191,2022-08-15,30252,Amit Rao,53,Female,South,Bangalore,Books,Self-Help Book,5,1366.96,0.33,5049.74,2062.06,90.56,Cash On Delivery,1,False,Delivered,8
515,2020-08-15,29764,Ritu Patel,58,Female,North,Amritsar,Clothing,Jacket,9,3838.67,0.38,25652.22,9320.76,35.65,Credit Card,2,True,Returned,8
3435,2024-01-29,98330,Ananya Nair,65,Female,East,Bhubaneswar,Furniture,Bookshelf,5,10083.15,0.15,7994.96,1999.65,46.72,Net Banking,4,False,Delivered,1
1029,2021-04-11,37505,Nikhil Patel,41,Female,West,Ahmedabad,Sports,Dumbbells,5,1145.45,0.11,1338.53,222.57,56.78,Debit Card,1,False,Delivered,8
3117,2023-09-08,41510,Arjun Rao,31,Female,North,Delhi,Beauty,Lipstick,8,1386.11,0.36,8949.36,3833.84,80.48,Upi,3,False,Delivered,7
865,2021-01-30,81979,Kavya Nair,47,Other,South,Chennai,Sports,Football,4,4061.87,0.15,11296.47,2369.95,68.59,Emi,2,False,Shipped,1
3354,2023-12-21,67353,Sunita Nair,40,Other,West,Mumbai,Groceries,Dal (1Kg),8,133.54,0.25,700.62,48.03,54.62,Cash On Delivery,2,False,Delivered,7
2940,2023-06-29,98397,Priya Patel,33,Male,East,Kolkata,Furniture,Desk,7,29626.67,0.25,260198.32,54990.37,89.07,Credit Card,3,False,Delivered,2
1227,2021-07-07,51884,Kavya Iyer,29,Female,South,Chennai,Clothing,Jeans,8,3027.66,0.22,24537.25,8111.2,67.06,Cash On Delivery,3,True,Returned,9
2863,2023-05-30,63160,Meera Mehta,39,Other,South,Bangalore,Books,Self-Help Book,8,786.23,0.23,7962.8,2889.1,89.79,Cash On Delivery,4,True,Returned,3
3937,2024-08-26,26174,Sunita Mishra,26,Female,North,Ludhiana,Clothing,Dress,2,2273.43,0.19,6399.63,2166.56,65.89,Credit Card,1,False,Delivered,5
3431,2024-01-26,60027,Sunita Kapoor,20,Female,North,Chandigarh,Groceries,Rice (5Kg),5,293.8,0.38,1025.8,60.61,39.26,Net Banking,2,False,Delivered,1
564,2020-09-07,18845,Sunita Reddy,37,Male,Central,Nagpur,Sports,Cricket Bat,8,1081.89,0.17,7052.66,1691.65,68.34,Net Banking,3,False,Delivered,7
3849,2024-07-29,29433,Priya Chatterjee,25,Male,West,Surat,Beauty,Shampoo,8,142.19,0.04,1840.58,820.61,75.73,Emi,3,False,Delivered,5
2420,2022-11-11,51531,Vikram Verma,15,Female,Central,Nagpur,Groceries,Cooking Oil,8,125.37,0.31,588.74,40.34,44.85,Emi,1,True,Returned,5
3230,2023-10-29,12331,Nikhil Singh,28,Other,West,Ahmedabad,Furniture,Bed Frame,2,28320.84,0.09,52512.57,12726.17,51.84,Emi,2,False,Delivered,4
1012,2021-04-03,71352,Priya Pillai,38,Other,West,Pune,Clothing,T-Shirt,7,3514.94,0.24,21904.97,8841.56,59.33,Net Banking,4,False,Delivered,10
1304,2021-08-10,66175,Aarav Das,26,Male,Central,Raipur,Furniture,Sofa,8,29112.08,0.18,251589.73,75733.79,27.35,Emi,1,False,Delivered,3
891,2021-02-04,89847,Pooja Sharma,35,Other,South,Chennai,Beauty,Face Cream,9,616.58,0.36,3400.49,1300.95,91.17,Cash On Delivery,4,False,Delivered,10
2792,2023-04-23,84330,Kavya Verma,32,Female,South,Bangalore,Clothing,Jacket,6,3592.92,0.21,32152.59,12889.05,58.05,Cash On Delivery,4,True,Returned,3
1262,2021-07-23,53403,Karan Shah,29,Female,Central,Indore,Sports,Cricket Bat,6,4001.67,0.03,34048.21,7434.44,68.1,Upi,5,False,Delivered,7
4030,2024-10-15,64389,Shreya Joshi,38,Other,South,Bangalore,Books,Textbook,5,1347.11,0.05,1522.28,738.02,52.55,Net Banking,5,False,Delivered,4
2732,2023-03-30,23366,Priya Kumar,32,Male,North,Amritsar,Clothing,Jacket,8,1060.79,0.16,8629.82,2159.2,51.46,Upi,4,False,Pending,7
3346,2023-12-18,20166,Sunita Das,34,Other,East,Kolkata,Furniture,Bed Frame,9,33868.0,0.31,167839.68,31658.39,110.02,Emi,2,False,Delivered,7
3461,2024-02-09,10511,Priya Das,52,Other,East,Guwahati,Groceries,Tea,8,465.1,0.31,2873.98,258.85,68.06,Debit Card,4,False,Delivered,6
633,2020-10-11,53440,Nisha Sharma,44,Male,East,Kolkata,Groceries,Dal (1Kg),4,311.1,0.01,1035.45,92.22,75.24,Upi,2,False,Delivered,1
195,2020-03-27,10870,Deepa Bhat,26,Female,Central,Raipur,Beauty,Shampoo,10,2466.88,0.25,17991.29,5973.34,34.92,Net Banking,4,False,Delivered,9
514,2020-08-15,86166,Shreya Rao,48,Other,Central,Indore,Furniture,Bed Frame,2,17924.25,0.15,40170.17,13769.68,75.45,Cash On Delivery,5,False,Delivered,10
1639,2021-12-31,37611,Aditya Sharma,48,Female,North,Amritsar,Furniture,Bookshelf,10,33336.04,0.22,196057.15,62738.27,43.07,Emi,2,False,Delivered,10
1456,2021-10-21,75629,Vikram Kapoor,38,Male,Central,Raipur,Groceries,Dal (1Kg),1,229.1,0.04,210.21,15.48,70.47,Net Banking,5,False,Delivered,6
3747,2024-06-21,30878,Karan Kumar,42,Male,East,Bhubaneswar,Electronics,Smartphone,6,72110.58,0.37,450289.54,65004.31,70.74,Cash On Delivery,3,False,Pending,9
3842,2024-07-27,75870,Meera Mishra,20,Other,East,Patna,Groceries,Cooking Oil,7,75.8,0.05,782.05,70.98,62.63,Net Banking,4,False,Delivered,8
210,2020-04-01,41794,Arjun Kapoor,29,Female,Central,Raipur,Electronics,Headphones,7,48050.22,0.32,237090.85,29156.24,35.88,Debit Card,4,False,Cancelled,3
3049,2023-08-12,94965,Amit Joshi,26,Other,East,Bhubaneswar,Sports,Tennis Racket,9,905.34,0.05,10046.96,2301.49,59.24,Net Banking,1,False,Delivered,6
1187,2021-06-17,93071,Vikram Joshi,22,Female,West,Ahmedabad,Electronics,Smartphone,3,76896.61,0.07,332318.85,37948.79,73.13,Cash On Delivery,3,False,Shipped,5
636,2020-10-11,37768,Vikram Iyer,10,Female,Central,Indore,Books,Comic Book,1,1078.1,0.04,862.77,356.63,30.25,Upi,4,False,Delivered,6
3962,2024-09-05,29392,Aditya Das,26,Female,East,Guwahati,Groceries,Cooking Oil,7,461.68,0.21,3878.43,381.32,109.75,Debit Card,1,False,Pending,7
4094,2024-11-11,70447,Rohan Kumar,38,Other,Central,Nagpur,Electronics,Smartphone,5,32962.49,0.19,24684.25,2696.36,60.59,Emi,2,False,Cancelled,2
3583,2024-04-08,63387,Priya Bose,23,Female,East,Guwahati,Groceries,Tea,6,392.2,0.26,2621.04,207.12,70.3,Upi,3,False,Delivered,9
88,2020-02-04,25625,Meera Kapoor,34,Other,North,Delhi,Electronics,Camera,7,60474.12,0.04,377022.96,37668.94,62.96,Net Banking,4,False,Shipped,7
1370,2021-09-09,44583,Aarav Rao,48,Male,East,Bhubaneswar,Electronics,Headphones,5,77055.5,0.09,398426.64,51765.01,68.43,Emi,5,False,Delivered,6
4005,2024-09-26,65030,Nisha Rao,35,Male,South,Hyderabad,Clothing,T-Shirt,7,1062.11,0.24,8280.13,1296.33,57.64,Upi,3,True,Returned,3
1980,2022-05-25,69864,Vikram Iyer,31,Male,South,Kochi,Groceries,Dal (1Kg),6,181.78,0.38,888.33,43.28,64.13,Upi,3,False,Delivered,9
2958,2023-07-05,2784,Sunita Gupta,25,Male,North,Amritsar,Sports,Cycle,3,13054.7,0.2,50129.67,9740.83,41.44,Upi,2,True,Returned,9
3790,2024-07-05,81850,Karan Das,7,Other,East,Guwahati,Beauty,Lipstick,3,1906.13,0.35,5546.63,2206.08,75.13,Upi,5,False,Delivered,6
191,2020-03-26,37196,Pooja Chatterjee,37,Other,South,Chennai,Clothing,T-Shirt,2,2822.43,0.32,3893.81,1101.47,41.8,Cash On Delivery,2,False,Delivered,4
3825,2024-07-21,88226,Aditya Verma,47,Male,West,Surat,Groceries,Tea,7,488.22,0.38,2672.94,163.37,60.37,Emi,1,True,Returned,8
179,2020-03-19,72035,Ritu Pillai,39,Male,South,Chennai,Beauty,Hair Oil,2,691.8,0.4,832.4,369.92,65.91,Debit Card,5,False,Delivered,9
3841,2024-07-27,55175,Pooja Verma,36,Female,North,Ludhiana,Sports,Cycle,4,4702.62,0.3,23223.7,3762.63,66.86,Net Banking,2,False,Delivered,5
2605,2023-02-05,70348,Sanjay Chatterjee,33,Other,East,Guwahati,Groceries,Dal (1Kg),2,458.79,0.24,719.16,59.83,86.04,Emi,3,False,Cancelled,6
2589,2023-01-30,13119,Priya Bose,39,Other,West,Ahmedabad,Furniture,Bookshelf,8,8213.91,0.21,64071.92,12928.63,87.38,Net Banking,3,False,Delivered,9
3465,2024-02-09,56248,Aarav Bhat,42,Female,Central,Indore,Groceries,Cooking Oil,7,359.97,0.04,2544.36,337.93,52.95,Upi,5,False,Cancelled,5
2024,2022-06-11,2250,Rahul Verma,33,Female,North,Ludhiana,Books,Fiction Novel,1,910.26,0.04,1273.33,558.58,27.4,Net Banking,3,False,Delivered,3
2104,2022-07-15,15485,Sanjay Iyer,49,Female,North,Ludhiana,Groceries,Cooking Oil,4,363.4,0.33,1689.72,153.17,55.45,Cash On Delivery,1,False,Delivered,3
1688,2022-01-22,53680,Amit Shah,18,Other,North,Delhi,Electronics,Smartphone,5,65121.61,0.0,278858.29,33377.09,75.22,Net Banking,3,False,Shipped,2
3916,2024-08-19,33656,Ritu Rao,50,Male,East,Patna,Groceries,Cooking Oil,4,169.97,0.11,978.94,86.75,73.04,Debit Card,1,False,Delivered,9
2793,2023-04-24,32818,Kavya Kumar,34,Other,West,Surat,Clothing,Dress,4,882.01,0.05,4873.47,1032.3,65.21,Credit Card,2,False,Delivered,3
3322,2023-12-09,90480,Nisha Patel,31,Other,East,Kolkata,Groceries,Rice (5Kg),8,314.32,0.03,2055.55,180.84,99.45,Debit Card,1,False,Cancelled,2
1129,2021-05-25,51027,Nikhil Bose,14,Other,West,Surat,Books,Cook Book,10,363.79,0.14,5020.88,1879.15,43.41,Net Banking,3,False,Cancelled,8
3068,2023-08-18,89345,Deepa Iyer,30,Other,East,Guwahati,Beauty,Shampoo,1,133.98,0.16,157.0,64.55,59.05,Credit Card,5,False,Delivered,4
3146,2023-09-25,78079,Meera Gupta,27,Male,South,Bangalore,Electronics,Smartwatch,3,40582.57,0.22,118400.61,13936.96,91.9,Debit Card,3,False,Cancelled,4
1813,2022-03-12,37116,Nisha Das,47,Other,Central,Nagpur,Clothing,T-Shirt,1,1385.37,0.08,1543.45,661.84,62.19,Credit Card,2,False,Delivered,5
2560,2023-01-14,90788,Kavya Kapoor,34,Female,South,Kochi,Electronics,Tablet,999,18619.45,0.0,17360314.17,2445648.43,82.19,Emi,1,False,Delivered,5
4019,2024-10-07,33185,Aditya Bose,30,Female,Central,Nagpur,Sports,Cycle,8,11748.72,0.34,67592.29,16805.64,44.93,Upi,3,True,Returned,10
3512,2024-03-07,61863,Shreya Nair,41,Female,East,Kolkata,Clothing,Jeans,10,1320.43,0.25,13732.16,5671.18,74.31,Debit Card,2,False,Shipped,6
1024,2021-04-08,22670,Sanjay Joshi,49,Female,East,Patna,Furniture,Bed Frame,10,14892.78,0.21,168394.7,64660.74,118.18,Credit Card,2,False,Shipped,8
1753,2022-02-17,62689,Ananya Das,32,Female,North,Delhi,Clothing,Jeans,3,3289.49,0.2,6684.85,2606.38,68.78,Upi,5,False,Delivered,6
472,2020-07-27,21284,Aarav Joshi,44,Other,East,Patna,Groceries,Flour,1,117.22,0.26,124.38,11.08,84.2,Credit Card,2,False,Delivered,5
399,2020-06-21,1014,Aditya Chatterjee,27,Other,West,Pune,Sports,Dumbbells,9,14879.68,0.25,128980.52,28846.04,60.0,Credit Card,3,False,Delivered,10
3499,2024-02-29,16184,Rahul Kumar,39,Female,West,Surat,Electronics,Tablet,8,22744.84,0.03,181169.01,15125.76,75.81,Emi,1,False,Shipped,3
36,2020-01-14,38423,Kavya Nair,26,Female,East,Patna,Furniture,Desk,3,12822.15,0.01,29713.41,10599.17,86.21,Upi,2,True,Returned,9
2254,2022-09-09,33459,Nisha Sharma,33,Female,North,Delhi,Furniture,Desk,10,5472.78,0.24,53170.77,15999.21,73.94,Debit Card,4,False,Delivered,9
2657,2023-02-24,66904,Kavya Chatterjee,41,Other,East,Kolkata,Groceries,Cooking Oil,5,97.04,0.07,446.89,48.71,82.24,Net Banking,1,False,Delivered,3
253,2020-04-22,11397,Aarav Verma,50,Male,East,Patna,Books,Comic Book,8,724.91,0.39,3949.85,1441.05,80.32,Net Banking,3,False,Pending,1
2656,2023-02-24,34846,Vikram Singh,46,Female,North,Chandigarh,Furniture,Bookshelf,8,24561.25,0.33,140193.36,31348.77,47.2,Credit Card,2,False,Delivered,1
1068,2021-04-28,93899,Meera Kapoor,49,Male,South,Hyderabad,Furniture,Chair,8,13756.55,0.36,88558.6,31183.12,80.06,Credit Card,2,False,Delivered,10
1286,2021-08-03,73360,Nisha Sharma,30,Female,West,Surat,Electronics,Smartwatch,5,53420.53,0.16,268730.15,18234.55,49.75,Debit Card,4,False,Delivered,3
3221,2023-10-24,96034,Rohan Singh,30,Male,North,Chandigarh,Books,Textbook,6,452.9,0.01,2766.66,1043.1,58.82,Net Banking,1,False,Delivered,3
2478,2022-12-12,2396,Karan Sharma,32,Male,South,Hyderabad,Electronics,Tablet,3,58643.55,0.18,104290.62,10501.29,67.56,Credit Card,3,False,Cancelled,2
2941,2023-06-29,16576,Aditya Mehta,53,Female,North,Amritsar,Books,Fiction Novel,4,254.4,0.04,1971.55,765.6,70.91,Cash On Delivery,4,False,Delivered,7
1876,2022-04-07,64959,Aditya Sharma,47,Other,East,Patna,Books,Fiction Novel,5,1466.44,0.02,1925.9,587.73,74.59,Net Banking,3,False,Delivered,6
229,2020-04-10,23370,Kavya Pillai,37,Female,West,Surat,Books,Self-Help Book,2,979.23,0.26,1381.44,565.67,57.1,Cash On Delivery,3,True,Returned,9
3052,2023-08-13,62695,Vikram Bhat,38,Other,East,Guwahati,Sports,Dumbbells,7,13199.66,0.23,101253.81,23525.51,75.76,Cash On Delivery,4,False,Delivered,9
1749,2022-02-15,77699,Deepa Joshi,17,Other,South,Chennai,Sports,Football,5,5142.95,0.05,24280.58,4000.08,50.97,Emi,1,True,Returned,3
3078,2023-08-21,46478,Aarav Nair,32,Female,East,Bhubaneswar,Books,Textbook,3,761.02,0.23,2331.91,1183.07,118.86,Credit Card,3,False,Delivered,7
1645,2022-01-03,58522,Priya Kumar,27,Male,South,Bangalore,Beauty,Sunscreen,1,277.9,0.12,229.86,81.58,50.51,Emi,4,False,Cancelled,6
4194,2024-12-28,18508,Sunita Sharma,56,Male,North,Ludhiana,Books,Biography,2,709.51,0.08,1228.87,481.53,18.48,Net Banking,5,False,Cancelled,5
1610,2021-12-20,76313,Arjun Pillai,40,Other,Central,Bhopal,Books,Textbook,7,1347.81,0.14,5535.71,1992.64,32.85,Credit Card,2,False,Delivered,9
2776,2023-04-16,86061,Kavya Rao,45,Male,Central,Indore,Sports,Football,8,8715.32,0.21,96549.16,22685.06,74.22,Cash On Delivery,1,False,Delivered,8
2367,2022-10-20,71730,Meera Kapoor,33,Female,East,Patna,Books,Biography,6,353.19,0.37,1424.52,640.89,87.77,Net Banking,3,False,Delivered,7
630,2020-10-09,57628,Rohan Chatterjee,42,Female,South,Kochi,Furniture,Wardrobe,7,31760.09,0.21,198861.51,77339.31,62.01,Debit Card,3,False,Delivered,3
926,2021-02-23,42894,Sanjay Patel,30,Male,West,Ahmedabad,Clothing,Jeans,9,1846.99,0.32,9441.56,3194.01,82.33,Debit Card,3,False,Delivered,6
2942,2023-06-30,41370,Amit Verma,40,Male,North,Delhi,Groceries,Dal (1Kg),5,306.51,0.18,2204.96,174.67,63.22,Cash On Delivery,3,False,Delivered,3
1020,2021-04-05,24177,Rohan Reddy,40,Male,South,Chennai,Furniture,Sofa,0,2090.33,0.29,1783.33,304.35,82.39,Cash On Delivery,2,False,Pending,6
2083,2022-07-07,58154,Karan Chatterjee,33,Other,West,Surat,Furniture,Bookshelf,6,6433.11,0.05,51511.32,11059.52,68.21,Net Banking,1,False,Delivered,7
3385,2024-01-04,57537,Meera Reddy,23,Male,East,Guwahati,Books,Textbook,9,1151.99,0.36,5781.66,2458.52,80.27,Emi,5,False,Delivered,6
1787,2022-03-03,70372,Deepa Verma,16,Female,West,Surat,Beauty,Hair Oil,8,1468.81,0.02,12672.79,4798.36,35.31,Cash On Delivery,4,False,Delivered,8
2124,2022-07-23,24923,Karan Mishra,23,Male,West,Pune,Books,Cook Book,6,1164.68,0.35,5939.75,1561.14,57.35,Debit Card,2,True,Returned,5
2222,2022-08-28,57957,Rohan Iyer,33,Male,Central,Raipur,Beauty,Face Cream,5,1366.62,0.31,7613.24,4061.59,45.32,Net Banking,4,False,Shipped,7
1076,2021-05-02,34738,Ananya Kapoor,49,Female,South,Bangalore,Furniture,Bookshelf,1,28157.96,0.28,31874.43,7988.88,86.82,Credit Card,2,True,Returned,5
3624,2024-04-25,39929,Pooja Bose,50,Male,Central,Indore,Sports,Yoga Mat,5,7799.14,0.34,8584.8,1529.95,45.36,Debit Card,2,False,Delivered,2
2950,2023-07-01,2564,Nisha Gupta,57,Other,Central,Raipur,Furniture,Wardrobe,7,7949.66,0.29,60207.42,13411.24,66.87,Credit Card,4,False,Delivered,2
3861,2024-08-04,90757,Arjun Verma,46,Male,East,Kolkata,Furniture,Bookshelf,8,7679.41,0.39,56785.85,15647.23,83.32,Cash On Delivery,3,False,Shipped,1
4181,2024-12-23,34843,Rohan Chatterjee,5,Male,South,Bangalore,Beauty,Sunscreen,4,270.17,0.27,766.64,297.01,54.45,Upi,2,False,Pending,3
3904,2024-08-15,28988,Meera Das,29,Other,West,Mumbai,Groceries,Tea,6,212.91,0.28,1250.12,97.83,63.02,Debit Card,3,False,Delivered,10
1850,2022-03-30,64792,Amit Kumar,38,Male,South,Hyderabad,Sports,Cycle,4,14204.71,0.27,54400.72,13383.31,93.83,Upi,1,True,Returned,10
2796,2023-04-27,56780,Arjun Chatterjee,24,Other,East,Guwahati,Groceries,Cooking Oil,8,132.4,0.32,1145.95,93.32,91.9,Debit Card,2,False,Delivered,2
1245,2021-07-16,94664,Aarav Pillai,51,Female,East,Guwahati,Sports,Tennis Racket,3,14773.91,0.31,39228.73,11423.75,63.56,Net Banking,3,False,Delivered,4
3321,2023-12-09,48101,Sanjay Kumar,38,Male,East,Patna,Clothing,Jacket,7,2311.75,0.14,11373.42,4064.18,93.86,Net Banking,4,False,Delivered,10
509,2020-08-13,37820,Pooja Bhat,22,Other,Central,Bhopal,Books,Textbook,7,286.07,0.28,1349.48,474.55,52.35,Cash On Delivery,3,False,Delivered,4
711,2020-11-21,81896,Meera Gupta,51,Male,West,Mumbai,Clothing,Jeans,5,3038.32,0.08,11598.72,4520.11,46.38,Upi,3,False,Delivered,8
1145,2021-05-30,43834,Ritu Joshi,20,Male,North,Delhi,Sports,Cricket Bat,7,14524.03,0.17,124422.97,28871.78,52.9,Emi,4,False,Delivered,9
608,2020-09-28,6194,Nisha Joshi,24,Male,North,Chandigarh,Groceries,Dal (1Kg),6,56.45,0.07,342.17,22.1,41.2,Upi,2,True,Returned,6
388,2020-06-14,45393,Rahul Pillai,37,Male,East,Patna,Beauty,Lipstick,9,2334.19,0.05,26537.21,9468.13,62.79,Credit Card,3,False,Delivered,10
3166,2023-10-03,6674,Sanjay Pillai,47,Female,Central,Bhopal,Furniture,Bookshelf,9,22760.46,0.37,145109.61,39767.62,72.02,Emi,1,False,Shipped,3
868,2021-01-31,94965,Kavya Sharma,38,Female,South,Hyderabad,Electronics,Smartwatch,3,42838.23,0.09,107037.9,14607.13,87.84,Debit Card,1,True,Returned,1
2800,2023-04-29,56256,Ananya Patel,45,Female,East,Patna,Sports,Cycle,4,10550.62,0.36,42878.34,7286.48,64.73,Net Banking,3,True,Returned,3
912,2021-02-13,49621,Kavya Pillai,31,Male,Central,Nagpur,Furniture,Chair,7,16795.84,0.36,56221.37,12491.37,56.62,Cash On Delivery,2,True,Returned,2
3990,2024-09-18,81510,Ritu Chatterjee,50,Other,West,Ahmedabad,Clothing,Jeans,10,3403.06,0.39,22886.16,4900.02,44.69,Emi,3,False,Shipped,1
1922,2022-04-30,64561,Deepa Das,55,Other,South,Hyderabad,Groceries,Rice (5Kg),1,116.8,0.34,98.72,7.87,74.41,Credit Card,4,False,Delivered,3
3724,2024-06-13,7562,Aditya Verma,29,Male,East,Patna,Furniture,Bookshelf,4,29351.23,0.19,174388.71,36069.54,82.28,Net Banking,4,False,Delivered,9
149,2020-03-01,13333,Deepa Iyer,32,Male,West,Pune,Furniture,Bookshelf,5,31560.75,0.37,117876.02,35282.21,38.48,Cash On Delivery,4,False,Delivered,5
754,2020-12-08,33308,Meera Rao,46,Other,East,Kolkata,Electronics,Headphones,9,9975.05,0.28,38987.93,3991.52,83.83,Emi,1,True,Returned,5
3555,2024-03-24,21921,Vikram Verma,44,Female,Central,Indore,Clothing,Dress,8,825.43,0.3,6590.81,2481.12,48.12,Net Banking,1,False,Delivered,2
2451,2022-11-28,4161,Arjun Singh,58,Female,West,Pune,Sports,Dumbbells,9,13538.61,0.04,98932.09,24598.22,64.82,Credit Card,3,False,Delivered,1
1274,2021-07-28,42513,Deepa Joshi,29,Female,East,Bhubaneswar,Furniture,Chair,2,3092.5,0.03,7652.46,2113.54,62.46,Credit Card,4,False,Delivered,3
341,2020-05-28,77930,Nisha Das,34,Male,Central,Nagpur,Groceries,Sugar,7,369.81,0.4,1896.12,92.88,65.27,Credit Card,2,False,Shipped,4
4110,2024-11-20,48614,Sanjay Bose,31,Female,South,Bangalore,Groceries,Tea,1,281.65,0.11,268.27,27.01,73.96,Upi,1,True,Returned,7
3036,2023-08-05,13591,Nikhil Reddy,57,Female,Central,Indore,Electronics,Smartwatch,4,5288.54,0.19,27570.77,3492.82,95.83,Debit Card,3,False,Delivered,5
2249,2022-09-08,22912,Aarav Bhat,22,Female,East,Bhubaneswar,Groceries,Cooking Oil,6,129.66,0.08,1008.28,60.96,63.39,Net Banking,5,False,Delivered,3
3715,2024-06-08,55215,Karan Das,30,Other,West,Ahmedabad,Furniture,Chair,5,11535.35,0.32,13286.27,3991.87,54.19,Credit Card,5,False,Delivered,3
1116,2021-05-18,4558,Karan Kapoor,15,Male,North,Chandigarh,Sports,Cycle,2,4814.42,0.29,9405.05,1987.38,50.43,Emi,3,False,Cancelled,5
2781,2023-04-18,33751,Nikhil Singh,43,Other,Central,Raipur,Groceries,Cooking Oil,7,287.94,0.34,1907.63,168.82,48.27,Credit Card,4,False,Delivered,5
541,2020-08-29,83050,Nikhil Bhat,31,Male,South,Chennai,Furniture,Bed Frame,10,26964.22,0.21,296094.49,62330.58,62.72,Cash On Delivery,5,False,Pending,7
2740,2023-03-31,90154,Arjun Rao,39,Female,West,Mumbai,Beauty,Sunscreen,3,1932.05,0.12,6749.05,2983.29,47.16,Upi,1,False,Pending,5
3657,2024-05-08,4582,Kavya Kumar,43,Female,East,Bhubaneswar,Furniture,Chair,7,16570.92,0.33,122079.93,40801.29,111.73,Net Banking,1,False,Shipped,9
1467,2021-10-23,97904,Sanjay Bhat,36,Male,West,Ahmedabad,Clothing,Kurta,10,2394.19,0.18,18412.38,6424.53,80.64,Cash On Delivery,4,False,Delivered,5
2658,2023-02-25,50190,Aarav Mehta,29,Female,Central,Bhopal,Clothing,T-Shirt,4,2095.6,0.36,5514.66,1469.25,50.22,Net Banking,4,False,Delivered,6
2096,2022-07-11,11002,Ritu Reddy,43,Other,South,Bangalore,Furniture,Bookshelf,8,32713.93,0.21,353477.73,94752.3,78.56,Emi,3,False,Delivered,6
956,2021-03-10,26332,Karan Bhat,38,Male,West,Pune,Books,Fiction Novel,10,1207.23,0.16,10978.87,2840.09,56.99,Cash On Delivery,2,False,Delivered,6
281,2020-05-05,57517,Pooja Joshi,36,Male,West,Ahmedabad,Groceries,Flour,2,306.74,0.09,620.3,44.87,67.78,Credit Card,3,False,Delivered,4
2459,2022-12-02,97641,Ananya Reddy,33,Male,South,Hyderabad,Clothing,T-Shirt,4,1231.26,0.07,3543.81,1397.23,42.37,Debit Card,3,False,Delivered,9
511,2020-08-14,50410,Nikhil Verma,44,Male,North,Delhi,Furniture,Wardrobe,5,6721.75,0.19,6015.58,1506.36,22.19,Credit Card,5,False,Shipped,9
2650,2023-02-21,24055,Ananya Mehta,47,Female,East,Bhubaneswar,Clothing,Saree,6,3972.74,0.19,21803.58,9997.37,46.75,Debit Card,2,False,Delivered,1
1593,2021-12-12,14125,Sunita Singh,37,Female,North,Amritsar,Groceries,Sugar,5,225.72,0.01,877.93,110.9,57.3,Cash On Delivery,2,True,Returned,7
2606,2023-02-05,20519,Aarav Rao,48,Other,South,Kochi,Clothing,T-Shirt,9,1032.03,0.33,6175.76,1554.99,79.74,Upi,4,True,Returned,7
3767,2024-06-27,10979,Pooja Kapoor,41,Female,East,Guwahati,Furniture,Sofa,1,31109.85,0.22,44220.44,11000.78,97.57,Debit Card,3,False,Delivered,3
1515,2021-11-13,36636,Arjun Kumar,34,Other,East,Bhubaneswar,Sports,Cycle,10,8236.27,0.04,66408.75,10958.97,69.62,Debit Card,3,True,Returned,7
688,2020-11-08,98974,Shreya Reddy,22,Female,North,Ludhiana,Furniture,Desk,6,21919.09,0.17,80745.64,19787.94,53.3,Debit Card,5,False,Delivered,9
336,2020-05-25,51371,Sanjay Shah,27,Female,Central,Nagpur,Furniture,Desk,5,6765.44,0.33,31049.48,6138.52,54.05,Upi,2,False,Cancelled,6
2363,2022-10-18,91997,Karan Bose,38,Male,West,Surat,Electronics,Laptop,5,5729.21,0.26,21082.56,2258.77,47.72,Net Banking,4,False,Cancelled,8
2028,2022-06-13,57353,Meera Singh,28,Male,Central,Bhopal,Groceries,Tea,1,431.51,0.26,545.27,23.26,56.68,Upi,3,False,Delivered,5
783,2020-12-21,34065,Nikhil Nair,42,Other,West,Pune,Furniture,Desk,8,14923.8,0.19,74800.01,25405.51,42.54,Credit Card,2,False,Delivered,4
4016,2024-10-02,7018,Sanjay Kumar,39,Male,Central,Bhopal,Electronics,Tablet,2,24384.77,0.4,33639.93,4904.58,40.95,Credit Card,3,False,Delivered,9
61,2020-01-22,42186,Priya Mehta,10,Female,West,Mumbai,Sports,Football,9,6264.59,0.37,26063.19,6986.91,56.65,Net Banking,2,True,Returned,4
622,2020-10-05,27267,Kavya Pillai,27,Male,North,Delhi,Beauty,Shampoo,2,662.8,0.3,887.58,508.29,51.48,Credit Card,2,False,Delivered,10
3579,2024-04-04,20050,Rohan Sharma,31,Male,North,Amritsar,Electronics,Laptop,3,40441.12,0.06,167514.18,15922.46,37.81,Credit Card,3,False,Shipped,3
3323,2023-12-09,1601,Sanjay Singh,43,Other,North,Amritsar,Books,Biography,6,816.54,0.12,3736.19,1793.27,39.88,Net Banking,2,False,Pending,7
1158,2021-06-04,43022,Ananya Mishra,41,Other,South,Chennai,Clothing,Kurta,2,838.89,0.15,2075.32,829.82,52.06,Cash On Delivery,4,True,Returned,2
2141,2022-07-28,81398,Ananya Reddy,53,Female,North,Delhi,Books,Comic Book,10,772.14,0.4,6278.32,2969.03,72.12,Cash On Delivery,2,False,Cancelled,4
835,2021-01-17,51769,Amit Das,23,Male,East,Bhubaneswar,Groceries,Rice (5Kg),9,358.92,0.08,2353.07,122.29,84.03,Debit Card,4,False,Delivered,6
2641,2023-02-17,93173,Rahul Shah,30,Female,West,Surat,Clothing,Kurta,8,3934.14,0.01,31003.27,9818.15,59.66,Credit Card,1,False,Delivered,5
2580,2023-01-27,20280,Priya Patel,46,Other,West,Surat,Beauty,Hair Oil,4,1660.82,0.21,5505.54,2444.92,41.4,Debit Card,3,False,Delivered,7
2044,2022-06-18,1603,Kavya Verma,30,Female,South,Chennai,Furniture,Desk,8,25000.7,0.06,272564.22,76789.22,67.03,Debit Card,4,False,Delivered,1
1451,2021-10-18,83181,Priya Sharma,48,Male,North,Delhi,Clothing,T-Shirt,8,983.33,0.33,5486.4,1956.84,48.0,Debit Card,1,True,Returned,9
395,2020-06-18,69444,Rohan Das,16,Female,South,Bangalore,Beauty,Hair Oil,2,572.31,0.21,1734.87,658.78,88.09,Credit Card,1,False,Delivered,6
846,2021-01-21,86953,Karan Kumar,31,Other,Central,Nagpur,Beauty,Face Cream,2,2449.97,0.36,2301.25,882.12,63.24,Upi,5,False,Delivered,5
3118,2023-09-09,99970,Meera Kumar,32,Female,North,Amritsar,Sports,Cycle,4,4072.52,0.37,12014.98,2649.18,60.13,Net Banking,3,False,Delivered,4
2624,2023-02-12,85938,Aarav Reddy,28,Female,East,Guwahati,Electronics,Headphones,1,34782.2,0.31,23810.12,2943.23,73.54,Upi,5,False,Delivered,4
2622,2023-02-11,47032,Deepa Rao,34,Male,Central,Indore,Clothing,Jeans,9,1137.56,0.16,7041.76,1704.37,70.39,Cash On Delivery,1,False,Delivered,3
3351,2023-12-20,68480,Rahul Pillai,37,Male,North,Delhi,Clothing,Saree,6,3307.09,0.32,13005.72,4025.44,56.56,Net Banking,3,False,Delivered,1
2784,2023-04-20,25444,Priya Mehta,52,Male,Central,Bhopal,Beauty,Perfume,8,2413.19,0.25,18757.8,6413.01,55.59,Emi,3,False,Delivered,10
950,2021-03-07,77157,Vikram Shah,25,Female,East,Bhubaneswar,Clothing,Jeans,1,2017.09,0.05,2090.57,823.03,84.95,Credit Card,2,False,Pending,1
1762,2022-02-19,2740,Kavya Gupta,41,Female,West,Ahmedabad,Electronics,Smartphone,9,9157.81,0.33,55730.83,7761.83,67.23,Emi,3,False,Delivered,3
2328,2022-10-08,9166,Ananya Mishra,21,Male,West,Pune,Groceries,Dal (1Kg),5,142.7,0.29,560.89,25.3,26.87,Emi,5,False,Delivered,8
3712,2024-06-05,26187,Arjun Nair,28,Female,South,Hyderabad,Electronics,Headphones,4,12995.6,0.3,55079.39,5983.03,50.54,Upi,3,True,Returned,6
338,2020-05-26,54853,Deepa Mehta,12,Male,Central,Indore,Groceries,Cooking Oil,4,446.87,0.37,1373.02,134.17,55.36,Net Banking,1,True,Returned,1
2276,2022-09-16,27939,Aarav Pillai,37,Female,North,Delhi,Sports,Yoga Mat,4,590.58,0.26,2166.86,376.29,74.83,Cash On Delivery,1,False,Pending,5
3771,2024-06-29,79702,Priya Sharma,38,Female,South,Hyderabad,Clothing,Jacket,6,3840.34,0.23,33201.77,12918.61,69.58,Cash On Delivery,3,False,Pending,1
2057,2022-06-25,88172,Pooja Sharma,44,Female,East,Bhubaneswar,Furniture,Bed Frame,4,34052.07,0.07,210338.05,69009.61,65.24,Upi,2,False,Pending,2
1110,2021-05-15,210,Pooja Patel,29,Female,North,Delhi,Electronics,Smartphone,6,48230.85,0.35,245712.19,22881.08,68.73,Debit Card,1,False,Shipped,9
4156,2024-12-09,37501,Rohan Bose,40,Other,Central,Raipur,Electronics,Tablet,4,23593.16,0.39,50867.37,6623.39,41.37,Net Banking,4,False,Delivered,9
294,2020-05-09,22246,Ananya Kumar,23,Female,East,Kolkata,Books,Textbook,9,1441.87,0.09,15544.23,6061.53,61.52,Debit Card,4,False,Shipped,1
2117,2022-07-20,85337,Ananya Bose,50,Female,North,Delhi,Clothing,Jeans,5,3757.22,0.03,6146.46,1762.91,46.04,Cash On Delivery,3,False,Delivered,3
2206,2022-08-19,90477,Amit Nair,41,Male,East,Bhubaneswar,Books,Fiction Novel,2,766.12,0.21,1911.88,403.99,94.88,Cash On Delivery,2,False,Delivered,7
3169,2023-10-04,57585,Karan Kapoor,36,Male,West,Pune,Sports,Tennis Racket,7,11959.3,0.06,80013.65,18319.5,55.16,Cash On Delivery,1,False,Shipped,1
3414,2024-01-18,92259,Pooja Verma,28,Female,East,Guwahati,Beauty,Shampoo,10,103.75,0.26,763.63,473.48,78.5,Credit Card,1,False,Cancelled,7
3194,2023-10-14,46133,Sunita Patel,35,Female,Central,Nagpur,Groceries,Rice (5Kg),1,466.8,0.37,312.81,17.47,67.52,Emi,4,False,Delivered,7
3229,2023-10-28,44015,Nisha Shah,1,Other,North,Amritsar,Sports,Cricket Bat,4,10506.22,0.26,31932.89,4266.19,51.99,Credit Card,1,True,Returned,10
2594,2023-02-01,20482,Karan Das,35,Female,Central,Nagpur,Sports,Cricket Bat,10,856.51,0.39,5930.43,1385.75,57.74,Net Banking,3,False,Delivered,4
2682,2023-03-08,50033,Ritu Joshi,51,Other,South,Bangalore,Clothing,Dress,8,3911.66,0.3,25920.44,11329.49,76.96,Debit Card,3,False,Cancelled,3
471,2020-07-26,70383,Vikram Bose,46,Female,North,Delhi,Electronics,Smartphone,7,64119.9,0.37,328579.52,27779.3,23.56,Credit Card,4,False,Shipped,3
558,2020-09-05,39230,Amit Gupta,33,Female,Central,Bhopal,Electronics,Smartphone,4,61889.58,0.28,188994.43,30756.01,79.61,Emi,2,False,Delivered,5
2039,2022-06-17,14314,Karan Singh,38,Other,East,Patna,Sports,Yoga Mat,6,14693.99,0.23,98156.4,22834.62,68.94,Debit Card,2,False,Delivered,4
3796,2024-07-07,82853,Sanjay Chatterjee,18,Other,Central,Raipur,Clothing,Dress,10,1784.51,0.18,22208.97,11474.7,69.08,Cash On Delivery,4,False,Delivered,8
2342,2022-10-11,3284,Pooja Bhat,31,Male,East,Kolkata,Electronics,Headphones,9,58781.51,0.2,399047.78,43776.4,94.29,Emi,4,False,Delivered,2
2821,2023-05-10,76939,Ananya Bose,56,Other,North,Delhi,Electronics,Smartphone,8,29764.18,0.21,268708.58,24851.54,45.84,Cash On Delivery,2,False,Delivered,2
1439,2021-10-10,93212,Priya Mishra,37,Male,Central,Nagpur,Sports,Dumbbells,3,13108.91,0.14,30143.82,8326.51,55.08,Credit Card,1,False,Delivered,10
1263,2021-07-24,75667,Pooja Pillai,63,Male,West,Mumbai,Sports,Cricket Bat,10,5417.12,0.21,55413.45,15661.22,56.55,Upi,1,False,Cancelled,5
3237,2023-10-31,62193,Ananya Rao,48,Other,East,Kolkata,Beauty,Perfume,3,434.81,0.39,892.79,365.96,77.89,Debit Card,2,False,Delivered,5
1023,2021-04-07,74961,Kavya Iyer,28,Female,East,Patna,Beauty,Hair Oil,4,1885.47,0.39,6078.11,2097.44,72.41,Cash On Delivery,4,False,Delivered,10
121,2020-02-16,87494,Deepa Verma,62,Male,South,Hyderabad,Beauty,Shampoo,4,965.04,0.32,2121.23,1209.88,58.85,Emi,1,True,Returned,6
906,2021-02-09,56644,Sanjay Iyer,50,Other,North,Delhi,Electronics,Headphones,7,10081.67,0.03,59897.17,4993.59,16.94,Credit Card,5,False,Delivered,7
3769,2024-06-28,52834,Priya Shah,43,Other,West,Mumbai,Furniture,Bed Frame,3,20889.94,0.28,70530.85,15914.76,86.28,Upi,5,False,Delivered,2
1307,2021-08-11,83913,Rohan Rao,28,Male,North,Delhi,Books,Comic Book,4,268.0,0.31,983.11,397.26,58.22,Upi,4,False,Cancelled,4
1389,2021-09-19,70094,Deepa Joshi,29,Other,East,Guwahati,Sports,Dumbbells,5,5472.78,0.09,26718.92,5839.8,85.38,Net Banking,3,False,Shipped,7
3819,2024-07-19,71900,Amit Kapoor,48,Male,East,Kolkata,Furniture,Chair,3,10939.89,0.37,35018.76,7992.14,99.95,Cash On Delivery,1,False,Delivered,9
1335,2021-08-23,27800,Meera Shah,38,Other,Central,Indore,Furniture,Sofa,8,27002.71,0.1,247619.21,75880.4,107.71,Upi,1,False,Delivered,3
2559,2023-01-14,2955,Aarav Sharma,46,Female,East,Patna,Beauty,Hair Oil,1,1511.99,0.39,914.13,402.56,88.69,Upi,1,False,Cancelled,7
2228,2022-08-29,45867,Pooja Gupta,53,Other,Central,Raipur,Furniture,Bed Frame,5,16148.89,0.31,65510.48,17083.16,56.19,Cash On Delivery,5,False,Delivered,1
1936,2022-05-05,63093,Nikhil Gupta,35,Other,West,Mumbai,Electronics,Laptop,4,35805.64,0.22,175898.51,16761.62,64.56,Net Banking,2,False,Cancelled,9
3882,2024-08-09,84457,Sanjay Singh,30,Female,Central,Raipur,Electronics,Camera,1,8508.27,0.12,10874.57,1416.52,82.74,Upi,3,False,Pending,1
3893,2024-08-12,6918,Amit Nair,33,Female,West,Mumbai,Groceries,Sugar,9,346.57,0.21,5197.61,352.44,77.75,Credit Card,4,False,Delivered,6
1094,2021-05-08,74740,Karan Chatterjee,43,Other,West,Surat,Electronics,Smartwatch,10,65812.2,0.14,755611.74,101212.3,48.25,Net Banking,4,False,Delivered,8
3856,2024-08-02,67383,Arjun Singh,30,Female,Central,Bhopal,Clothing,Jeans,10,978.2,0.29,11603.1,4868.18,34.04,Debit Card,3,False,Delivered,1
1560,2021-11-30,99753,Sunita Singh,58,Female,West,Pune,Sports,Football,10,12971.47,0.35,65353.81,15914.47,51.11,Credit Card,3,False,Delivered,7
3232,2023-10-29,26327,Arjun Mishra,10,Female,North,Chandigarh,Electronics,Tablet,5,29580.52,0.4,105263.11,15663.51,86.48,Cash On Delivery,4,False,Delivered,2
3877,2024-08-08,87297,Sanjay Rao,44,Other,Central,Indore,Electronics,Smartwatch,3,21470.45,0.02,92585.0,5457.16,77.05,Credit Card,5,False,Delivered,9
816,2021-01-09,98871,Aarav Rao,48,Female,East,Guwahati,Clothing,Jeans,4,1333.04,0.15,3641.6,1576.0,89.29,Net Banking,5,False,Delivered,9
864,2021-01-30,83666,Priya Bhat,42,Female,West,Surat,Furniture,Wardrobe,2,7904.49,0.29,10748.23,2246.83,58.23,Credit Card,3,False,Delivered,3
1083,2021-05-04,10450,Sunita Iyer,21,Male,North,Amritsar,Groceries,Sugar,6,195.0,0.01,1590.89,163.31,46.08,Net Banking,2,False,Cancelled,7
1209,2021-06-29,12905,Rahul Shah,36,Other,West,Surat,Electronics,Smartwatch,6,35685.36,0.3,182448.8,21541.19,65.92,Emi,4,False,Delivered,2
1290,2021-08-04,20750,Rohan Joshi,34,Male,Central,Bhopal,Groceries,Cooking Oil,9,271.01,0.02,2992.24,289.77,60.94,Upi,3,False,Delivered,5
1858,2022-04-01,213,Arjun Verma,34,Male,South,Chennai,Beauty,Hair Oil,4,1182.99,0.03,5426.76,3103.03,94.88,Debit Card,2,False,Pending,1
96,2020-02-07,66932,Shreya Reddy,38,Other,North,Amritsar,Sports,Dumbbells,3,2728.31,0.24,5207.64,802.54,36.26,Credit Card,1,True,Returned,10
4184,2024-12-24,57246,Shreya Patel,34,Male,East,Guwahati,Furniture,Chair,9,17949.6,0.08,129636.87,41301.73,79.91,Upi,5,False,Delivered,3
2429,2022-11-16,34276,Sanjay Verma,35,Female,North,Amritsar,Furniture,Desk,4,9446.44,0.3,22683.91,5513.68,58.8,Debit Card,5,False,Cancelled,9
605,2020-09-26,7202,Amit Shah,39,Other,South,Hyderabad,Beauty,Shampoo,7,387.9,0.09,2585.03,1269.63,57.88,Emi,1,False,Pending,3
3112,2023-09-05,75819,Aarav Gupta,48,Other,South,Hyderabad,Clothing,Dress,8,771.59,0.37,4477.38,1547.0,66.22,Net Banking,5,False,Delivered,2
2115,2022-07-19,34821,Sunita Mehta,58,Female,East,Kolkata,Furniture,Wardrobe,8,6806.19,0.1,67597.0,26754.18,63.82,Net Banking,5,False,Delivered,1
551,2020-09-01,9601,Sunita Gupta,21,Other,East,Guwahati,Groceries,Flour,4,119.74,0.21,435.44,24.64,108.57,Emi,3,False,Delivered,6
3220,2023-10-24,5571,Vikram Mehta,44,Other,West,Ahmedabad,Books,Fiction Novel,6,1199.21,0.09,7876.86,3776.83,61.99,Emi,5,False,Shipped,3
2300,2022-09-24,99451,Nikhil Joshi,30,Other,North,Amritsar,Books,Fiction Novel,5,1447.1,0.07,1543.04,589.91,58.15,Cash On Delivery,3,False,Delivered,2
476,2020-07-29,99185,Rahul Das,46,Female,West,Surat,Clothing,T-Shirt,7,359.64,0.12,2673.78,1271.43,58.05,Debit Card,3,False,Delivered,3
1500,2021-11-03,23783,Meera Nair,34,Female,Central,Bhopal,Books,Comic Book,7,1014.7,0.07,5508.78,1716.12,31.99,Debit Card,2,False,Delivered,8
213,2020-04-02,16925,Rohan Sharma,33,Male,Central,Nagpur,Beauty,Lipstick,3,538.36,0.03,1938.58,978.3,42.0,Upi,1,False,Delivered,10
3513,2024-03-08,75619,Rahul Joshi,45,Other,East,Guwahati,Electronics,Smartwatch,7,70949.08,0.21,539413.9,58300.98,79.98,Cash On Delivery,4,False,Shipped,4
4144,2024-12-05,34339,Rahul Shah,46,Other,West,Pune,Groceries,Dal (1Kg),3,461.92,0.09,1136.17,111.05,92.19,Net Banking,3,False,Cancelled,1
1589,2021-12-10,24981,Rohan Mehta,29,Female,East,Patna,Sports,Dumbbells,8,14455.23,0.07,81451.9,14095.31,69.38,Credit Card,1,False,Delivered,1
2025,2022-06-11,9860,Vikram Mehta,39,Female,West,Pune,Books,Fiction Novel,7,1326.05,0.17,12840.19,5604.53,48.98,Net Banking,3,True,Returned,6
2379,2022-10-27,74898,Sanjay Bose,34,Other,South,Kochi,Electronics,Laptop,6,35566.78,0.17,207943.15,27899.28,65.72,Cash On Delivery,5,False,Pending,3
2481,2022-12-12,18007,Arjun Patel,30,Other,West,Mumbai,Groceries,Tea,10,93.18,0.11,717.1,61.36,39.09,Net Banking,1,False,Delivered,8
277,2020-05-03,65185,Nisha Reddy,59,Other,South,Chennai,Groceries,Dal (1Kg),10,217.3,0.05,2227.02,142.65,53.01,Debit Card,5,False,Delivered,7
506,2020-08-12,53218,Vikram Gupta,23,Other,North,Chandigarh,Electronics,Headphones,8,61264.42,0.05,463985.67,82726.06,50.65,Credit Card,2,True,Returned,7
1336,2021-08-23,25698,Pooja Patel,20,Female,West,Pune,Beauty,Face Cream,10,547.0,0.32,4726.28,2513.67,65.08,Cash On Delivery,2,False,Cancelled,7
2340,2022-10-10,46573,Sunita Mishra,43,Male,East,Kolkata,Books,Comic Book,1,269.23,0.35,146.46,51.64,77.26,Debit Card,2,False,Delivered,8
902,2021-02-09,55154,Priya Verma,56,Male,North,Chandigarh,Electronics,Tablet,1,39881.71,0.04,30194.77,2984.54,21.56,Net Banking,3,False,Delivered,1
449,2020-07-16,70202,Aditya Gupta,41,Male,Central,Nagpur,Clothing,Dress,8,1227.51,0.31,7184.61,2117.53,55.16,Credit Card,5,False,Delivered,2
1410,2021-09-27,74811,Aditya Rao,32,Other,East,Patna,Beauty,Face Cream,7,1026.47,0.07,6772.95,2747.24,58.92,Cash On Delivery,1,True,Returned,9
2535,2023-01-05,40704,Karan Singh,36,Female,North,Delhi,Furniture,Wardrobe,1,10813.51,0.12,8770.86,1573.05,58.09,Upi,1,True,Returned,1
3597,2024-04-13,83582,Aditya Shah,32,Other,West,Ahmedabad,Sports,Cricket Bat,2,10269.18,0.09,24486.71,5686.61,76.3,Cash On Delivery,3,False,Delivered,10
990,2021-03-28,8092,Meera Bose,34,Other,Central,Raipur,Books,Comic Book,9,742.78,0.21,6117.76,3038.08,76.92,Debit Card,4,False,Delivered,8
304,2020-05-12,28932,Arjun Kumar,41,Male,Central,Bhopal,Books,Fiction Novel,7,513.52,0.38,2985.15,1015.8,35.5,Net Banking,2,False,Delivered,10
3560,2024-03-27,76119,Kavya Mehta,14,Female,East,Kolkata,Groceries,Tea,7,422.63,0.39,2225.48,251.22,58.49,Upi,1,False,Delivered,3
4148,2024-12-07,97586,Ananya Mishra,33,Female,North,Ludhiana,Clothing,T-Shirt,5,614.15,0.17,2315.9,981.99,65.63,Upi,1,True,Returned,8
824,2021-01-12,93771,Ananya Mishra,25,Female,East,Bhubaneswar,Electronics,Smartwatch,10,62379.19,0.06,476054.02,44865.32,83.61,Debit Card,3,False,Delivered,4
2989,2023-07-18,835,Kavya Patel,38,Other,North,Ludhiana,Electronics,Camera,2,77260.63,0.28,179057.38,27038.61,72.59,Upi,4,False,Delivered,4
1997,2022-06-01,56393,Sunita Rao,32,Male,North,Chandigarh,Groceries,Dal (1Kg),9,493.26,0.08,6307.15,506.13,45.11,Upi,3,False,Cancelled,9
2116,2022-07-20,15879,Amit Pillai,26,Female,South,Kochi,Clothing,T-Shirt,6,711.19,0.24,4522.36,2124.71,82.5,Net Banking,3,False,Delivered,3
2068,2022-07-02,60687,Rahul Joshi,40,Female,West,Surat,Furniture,Sofa,9,33837.01,0.22,353282.34,116653.75,42.65,Net Banking,1,False,Delivered,4
1902,2022-04-20,14081,Nikhil Reddy,26,Other,Central,Bhopal,Electronics,Laptop,5,8793.32,0.25,45113.12,6647.66,30.21,Upi,1,False,Delivered,10
325,2020-05-22,90197,Ananya Sharma,38,Male,East,Patna,Electronics,Headphones,2,5256.57,0.26,10092.16,822.2,111.69,Net Banking,4,False,Delivered,4
3333,2023-12-12,27128,Karan Verma,36,Other,East,Patna,Groceries,Tea,8,244.23,0.21,1268.84,127.92,76.52,Debit Card,3,False,Delivered,6
1155,2021-06-03,350,Deepa Iyer,32,Other,East,Kolkata,Electronics,Tablet,1,29383.37,0.06,38160.26,3473.46,76.02,Cash On Delivery,3,True,Returned,2
1434,2021-10-08,32355,Priya Verma,31,Male,South,Chennai,Clothing,T-Shirt,9,2943.22,0.02,22356.5,7881.59,58.83,Emi,5,False,Shipped,5
3473,2024-02-16,92267,Aarav Sharma,49,Female,East,Bhubaneswar,Sports,Cycle,10,5314.23,0.11,49274.68,10849.9,99.0,Upi,3,False,Delivered,4
1474,2021-10-25,18611,Sunita Shah,27,Male,East,Guwahati,Electronics,Smartphone,6,6119.98,0.29,25738.91,3137.93,74.62,Debit Card,1,True,Returned,5
2103,2022-07-14,67925,Sanjay Gupta,32,Other,North,Delhi,Beauty,Perfume,7,920.5,0.1,8123.9,4006.12,47.75,Debit Card,1,False,Shipped,4
3012,2023-07-28,28387,Aditya Bose,42,Male,East,Patna,Electronics,Headphones,3,73866.57,0.26,269224.59,33151.92,88.4,Cash On Delivery,4,False,Delivered,5
2980,2023-07-15,27360,Pooja Mishra,58,Other,West,Pune,Groceries,Sugar,6,290.29,0.28,2095.81,197.15,73.31,Cash On Delivery,3,False,Delivered,8
151,2020-03-02,17244,Pooja Verma,36,Male,Central,Raipur,Furniture,Chair,3,5678.86,0.33,10585.41,3430.87,66.63,Debit Card,5,False,Delivered,6
4118,2024-11-26,48264,Aarav Chatterjee,56,Other,North,Amritsar,Clothing,Saree,9,2252.16,0.09,17908.2,4417.35,42.65,Net Banking,5,False,Shipped,5
1697,2022-01-28,17647,Nikhil Joshi,30,Male,North,Amritsar,Clothing,Kurta,8,670.37,0.4,2707.64,886.76,85.42,Cash On Delivery,1,True,Returned,7
1122,2021-05-22,22847,Arjun Sharma,45,Male,East,Guwahati,Groceries,Rice (5Kg),7,261.15,0.3,1938.7,126.72,75.32,Upi,3,False,Delivered,3
4123,2024-11-28,56868,Ananya Pillai,17,Other,East,Patna,Books,Comic Book,9,1408.86,0.16,10070.83,3795.39,79.06,Emi,4,False,Delivered,2
4075,2024-11-01,56692,Vikram Chatterjee,14,Male,Central,Raipur,Groceries,Rice (5Kg),8,109.34,0.02,835.1,59.29,46.15,Upi,4,False,Delivered,3
1131,2021-05-25,55050,Nikhil Pillai,31,Female,North,Chandigarh,Groceries,Rice (5Kg),5,356.64,0.39,290.93,17.29,74.52,Net Banking,3,False,Delivered,5
3955,2024-09-02,57188,Amit Nair,21,Other,West,Mumbai,Electronics,Laptop,5,63280.32,0.01,478410.73,55973.13,51.92,Emi,3,False,Delivered,10
2798,2023-04-28,5716,Arjun Nair,35,Male,North,Amritsar,Electronics,Tablet,4,22399.3,0.34,85795.74,10309.74,54.13,Emi,4,False,Cancelled,8
2804,2023-04-30,37928,Arjun Chatterjee,24,Female,North,Delhi,Books,Textbook,8,1123.69,0.12,10485.92,3534.73,78.68,Emi,3,False,Delivered,2
1049,2021-04-20,90241,Sanjay Bhat,54,Other,North,Ludhiana,Beauty,Shampoo,5,2321.44,0.34,10030.62,3661.06,74.83,Cash On Delivery,4,False,Delivered,8
812,2021-01-07,90877,Sanjay Kumar,37,Female,South,Chennai,Electronics,Smartwatch,10,60534.21,0.01,501766.48,79842.6,52.0,Debit Card,4,False,Delivered,2
2710,2023-03-22,2291,Sanjay Mehta,34,Male,East,Guwahati,Electronics,Smartwatch,2,10193.98,0.38,14993.54,1174.9,86.74,Emi,4,False,Pending,5
3911,2024-08-16,56239,Arjun Bose,51,Male,North,Amritsar,Sports,Dumbbells,10,786.71,0.03,11951.87,1750.05,48.55,Net Banking,1,False,Delivered,8
1558,2021-11-29,50687,Rahul Nair,21,Female,East,Patna,Books,Fiction Novel,10,722.86,0.15,5123.02,2442.73,55.76,Upi,1,False,Delivered,4
1064,2021-04-27,14319,Aarav Shah,27,Male,Central,Nagpur,Beauty,Lipstick,6,2416.31,0.13,15688.04,7768.7,37.54,Cash On Delivery,4,False,Delivered,4
3155,2023-09-29,59557,Meera Chatterjee,25,Other,South,Chennai,Clothing,Jacket,6,2996.07,0.39,13261.21,6275.03,75.18,Cash On Delivery,2,False,Delivered,1
2304,2022-09-27,81774,Meera Iyer,34,Male,East,Guwahati,Beauty,Hair Oil,8,1956.04,0.05,16158.29,7683.48,90.07,Emi,1,False,Cancelled,4
2983,2023-07-15,47590,Aarav Kumar,25,Male,East,Patna,Beauty,Shampoo,8,524.72,0.11,6161.59,3302.07,74.59,Net Banking,3,False,Delivered,9
893,2021-02-05,82516,Aarav Kapoor,48,Other,South,Hyderabad,Groceries,Tea,4,405.74,0.06,1652.51,140.36,111.98,Credit Card,5,False,Shipped,7
2922,2023-06-18,45653,Aditya Reddy,27,Male,East,Kolkata,Furniture,Bed Frame,6,18974.28,0.32,137423.69,7548.58,78.91,Net Banking,3,False,Delivered,6
1101,2021-05-11,25632,Rohan Mehta,23,Other,East,Bhubaneswar,Beauty,Perfume,4,2455.13,0.04,12314.54,5429.24,86.94,Emi,5,False,Delivered,2
2437,2022-11-22,57020,Rahul Bhat,35,Other,East,Guwahati,Furniture,Bed Frame,10,5117.29,0.35,29419.75,8052.09,61.97,Upi,3,False,Delivered,8
2985,2023-07-15,52758,Meera Pillai,42,Male,East,Guwahati,Sports,Tennis Racket,3,13447.87,0.03,63861.69,14051.98,89.88,Credit Card,1,True,Returned,1
1316,2021-08-15,62751,Vikram Mishra,27,Female,East,Kolkata,Sports,Tennis Racket,2,11208.34,0.21,28031.47,5448.35,65.42,Emi,3,False,Delivered,10
1649,2022-01-05,44360,Vikram Iyer,28,Other,North,Amritsar,Furniture,Bed Frame,10,9788.59,0.18,56440.79,15796.43,48.09,Net Banking,1,True,Returned,7
3104,2023-09-03,21518,Karan Pillai,26,Male,West,Ahmedabad,Clothing,Saree,1,1916.17,0.22,1845.9,598.99,47.98,Net Banking,4,False,Delivered,10
796,2020-12-28,33825,Aarav Reddy,44,Other,West,Pune,Clothing,T-Shirt,8,1635.94,0.17,7364.45,1973.68,58.56,Emi,4,False,Delivered,7
590,2020-09-21,39103,Aditya Reddy,34,Other,Central,Raipur,Groceries,Flour,6,197.31,0.38,809.88,50.36,60.78,Credit Card,1,False,Delivered,3
74,2020-01-28,91087,Meera Shah,40,Female,East,Patna,Furniture,Chair,8,33648.87,0.27,165959.55,58848.22,90.58,Net Banking,4,True,Returned,9
461,2020-07-21,87839,Priya Kumar,36,Other,North,Ludhiana,Sports,Yoga Mat,6,11043.66,0.36,52329.61,10394.78,45.19,Upi,1,False,Delivered,3
487,2020-08-03,82166,Shreya Gupta,36,Female,North,Amritsar,Clothing,Jeans,1,2218.42,0.01,2825.18,885.38,25.22,Net Banking,2,False,Delivered,6
2139,2022-07-28,46079,Ananya Chatterjee,40,Other,North,Delhi,Beauty,Hair Oil,8,1990.6,0.37,14038.19,5997.36,71.99,Upi,2,False,Delivered,9
1230,2021-07-08,23256,Vikram Shah,13,Male,South,Kochi,Groceries,Rice (5Kg),2,347.75,0.37,629.36,48.84,91.05,Upi,4,False,Cancelled,7
493,2020-08-04,79400,Meera Shah,52,Other,West,Mumbai,Furniture,Wardrobe,3,14320.7,0.28,33717.7,8980.94,51.39,Debit Card,1,False,Delivered,3
3694,2024-05-23,98806,Nisha Reddy,25,Other,East,Kolkata,Furniture,Bed Frame,5,30173.9,0.19,36271.56,9793.25,81.77,Net Banking,1,True,Returned,4
2105,2022-07-16,23451,Rahul Reddy,28,Other,West,Mumbai,Books,Comic Book,10,1326.18,0.2,16441.16,5803.82,73.42,Cash On Delivery,3,False,Delivered,5
1266,2021-07-25,72321,Arjun Iyer,13,Other,North,Ludhiana,Clothing,T-Shirt,5,1881.57,0.4,7457.36,1842.91,43.33,Upi,1,False,Delivered,2
3419,2024-01-22,3566,Pooja Joshi,37,Other,South,Chennai,Sports,Cricket Bat,6,548.7,0.13,2818.03,795.42,59.32,Emi,3,False,Delivered,2
98,2020-02-07,47981,Arjun Kumar,45,Female,Central,Raipur,Furniture,Chair,4,14589.56,0.21,50502.4,18143.47,60.59,Cash On Delivery,5,False,Delivered,6
3274,2023-11-16,59021,Nisha Iyer,34,Other,East,Bhubaneswar,Electronics,Smartwatch,10,61623.34,0.1,514325.26,41031.36,69.0,Upi,4,False,Delivered,5
2528,2023-01-02,85727,Nisha Pillai,38,Female,South,Bangalore,Clothing,Jacket,9,2765.83,0.09,21588.14,7174.59,83.41,Cash On Delivery,5,False,Cancelled,4
1773,2022-02-23,6303,Arjun Shah,44,Female,North,Chandigarh,Furniture,Bed Frame,10,18135.2,0.08,146993.72,36601.82,42.09,Cash On Delivery,2,False,Shipped,7
1468,2021-10-23,62484,Karan Gupta,24,Female,West,Pune,Groceries,Cooking Oil,9,63.47,0.15,477.64,35.42,44.96,Credit Card,3,False,Delivered,8
1750,2022-02-16,58944,Sunita Verma,12,Male,West,Mumbai,Furniture,Sofa,6,15789.89,0.27,56911.9,13231.78,66.76,Credit Card,1,True,Returned,2
1479,2021-10-26,30026,Vikram Gupta,28,Male,South,Kochi,Beauty,Face Cream,1,703.89,0.12,594.21,209.92,68.12,Credit Card,1,True,Returned,4
1891,2022-04-15,26370,Deepa Mishra,23,Other,West,Pune,Furniture,Desk,8,34992.04,0.11,286556.78,82342.39,35.17,Emi,4,False,Pending,1
3141,2023-09-20,51444,Rohan Kapoor,34,Female,Central,Indore,Sports,Cricket Bat,9,3722.56,0.09,35748.44,8661.64,41.2,Upi,4,False,Cancelled,2
2345,2022-10-11,71392,Kavya Shah,21,Male,South,Chennai,Books,Self-Help Book,4,1497.67,0.21,4793.89,1329.44,68.06,Net Banking,5,False,Delivered,7
2951,2023-07-01,74188,Aarav Singh,46,Male,West,Mumbai,Sports,Football,2,10865.46,0.25,25165.9,6993.08,49.79,Cash On Delivery,1,True,Returned,7
602,2020-09-26,38438,Priya Das,50,Other,South,Bangalore,Groceries,Flour,9,60.08,0.36,346.37,13.3,67.3,Upi,4,False,Delivered,3
3943,2024-08-27,79156,Ritu Bhat,26,Female,South,Hyderabad,Groceries,Rice (5Kg),5,228.28,0.29,1160.5,93.76,62.68,Net Banking,4,False,Delivered,8
3222,2023-10-25,90239,Pooja Patel,31,Female,East,Kolkata,Books,Comic Book,9,224.99,0.21,1955.07,489.85,81.53,Emi,3,False,Shipped,1
396,2020-06-20,1484,Priya Reddy,51,Male,West,Surat,Books,Textbook,4,579.35,0.35,1835.02,1058.65,60.19,Emi,2,False,Shipped,7
427,2020-07-08,70997,Nisha Iyer,46,Male,South,Hyderabad,Sports,Cycle,8,14501.84,0.35,102399.25,25057.46,74.64,Debit Card,1,False,Delivered,5
22,2020-01-09,85754,Meera Bose,54,Male,South,Kochi,Groceries,Sugar,1,454.8,0.36,220.25,21.68,67.9,Cash On Delivery,2,False,Delivered,6
1039,2021-04-15,90995,Aditya Joshi,33,Other,South,Kochi,Electronics,Smartphone,10,76400.64,0.21,741543.82,80532.82,72.35,Credit Card,2,False,Pending,9
2301,2022-09-25,94749,Aarav Patel,52,Other,South,Hyderabad,Beauty,Hair Oil,3,1334.72,0.14,4167.5,1517.77,68.86,Net Banking,1,False,Delivered,5
845,2021-01-20,66370,Sanjay Kumar,43,Other,South,Hyderabad,Sports,Tennis Racket,7,12247.06,0.07,61250.51,11670.83,87.17,Credit Card,4,False,Pending,5
3358,2023-12-23,82460,Nikhil Pillai,34,Other,East,Guwahati,Electronics,Smartwatch,9,17538.79,0.28,86347.39,9279.29,93.75,Emi,1,False,Delivered,9
2894,2023-06-06,87652,Nikhil Patel,25,Other,East,Bhubaneswar,Beauty,Shampoo,1,123.79,0.17,167.72,67.47,49.95,Credit Card,3,False,Delivered,3
2603,2023-02-04,47968,Vikram Pillai,27,Female,North,Amritsar,Beauty,Shampoo,5,1931.12,0.02,10949.84,3362.6,79.88,Net Banking,1,False,Delivered,9
3418,2024-01-22,18997,Arjun Verma,47,Other,South,Chennai,Groceries,Dal (1Kg),7,317.18,0.04,2340.06,216.78,80.19,Cash On Delivery,4,False,Delivered,9
1670,2022-01-15,23703,Aditya Kapoor,29,Female,North,Chandigarh,Clothing,Saree,2,2248.1,0.26,3192.69,1599.72,34.36,Cash On Delivery,4,True,Returned,5
3485,2024-02-23,71463,Kavya Rao,7,Other,East,Bhubaneswar,Clothing,Jeans,2,3938.35,0.27,6459.25,2710.16,80.77,Credit Card,4,False,Delivered,2
3503,2024-03-03,59996,Sunita Mehta,43,Female,Central,Nagpur,Clothing,Jacket,5,1168.05,0.04,1472.47,611.4,51.85,Credit Card,3,True,Returned,8
1315,2021-08-14,19293,Ananya Joshi,44,Other,South,Kochi,Furniture,Bed Frame,3,6100.73,0.35,16831.69,4667.9,82.45,Cash On Delivery,5,False,Shipped,2
1847,2022-03-27,23650,Sanjay Patel,43,Male,South,Bangalore,Electronics,Headphones,6,36964.92,0.07,229078.34,22543.08,71.02,Upi,3,False,Delivered,6
3089,2023-08-28,94322,Shreya Kapoor,19,Other,East,Patna,Books,Textbook,7,1441.05,0.29,9079.99,2820.94,86.34,Debit Card,3,True,Returned,10
244,2020-04-17,99038,Shreya Verma,40,Female,East,Kolkata,Groceries,Rice (5Kg),3,211.24,0.18,628.26,55.71,90.81,Credit Card,3,False,Delivered,10
4163,2024-12-11,13,Rahul Nair,29,Female,South,Hyderabad,Books,Self-Help Book,5,294.33,0.19,222.9,77.47,95.45,Net Banking,2,False,Delivered,2
934,2021-02-25,57153,Nikhil Mishra,33,Other,South,Chennai,Electronics,Camera,10,39470.47,0.03,381281.41,61665.08,68.19,Debit Card,1,True,Returned,9
2408,2022-11-06,35312,Aarav Joshi,45,Male,South,Chennai,Books,Biography,6,922.08,0.39,2622.16,1193.45,101.28,Upi,5,False,Delivered,9
2144,2022-07-30,57185,Aditya Pillai,45,Other,West,Ahmedabad,Clothing,Jacket,3,1239.18,0.11,4592.68,1338.61,61.11,Emi,1,False,Cancelled,10
1529,2021-11-18,1982,Meera Rao,34,Male,Central,Bhopal,Clothing,Dress,6,574.04,0.07,2308.91,810.17,68.91,Credit Card,3,False,Delivered,5
1497,2021-11-02,49401,Ritu Mehta,52,Other,West,Mumbai,Groceries,Sugar,3,398.14,0.25,680.62,46.49,38.92,Emi,1,True,Returned,10
2570,2023-01-24,14169,Deepa Gupta,33,Male,Central,Indore,Books,Cook Book,6,1149.86,0.21,5203.29,2215.79,26.1,Debit Card,4,True,Returned,8
1555,2021-11-28,84373,Deepa Gupta,32,Male,East,Kolkata,Beauty,Hair Oil,8,1512.26,0.29,7442.04,1712.58,87.62,Net Banking,3,False,Delivered,3
3023,2023-08-01,97888,Deepa Gupta,16,Female,East,Kolkata,Sports,Cricket Bat,4,2506.3,0.16,11720.71,3383.09,80.27,Net Banking,3,False,Delivered,2
3224,2023-10-26,38211,Ananya Pillai,37,Male,Central,Indore,Clothing,Saree,4,594.33,0.07,2462.17,786.24,84.06,Upi,1,False,Delivered,8
3400,2024-01-13,16290,Shreya Gupta,34,Female,West,Ahmedabad,Beauty,Shampoo,4,1042.68,0.12,3735.87,1923.69,43.55,Net Banking,4,False,Delivered,4
3329,2023-12-11,84812,Amit Singh,29,Male,North,Amritsar,Beauty,Hair Oil,7,1649.29,0.18,7846.93,3544.75,37.21,Net Banking,2,False,Delivered,2
2360,2022-10-17,30543,Meera Patel,35,Female,East,Bhubaneswar,Furniture,Wardrobe,7,26524.4,0.29,121709.51,31637.28,92.09,Credit Card,3,False,Shipped,4
1809,2022-03-11,33015,Sunita Iyer,25,Other,South,Bangalore,Electronics,Headphones,9,15199.01,0.23,129545.79,19098.67,60.16,Cash On Delivery,1,False,Delivered,6
2891,2023-06-05,13778,Amit Pillai,41,Female,South,Hyderabad,Beauty,Sunscreen,2,1297.33,0.22,3312.56,1518.57,46.51,Debit Card,1,False,Delivered,9
2462,2022-12-03,93409,Kavya Sharma,51,Female,South,Chennai,Clothing,Kurta,4,3481.94,0.35,6409.77,2804.01,71.75,Emi,3,False,Delivered,9
2507,2022-12-24,89268,Amit Sharma,36,Other,Central,Indore,Sports,Dumbbells,9,5484.95,0.09,32970.07,5646.17,31.22,Debit Card,3,False,Delivered,9
1186,2021-06-17,18863,Nikhil Iyer,28,Female,South,Kochi,Books,Comic Book,10,1470.66,0.0,19373.32,8438.27,64.66,Credit Card,2,False,Delivered,6
2388,2022-10-30,96079,Kavya Bose,33,Male,West,Ahmedabad,Clothing,Kurta,8,3591.12,0.04,23914.76,6348.6,50.27,Cash On Delivery,2,False,Cancelled,8
2554,2023-01-12,72987,Sanjay Verma,32,Male,North,Ludhiana,Beauty,Lipstick,5,1481.3,0.31,4531.15,1360.74,44.59,Cash On Delivery,2,False,Pending,2
3926,2024-08-22,32277,Priya Shah,14,Other,North,Ludhiana,Electronics,Tablet,7,56616.08,0.37,409146.2,52669.59,72.56,Net Banking,1,False,Delivered,9
1761,2022-02-19,42165,Vikram Joshi,60,Female,East,Kolkata,Clothing,Saree,1,944.02,0.18,670.28,181.9,78.51,Credit Card,5,False,Delivered,3
3280,2023-11-17,58917,Rohan Joshi,40,Other,East,Kolkata,Books,Cook Book,6,1395.75,0.22,5091.0,2066.28,73.1,Debit Card,2,False,Delivered,7
1966,2022-05-18,97427,Priya Bose,15,Female,North,Amritsar,Sports,Tennis Racket,1,2681.34,0.12,3807.13,587.09,75.5,Upi,3,True,Returned,4
2949,2023-07-01,29456,Priya Sharma,20,Other,East,Bhubaneswar,Groceries,Flour,3,108.19,0.4,272.74,18.29,82.45,Cash On Delivery,2,False,Cancelled,5
3143,2023-09-21,43908,Nisha Iyer,31,Male,Central,Bhopal,Electronics,Laptop,3,56628.56,0.32,145921.2,15624.65,47.88,Credit Card,1,False,Shipped,8
445,2020-07-16,52068,Deepa Reddy,48,Male,East,Guwahati,Electronics,Smartphone,10,19028.6,0.16,211424.88,15185.24,90.95,Upi,4,False,Delivered,7
2088,2022-07-09,29896,Amit Verma,43,Other,West,Mumbai,Beauty,Sunscreen,6,2056.5,0.18,13191.89,5400.15,38.67,Net Banking,5,False,Cancelled,5
1265,2021-07-25,61301,Rohan Singh,43,Male,West,Pune,Furniture,Bed Frame,3,6493.94,0.18,18197.59,5074.92,35.8,Net Banking,4,False,Shipped,8
2754,2023-04-06,60353,Aarav Kumar,52,Female,East,Patna,Sports,Cycle,5,12633.19,0.18,75906.0,19171.82,62.92,Cash On Delivery,2,True,Returned,8
2566,2023-01-17,73248,Sunita Nair,18,Other,North,Amritsar,Clothing,Kurta,5,3294.49,0.36,11296.68,4457.73,69.79,Cash On Delivery,3,False,Delivered,3
3930,2024-08-23,89734,Aditya Kapoor,15,Female,Central,Nagpur,Electronics,Smartwatch,10,30417.77,0.12,407424.79,59491.68,54.0,Debit Card,3,False,Shipped,6
1077,2021-05-02,86865,Amit Pillai,29,Female,West,Mumbai,Groceries,Rice (5Kg),2,413.27,0.22,843.51,59.92,45.09,Upi,1,False,Delivered,8
2888,2023-06-04,23652,Kavya Mehta,39,Male,West,Mumbai,Sports,Football,9,3434.17,0.08,46040.29,10782.3,55.14,Upi,2,False,Delivered,5
3271,2023-11-14,54392,Aarav Mishra,31,Male,Central,Raipur,Groceries,Dal (1Kg),6,470.13,0.34,1607.31,145.53,73.23,Debit Card,4,False,Delivered,2
1228,2021-07-07,18110,Karan Rao,31,Female,East,Patna,Books,Self-Help Book,3,453.81,0.14,1633.5,658.01,88.97,Cash On Delivery,2,False,Delivered,6
1152,2021-06-01,51781,Karan Verma,50,Female,West,Ahmedabad,Books,Fiction Novel,10,736.78,0.05,8312.64,3354.33,65.76,Credit Card,3,False,Delivered,9
3728,2024-06-13,36060,Aditya Bose,48,Female,South,Bangalore,Beauty,Face Cream,3,1059.55,0.29,3720.84,1778.64,88.2,Credit Card,4,False,Shipped,6
4031,2024-10-16,16901,Aarav Singh,36,Other,Central,Raipur,Sports,Cycle,4,10043.46,0.01,42595.96,8765.23,45.62,Emi,4,False,Cancelled,2
3935,2024-08-25,84410,Ananya Pillai,37,Female,South,Kochi,Beauty,Sunscreen,3,1547.78,0.27,4796.68,2149.21,79.74,Debit Card,4,False,Delivered,6
418,2020-07-04,85780,Rahul Pillai,28,Female,North,Ludhiana,Groceries,Flour,5,88.16,0.25,81.73,8.41,26.09,Cash On Delivery,1,False,Delivered,7
1243,2021-07-14,88419,Amit Pillai,39,Female,North,Delhi,Sports,Cycle,9,8547.46,0.01,109622.85,14504.29,50.6,Net Banking,3,False,Delivered,1
1867,2022-04-03,11136,Meera Gupta,39,Other,East,Kolkata,Sports,Cricket Bat,4,1061.59,0.01,5761.67,990.61,66.63,Credit Card,1,False,Delivered,7
3167,2023-10-03,14358,Arjun Singh,45,Female,South,Bangalore,Groceries,Cooking Oil,2,487.25,0.31,715.47,59.76,64.43,Debit Card,1,False,Delivered,6
3664,2024-05-13,92119,Amit Singh,39,Male,South,Kochi,Groceries,Cooking Oil,9,188.1,0.08,2301.06,192.79,67.95,Emi,2,True,Returned,9
3716,2024-06-08,52321,Rohan Pillai,21,Other,South,Hyderabad,Beauty,Sunscreen,5,1069.36,0.29,1279.93,639.85,62.49,Emi,2,False,Delivered,8
1279,2021-07-31,14981,Nikhil Pillai,40,Other,West,Surat,Sports,Cricket Bat,5,1698.17,0.21,1998.56,334.69,57.32,Emi,1,False,Delivered,7
2638,2023-02-16,24560,Ritu Pillai,34,Male,West,Mumbai,Furniture,Bookshelf,4,17789.72,0.07,69297.43,19802.24,80.3,Emi,3,False,Delivered,5
3111,2023-09-05,9406,Meera Nair,66,Other,South,Hyderabad,Sports,Cricket Bat,2,548.2,0.12,1180.05,281.25,57.13,Net Banking,3,False,Delivered,9
621,2020-10-05,5543,Vikram Bose,32,Female,West,Ahmedabad,Electronics,Camera,6,25397.18,0.27,82799.59,14030.93,71.52,Credit Card,4,False,Delivered,3
2552,2023-01-12,30853,Ritu Singh,40,Female,North,Delhi,Beauty,Lipstick,10,544.06,0.02,4863.92,2369.17,69.04,Cash On Delivery,3,False,Shipped,6
2971,2023-07-09,11958,Rahul Bose,41,Female,East,Guwahati,Clothing,Saree,2,1764.31,0.05,4950.24,1681.63,91.22,Emi,5,False,Delivered,7
2208,2022-08-21,55072,Rohan Pillai,35,Other,West,Surat,Electronics,Laptop,7,5978.14,0.38,31403.12,3202.9,68.28,Emi,2,False,Cancelled,9
3467,2024-02-13,83168,Nisha Kapoor,30,Female,North,Chandigarh,Furniture,Wardrobe,1,34040.99,0.35,24095.35,6731.99,44.0,Emi,2,False,Cancelled,7
538,2020-08-25,99927,Nikhil Kapoor,41,Female,Central,Raipur,Groceries,Flour,5,195.75,0.23,857.03,70.85,48.01,Cash On Delivery,1,True,Returned,7
3768,2024-06-28,5494,Rahul Kumar,42,Female,West,Pune,Clothing,Saree,9,419.53,0.09,6597.21,2226.42,55.39,Emi,1,False,Delivered,6
2289,2022-09-20,74884,Kavya Mishra,28,Other,East,Bhubaneswar,Electronics,Laptop,5,76773.58,0.12,367938.22,45756.9,84.18,Upi,2,False,Delivered,5
14,2020-01-05,18131,Karan Sharma,52,Male,West,Surat,Clothing,Dress,3,471.05,0.16,815.57,414.35,64.24,Cash On Delivery,2,False,Delivered,6
1682,2022-01-20,60153,Meera Verma,3,Male,North,Chandigarh,Beauty,Sunscreen,3,790.57,0.33,1419.61,752.09,45.71,Upi,1,False,Delivered,2
741,2020-12-03,7400,Arjun Pillai,39,Male,South,Chennai,Electronics,Smartwatch,5,17354.95,0.32,42550.65,5443.79,87.73,Upi,3,False,Delivered,4
2977,2023-07-13,30941,Amit Rao,36,Male,South,Kochi,Clothing,Dress,3,3416.07,0.14,15099.86,6787.12,56.49,Cash On Delivery,4,False,Shipped,8
3387,2024-01-04,28149,Sunita Kapoor,30,Female,West,Surat,Furniture,Bookshelf,6,20348.09,0.27,89448.76,23773.69,74.42,Emi,2,False,Cancelled,1
1386,2021-09-18,40254,Shreya Mehta,26,Male,East,Bhubaneswar,Beauty,Sunscreen,9,1633.93,0.26,13364.21,6165.22,62.78,Upi,4,False,Delivered,2
2844,2023-05-24,72283,Aarav Reddy,48,Male,West,Mumbai,Furniture,Chair,2,16498.44,0.32,35854.5,11294.07,57.11,Credit Card,4,False,Delivered,5
2404,2022-11-05,20182,Kavya Joshi,33,Male,West,Surat,Electronics,Laptop,4,6142.5,0.28,15055.56,2596.19,76.47,Emi,5,False,Delivered,4
335,2020-05-25,11141,Aarav Chatterjee,45,Female,West,Pune,Clothing,Dress,2,2283.88,0.38,3053.06,1108.5,35.32,Debit Card,4,True,Returned,5
2737,2023-03-30,77328,Meera Pillai,34,Other,East,Bhubaneswar,Clothing,Dress,4,1407.93,0.05,6398.88,2389.35,107.41,Debit Card,5,False,Delivered,2
3496,2024-02-29,72195,Rohan Kapoor,26,Female,West,Ahmedabad,Clothing,Dress,3,1849.16,0.24,4817.35,2118.33,38.42,Net Banking,2,False,Delivered,4
2990,2023-07-18,58369,Aditya Kumar,25,Other,East,Patna,Beauty,Perfume,2,524.06,0.35,992.13,703.91,91.44,Cash On Delivery,5,False,Delivered,3
3398,2024-01-12,65122,Rahul Mehta,27,Other,West,Mumbai,Groceries,Tea,8,381.64,0.15,2926.92,195.11,61.1,Net Banking,1,False,Shipped,1
3050,2023-08-12,75754,Karan Das,48,Other,North,Chandigarh,Furniture,Sofa,5,2325.92,0.02,17516.82,4426.97,68.39,Cash On Delivery,1,False,Delivered,5
2236,2022-09-01,58809,Rohan Iyer,34,Female,South,Chennai,Beauty,Shampoo,9,1011.72,0.19,8905.76,2925.83,96.59,Net Banking,1,False,Delivered,4
942,2021-03-02,93436,Rohan Bose,26,Other,West,Pune,Beauty,Sunscreen,10,1967.69,0.12,19952.42,8446.34,29.78,Credit Card,4,False,Shipped,4
2948,2023-07-01,47347,Deepa Mishra,36,Male,North,Chandigarh,Beauty,Hair Oil,9,384.12,0.06,5112.14,2559.12,26.49,Upi,3,False,Delivered,8
1185,2021-06-16,20075,Deepa Bhat,48,Other,West,Ahmedabad,Sports,Tennis Racket,7,13866.5,0.4,89463.92,27530.1,63.5,Emi,2,True,Returned,9
2278,2022-09-16,26869,Aarav Mehta,28,Female,East,Bhubaneswar,Sports,Cycle,5,10621.22,0.03,58513.74,13918.5,72.95,Credit Card,4,False,Pending,3
3932,2024-08-25,12409,Sunita Iyer,45,Female,Central,Raipur,Furniture,Bookshelf,7,26483.31,0.19,218498.09,59352.07,51.56,Debit Card,2,False,Delivered,8
1852,2022-03-30,44543,Shreya Nair,21,Female,Central,Nagpur,Beauty,Shampoo,1,2086.47,0.4,1378.93,777.51,51.0,Emi,5,False,Shipped,6
4138,2024-12-04,97139,Rohan Bhat,25,Male,Central,Nagpur,Books,Cook Book,1,395.88,0.05,323.03,152.9,52.45,Cash On Delivery,3,False,Delivered,5
2797,2023-04-28,19934,Vikram Shah,37,Female,West,Surat,Groceries,Dal (1Kg),7,345.21,0.31,2467.58,210.23,60.08,Emi,4,False,Delivered,10
1887,2022-04-13,32630,Vikram Shah,27,Male,Central,Raipur,Sports,Tennis Racket,8,10307.31,0.04,110726.11,34280.73,65.12,Upi,4,False,Delivered,8
3660,2024-05-09,42839,Ananya Pillai,24,Other,West,Pune,Furniture,Bookshelf,6,28581.8,0.38,181310.38,46448.05,45.42,Cash On Delivery,3,False,Delivered,9
3616,2024-04-22,58545,Pooja Das,33,Other,East,Kolkata,Furniture,Desk,9,14817.04,0.0,202150.56,62640.08,83.25,Upi,2,False,Delivered,2
2398,2022-11-03,32655,Shreya Gupta,23,Male,East,Kolkata,Clothing,Dress,1,978.49,0.12,736.31,317.25,92.46,Emi,2,False,Delivered,2
2094,2022-07-10,96963,Pooja Singh,28,Female,East,Kolkata,Sports,Football,8,3340.32,0.25,28705.04,6012.3,87.45,Net Banking,3,False,Shipped,5
2157,2022-08-04,68003,Rahul Iyer,31,Other,Central,Indore,Beauty,Sunscreen,10,1462.52,0.36,14294.75,8359.96,63.11,Credit Card,3,False,Cancelled,4
3690,2024-05-22,65586,Aditya Rao,42,Other,Central,Bhopal,Electronics,Camera,1,44361.97,0.28,54397.95,6985.15,30.74,Credit Card,4,False,Delivered,2
30,2020-01-11,5185,Sanjay Rao,35,Other,East,Kolkata,Books,Fiction Novel,2,1132.17,0.12,1451.01,458.01,90.46,Upi,5,False,Cancelled,6
2670,2023-02-28,97284,Priya Bose,39,Female,North,Ludhiana,Sports,Cricket Bat,3,12089.59,0.15,27702.22,5345.08,42.62,Upi,5,False,Shipped,5
3492,2024-02-26,31030,Vikram Rao,40,Female,East,Guwahati,Beauty,Hair Oil,1,2292.18,0.21,2545.3,1471.5,115.4,Cash On Delivery,5,False,Delivered,7
4157,2024-12-10,48612,Nisha Bose,56,Male,South,Hyderabad,Furniture,Bookshelf,6,10501.71,0.38,35801.2,13056.43,75.18,Credit Card,1,False,Cancelled,6
1108,2021-05-14,42651,Amit Pillai,25,Female,West,Ahmedabad,Furniture,Chair,1,5140.19,0.1,6859.73,1640.29,59.15,Emi,3,False,Delivered,4
491,2020-08-04,1461,Priya Kumar,28,Male,East,Patna,Sports,Dumbbells,10,9368.59,0.14,92987.57,23130.27,86.8,Net Banking,3,False,Delivered,2
316,2020-05-18,46191,Nisha Shah,19,Other,Central,Bhopal,Books,Comic Book,5,231.93,0.18,194.19,47.57,54.75,Emi,1,False,Delivered,6
1475,2021-10-25,99554,Pooja Singh,34,Male,South,Bangalore,Groceries,Sugar,2,94.21,0.04,161.58,12.72,51.52,Debit Card,3,False,Delivered,7
382,2020-06-12,28553,Nikhil Rao,25,Male,North,Chandigarh,Books,Textbook,9,1096.64,0.38,7522.38,2771.77,69.74,Debit Card,4,False,Cancelled,8
3812,2024-07-16,84668,Aditya Kumar,15,Other,West,Mumbai,Beauty,Shampoo,5,162.51,0.02,1292.81,494.7,66.88,Emi,3,False,Delivered,8
3596,2024-04-12,47686,Ritu Das,49,Male,East,Kolkata,Electronics,Smartphone,9,64870.17,0.04,931056.13,126890.46,83.98,Cash On Delivery,4,False,Pending,8
446,2020-07-16,1334,Nikhil Rao,22,Other,South,Chennai,Furniture,Desk,3,7359.98,0.26,18237.3,4022.85,82.84,Credit Card,1,False,Delivered,8
2828,2023-05-15,68781,Rahul Pillai,27,Male,South,Bangalore,Beauty,Face Cream,7,1149.53,0.19,11894.14,7264.17,62.38,Cash On Delivery,4,False,Pending,2
4073,2024-10-30,43498,Aarav Iyer,34,Female,Central,Nagpur,Beauty,Hair Oil,1,240.18,0.12,217.16,104.3,65.14,Credit Card,3,False,Delivered,7
627,2020-10-08,31310,Rahul Mehta,44,Other,Central,Indore,Books,Fiction Novel,10,571.76,0.34,2924.85,1315.18,66.48,Credit Card,3,False,Pending,4
1113,2021-05-17,1886,Deepa Bose,38,Male,South,Chennai,Sports,Tennis Racket,6,13738.11,0.34,71562.45,13685.23,96.34,Upi,4,True,Returned,4
1485,2021-10-28,30209,Sanjay Iyer,48,Female,East,Patna,Clothing,Dress,5,3082.63,0.21,11512.76,2611.62,79.57,Emi,4,False,Pending,7
2978,2023-07-14,72850,Nikhil Kapoor,28,Male,North,Delhi,Sports,Football,4,10069.78,0.33,43500.13,6733.75,81.56,Upi,2,False,Delivered,9
3196,2023-10-14,46008,Sunita Shah,27,Other,West,Surat,Furniture,Sofa,6,28759.21,0.28,142656.4,33781.29,54.72,Debit Card,1,False,Cancelled,5
3806,2024-07-12,73502,Meera Gupta,34,Male,West,Mumbai,Clothing,Kurta,9,1781.89,0.21,20730.43,4832.0,54.08,Emi,2,True,Returned,5
12,2020-01-04,61608,Karan Singh,21,Male,West,Ahmedabad,Electronics,Laptop,9,29868.65,0.32,117822.65,12480.5,51.76,Upi,1,False,Delivered,9
1453,2021-10-20,65544,Aditya Verma,11,Other,West,Ahmedabad,Clothing,Dress,10,1794.59,0.29,11310.93,5145.36,72.92,Credit Card,5,False,Delivered,6
1974,2022-05-22,96684,Rahul Pillai,25,Female,South,Bangalore,Books,Self-Help Book,1,429.32,0.37,331.72,193.26,89.48,Net Banking,3,False,Cancelled,9
1789,2022-03-04,43962,Rohan Mishra,49,Male,Central,Indore,Clothing,Kurta,1,2434.6,0.04,2589.54,635.65,29.56,Emi,3,False,Delivered,1
2401,2022-11-04,64655,Karan Chatterjee,21,Male,North,Chandigarh,Clothing,Kurta,9,3802.99,0.17,24949.89,9516.59,50.21,Credit Card,1,False,Shipped,4
2701,2023-03-16,61925,Rohan Rao,37,Other,West,Pune,Beauty,Hair Oil,3,2346.26,0.36,6011.01,2771.99,60.72,Credit Card,1,False,Delivered,6
774,2020-12-16,3427,Vikram Kapoor,32,Other,West,Ahmedabad,Sports,Football,9,12132.54,0.37,48966.18,9632.31,31.17,Credit Card,4,False,Shipped,5
791,2020-12-27,50607,Shreya Pillai,33,Male,Central,Indore,Furniture,Bed Frame,10,20725.97,0.06,123725.25,32970.37,54.51,Debit Card,5,False,Cancelled,5
2916,2023-06-14,68649,Rahul Patel,20,Other,South,Chennai,Groceries,Dal (1Kg),8,246.15,0.21,2555.54,179.49,95.73,Net Banking,1,False,Delivered,2
3350,2023-12-20,53832,Rahul Mehta,14,Female,North,Ludhiana,Clothing,Jeans,5,645.04,0.13,2174.45,643.44,51.85,Credit Card,5,False,Delivered,8
2122,2022-07-22,58669,Ananya Rao,54,Other,East,Bhubaneswar,Beauty,Perfume,9,1933.74,0.4,14508.76,4077.16,88.26,Debit Card,4,False,Delivered,6
1554,2021-11-28,42573,Amit Verma,32,Male,North,Ludhiana,Groceries,Flour,3,60.31,0.18,108.58,6.36,35.05,Credit Card,2,False,Delivered,2
3135,2023-09-16,31542,Meera Kumar,43,Other,North,Ludhiana,Books,Textbook,10,344.89,0.21,2919.85,480.69,36.51,Cash On Delivery,4,False,Delivered,1
2879,2023-06-02,55177,Ananya Reddy,27,Other,East,Kolkata,Groceries,Sugar,6,386.8,0.21,3078.58,318.39,79.26,Emi,1,False,Shipped,5
1820,2022-03-15,54684,Rohan Shah,25,Female,East,Guwahati,Furniture,Chair,9,28064.62,0.13,212852.52,53977.66,65.04,Cash On Delivery,3,False,Delivered,5
2811,2023-05-04,6279,Amit Joshi,35,Female,North,Ludhiana,Beauty,Lipstick,10,239.33,0.23,2481.93,780.04,61.7,Net Banking,4,False,Delivered,10
592,2020-09-21,72170,Arjun Iyer,34,Male,North,Amritsar,Groceries,Sugar,9,302.37,0.03,3176.16,269.45,33.59,Emi,4,False,Shipped,6
1045,2021-04-19,27554,Nikhil Reddy,27,Female,East,Bhubaneswar,Books,Textbook,8,1199.34,0.14,11154.85,6783.73,76.89,Debit Card,2,True,Returned,7
4041,2024-10-19,75620,Aarav Pillai,39,Female,East,Kolkata,Groceries,Dal (1Kg),6,287.91,0.05,2083.21,185.74,79.81,Net Banking,3,True,Returned,3
245,2020-04-17,17070,Aditya Kapoor,30,Female,Central,Raipur,Groceries,Flour,4,368.44,0.05,1419.14,133.75,54.97,Credit Card,2,False,Delivered,2
1388,2021-09-19,1168,Aarav Verma,30,Male,West,Surat,Furniture,Desk,7,9634.53,0.06,66658.37,21356.74,42.02,Debit Card,3,False,Shipped,3
2023,2022-06-10,72866,Vikram Mishra,41,Male,North,Amritsar,Sports,Tennis Racket,4,11418.62,0.21,52022.28,11855.66,52.64,Cash On Delivery,2,False,Delivered,1
60,2020-01-22,6516,Pooja Das,41,Female,South,Bangalore,Sports,Cricket Bat,3,14511.24,0.21,36886.86,8351.78,63.58,Emi,3,False,Delivered,3
177,2020-03-18,74936,Aditya Sharma,49,Female,West,Mumbai,Clothing,Jacket,9,2298.37,0.21,20461.06,7107.09,64.34,Debit Card,3,False,Delivered,2
450,2020-07-17,20483,Kavya Iyer,29,Other,South,Chennai,Furniture,Wardrobe,10,9945.43,0.24,94093.98,30233.13,76.34,Credit Card,3,False,Delivered,10
4082,2024-11-05,72244,Aditya Patel,19,Female,East,Guwahati,Groceries,Cooking Oil,10,400.5,0.32,2696.95,174.53,55.61,Emi,4,False,Delivered,9
56,2020-01-21,85136,Sanjay Sharma,45,Female,West,Pune,Sports,Football,6,1871.46,0.22,6895.34,1811.03,62.59,Emi,3,True,Returned,9
3458,2024-02-08,9746,Karan Pillai,25,Male,South,Chennai,Clothing,Kurta,7,3147.97,0.13,22125.94,10153.44,38.76,Emi,2,False,Cancelled,2
1769,2022-02-22,64190,Karan Reddy,39,Male,East,Guwahati,Beauty,Face Cream,7,422.45,0.02,2726.49,759.36,39.41,Credit Card,3,False,Delivered,5
1738,2022-02-11,50460,Amit Mehta,40,Female,East,Bhubaneswar,Books,Biography,5,1456.57,0.27,4835.66,2312.44,71.9,Cash On Delivery,1,False,Cancelled,4
3241,2023-11-01,36164,Nikhil Rao,23,Other,North,Delhi,Furniture,Desk,10,28349.81,0.14,211857.48,59966.21,53.88,Debit Card,2,False,Delivered,2
